province,capital,lat,lon,season,date,hour,sun_alt_deg,sun_az_deg,dni_wm2,dhi_wm2,ghi_wm2,opt_tilt_deg,opt_az_deg,rig_rotZ_deg,rig_rotX_deg,aoi_deg,poa_tracked_wm2,poa_fixed_wm2,poa_horizontal_wm2,building_pv_kw,load_kw,battery_flow_kw,battery_soc_kwh,grid_import_kw,mode
Tehran,Tehran,35.6892,51.389,Spring,5 May,0,-38.0,178.65,0.0,0.0,0.0,0.0,180.0,0.0,0.0,0.0,0.0,0.0,0.0,0.0,1.8,-1.8,18.91,0.0,night_discharging
Tehran,Tehran,35.6892,51.389,Spring,5 May,1,-36.37,163.37,0.0,0.0,0.0,0.0,180.0,0.0,0.0,0.0,0.0,0.0,0.0,0.0,1.8,-1.8,17.02,0.0,night_discharging
Tehran,Tehran,35.6892,51.389,Spring,5 May,2,-31.25,147.15,0.0,0.0,0.0,0.0,180.0,0.0,0.0,0.0,0.0,0.0,0.0,0.0,1.8,-1.8,15.13,0.0,night_discharging
Tehran,Tehran,35.6892,51.389,Spring,5 May,3,-23.46,133.5,0.0,0.0,0.0,0.0,180.0,0.0,0.0,0.0,0.0,0.0,0.0,0.0,1.8,-1.8,13.24,0.0,night_discharging
Tehran,Tehran,35.6892,51.389,Spring,5 May,4,-13.83,122.19,0.0,0.0,0.0,0.0,180.0,0.0,0.0,0.0,0.0,0.0,0.0,0.0,1.8,-1.8,11.35,0.0,night_discharging
Tehran,Tehran,35.6892,51.389,Spring,5 May,5,-3.01,112.57,0.0,0.0,0.0,0.0,180.0,0.0,0.0,0.0,0.0,0.0,0.0,0.0,1.44,-1.44,9.83,0.0,night_discharging
Tehran,Tehran,35.6892,51.389,Spring,5 May,6,8.55,103.97,334.6,31.0,80.7,81.45,103.97,76.03,81.45,0.0,352.4,114.2,80.7,1.55,1.44,0.11,9.93,0.0,day_charging
Tehran,Tehran,35.6892,51.389,Spring,5 May,7,20.54,95.73,597.6,50.2,259.8,69.46,95.73,84.27,69.46,0.0,631.5,251.0,259.8,2.78,1.25,1.53,11.38,0.0,day_charging
Tehran,Tehran,35.6892,51.389,Spring,5 May,8,32.71,87.1,699.6,70.4,448.4,57.29,87.1,92.9,57.29,0.0,753.8,361.1,448.4,3.32,1.25,2.07,13.35,0.0,day_charging
Tehran,Tehran,35.6892,51.389,Spring,5 May,9,44.76,76.96,749.1,88.3,615.8,45.24,76.96,103.04,45.24,0.0,824.4,451.0,615.8,3.63,1.25,2.38,15.61,0.0,day_charging
Tehran,Tehran,35.6892,51.389,Spring,5 May,10,56.22,63.11,775.5,102.3,746.9,33.78,63.11,116.89,33.78,0.0,869.2,518.9,746.9,3.82,1.25,2.57,18.05,0.0,day_charging
Tehran,Tehran,35.6892,51.389,Spring,5 May,11,65.88,40.67,788.9,111.4,831.4,24.12,40.67,139.33,24.12,0.0,895.5,562.0,831.4,3.94,1.25,2.69,20.61,0.0,day_charging
Tehran,Tehran,35.6892,51.389,Spring,5 May,12,70.59,3.21,793.4,114.8,863.1,19.41,3.21,176.79,19.41,0.0,904.9,578.1,863.1,3.98,1.25,2.73,23.2,0.0,day_charging
Tehran,Tehran,35.6892,51.389,Spring,5 May,13,67.0,323.87,790.1,112.3,839.5,23.0,323.87,-143.87,23.0,0.0,897.9,566.2,839.5,3.95,1.25,2.7,25.77,0.0,day_charging
Tehran,Tehran,35.6892,51.389,Spring,5 May,14,57.81,299.5,778.2,104.0,762.6,32.19,299.5,-119.5,32.19,0.0,874.2,527.0,762.6,3.85,1.25,2.6,28.24,0.0,day_charging
Tehran,Tehran,35.6892,51.389,Spring,5 May,15,46.51,284.78,754.1,90.7,637.8,43.49,284.78,-104.78,43.49,0.0,832.4,462.5,637.8,3.66,1.25,2.41,30.53,0.0,day_charging
Tehran,Tehran,35.6892,51.389,Spring,5 May,16,34.51,274.27,709.1,73.2,475.0,55.49,274.27,-94.27,55.49,0.0,766.5,375.7,475.0,3.37,1.25,1.47,31.93,0.0,day_charging
Tehran,Tehran,35.6892,51.389,Spring,5 May,17,22.34,265.5,618.5,53.2,288.3,67.66,265.5,-85.5,67.66,0.0,655.2,268.6,288.3,2.88,1.25,0.07,32.0,0.0,day_charging
Tehran,Tehran,35.6892,51.389,Spring,5 May,18,10.3,257.25,394.1,33.5,103.9,79.7,257.25,-77.25,79.7,0.0,413.8,136.9,103.9,1.82,1.44,0.0,32.0,0.0,day_idle
Tehran,Tehran,35.6892,51.389,Spring,5 May,19,-1.34,248.75,0.0,0.0,0.0,0.0,180.0,0.0,0.0,0.0,0.0,0.0,0.0,0.0,1.44,-1.44,30.48,0.0,night_discharging
Tehran,Tehran,35.6892,51.389,Spring,5 May,20,-12.29,239.33,0.0,0.0,0.0,0.0,180.0,0.0,0.0,0.0,0.0,0.0,0.0,0.0,1.8,-1.8,28.59,0.0,night_discharging
Tehran,Tehran,35.6892,51.389,Spring,5 May,21,-22.13,228.31,0.0,0.0,0.0,0.0,180.0,0.0,0.0,0.0,0.0,0.0,0.0,0.0,1.8,-1.8,26.7,0.0,night_discharging
Tehran,Tehran,35.6892,51.389,Spring,5 May,22,-30.24,215.03,0.0,0.0,0.0,0.0,180.0,0.0,0.0,0.0,0.0,0.0,0.0,0.0,1.8,-1.8,24.81,0.0,night_discharging
Tehran,Tehran,35.6892,51.389,Spring,5 May,23,-35.82,199.18,0.0,0.0,0.0,0.0,180.0,0.0,0.0,0.0,0.0,0.0,0.0,0.0,1.8,-1.8,22.92,0.0,night_discharging
Tehran,Tehran,35.6892,51.389,Summer,6 Aug,0,-37.7,178.65,0.0,0.0,0.0,0.0,180.0,0.0,0.0,0.0,0.0,0.0,0.0,0.0,1.8,-1.8,18.91,0.0,night_discharging
Tehran,Tehran,35.6892,51.389,Summer,6 Aug,1,-36.08,163.46,0.0,0.0,0.0,0.0,180.0,0.0,0.0,0.0,0.0,0.0,0.0,0.0,1.8,-1.8,17.02,0.0,night_discharging
Tehran,Tehran,35.6892,51.389,Summer,6 Aug,2,-30.99,147.31,0.0,0.0,0.0,0.0,180.0,0.0,0.0,0.0,0.0,0.0,0.0,0.0,1.8,-1.8,15.13,0.0,night_discharging
Tehran,Tehran,35.6892,51.389,Summer,6 Aug,3,-23.22,133.7,0.0,0.0,0.0,0.0,180.0,0.0,0.0,0.0,0.0,0.0,0.0,0.0,1.8,-1.8,13.24,0.0,night_discharging
Tehran,Tehran,35.6892,51.389,Summer,6 Aug,4,-13.62,122.41,0.0,0.0,0.0,0.0,180.0,0.0,0.0,0.0,0.0,0.0,0.0,0.0,1.8,-1.8,11.35,0.0,night_discharging
Tehran,Tehran,35.6892,51.389,Summer,6 Aug,5,-2.83,112.81,0.0,0.0,0.0,0.0,180.0,0.0,0.0,0.0,0.0,0.0,0.0,0.0,1.44,-1.44,9.83,0.0,night_discharging
Tehran,Tehran,35.6892,51.389,Summer,6 Aug,6,8.72,104.22,340.9,31.2,82.9,81.28,104.22,75.78,81.28,0.0,358.8,117.7,82.9,1.58,1.44,0.14,9.96,0.0,day_charging
Tehran,Tehran,35.6892,51.389,Summer,6 Aug,7,20.7,96.0,599.6,50.4,262.4,69.3,96.0,84.0,69.3,0.0,633.7,254.6,262.4,2.79,1.25,1.54,11.42,0.0,day_charging
Tehran,Tehran,35.6892,51.389,Summer,6 Aug,8,32.87,87.4,700.5,70.6,450.8,57.13,87.4,92.6,57.13,0.0,754.9,364.8,450.8,3.32,1.25,2.07,13.39,0.0,day_charging
Tehran,Tehran,35.6892,51.389,Summer,6 Aug,9,44.93,77.31,749.6,88.5,618.0,45.07,77.31,102.69,45.07,0.0,825.2,454.7,618.0,3.63,1.25,2.38,15.65,0.0,day_charging
Tehran,Tehran,35.6892,51.389,Summer,6 Aug,10,56.41,63.52,775.8,102.6,748.9,33.59,63.52,116.48,33.59,0.0,869.8,522.6,748.9,3.83,1.25,2.58,18.1,0.0,day_charging
Tehran,Tehran,35.6892,51.389,Summer,6 Aug,11,66.13,41.08,789.2,111.6,833.3,23.87,41.08,138.92,23.87,0.0,896.0,565.7,833.3,3.94,1.25,2.69,20.66,0.0,day_charging
Tehran,Tehran,35.6892,51.389,Summer,6 Aug,12,70.89,3.25,793.6,115.0,864.9,19.11,3.25,176.75,19.11,0.0,905.4,581.7,864.9,3.98,1.25,2.73,23.25,0.0,day_charging
Tehran,Tehran,35.6892,51.389,Summer,6 Aug,13,67.26,323.48,790.4,112.5,841.4,22.74,323.48,-143.48,22.74,0.0,898.4,569.8,841.4,3.95,1.25,2.7,25.82,0.0,day_charging
Tehran,Tehran,35.6892,51.389,Summer,6 Aug,14,58.01,299.08,778.5,104.2,764.5,31.99,299.08,-119.08,31.99,0.0,874.8,530.6,764.5,3.85,1.25,2.6,28.29,0.0,day_charging
Tehran,Tehran,35.6892,51.389,Summer,6 Aug,15,46.69,284.42,754.6,90.9,640.0,43.31,284.42,-104.42,43.31,0.0,833.1,466.2,640.0,3.67,1.25,2.42,30.59,0.0,day_charging
Tehran,Tehran,35.6892,51.389,Summer,6 Aug,16,34.67,273.96,709.9,73.5,477.3,55.33,273.96,-93.96,55.33,0.0,767.6,379.4,477.3,3.38,1.25,1.41,31.93,0.0,day_charging
Tehran,Tehran,35.6892,51.389,Summer,6 Aug,17,22.5,265.23,620.2,53.5,290.8,67.5,265.23,-85.23,67.5,0.0,657.2,272.3,290.8,2.89,1.25,0.07,32.0,0.0,day_charging
Tehran,Tehran,35.6892,51.389,Summer,6 Aug,18,10.47,257.0,399.3,33.7,106.3,79.53,257.0,-77.0,79.53,0.0,419.2,140.4,106.3,1.84,1.44,0.0,32.0,0.0,day_idle
Tehran,Tehran,35.6892,51.389,Summer,6 Aug,19,-1.16,248.51,0.0,0.0,0.0,0.0,180.0,0.0,0.0,0.0,0.0,0.0,0.0,0.0,1.44,-1.44,30.48,0.0,night_discharging
Tehran,Tehran,35.6892,51.389,Summer,6 Aug,20,-12.08,239.1,0.0,0.0,0.0,0.0,180.0,0.0,0.0,0.0,0.0,0.0,0.0,0.0,1.8,-1.8,28.59,0.0,night_discharging
Tehran,Tehran,35.6892,51.389,Summer,6 Aug,21,-21.9,228.1,0.0,0.0,0.0,0.0,180.0,0.0,0.0,0.0,0.0,0.0,0.0,0.0,1.8,-1.8,26.7,0.0,night_discharging
Tehran,Tehran,35.6892,51.389,Summer,6 Aug,22,-29.98,214.87,0.0,0.0,0.0,0.0,180.0,0.0,0.0,0.0,0.0,0.0,0.0,0.0,1.8,-1.8,24.81,0.0,night_discharging
Tehran,Tehran,35.6892,51.389,Summer,6 Aug,23,-35.53,199.07,0.0,0.0,0.0,0.0,180.0,0.0,0.0,0.0,0.0,0.0,0.0,0.0,1.8,-1.8,22.92,0.0,night_discharging
Tehran,Tehran,35.6892,51.389,Autumn,6 Nov,0,-70.29,176.83,0.0,0.0,0.0,0.0,180.0,0.0,0.0,0.0,0.0,0.0,0.0,0.0,1.8,-1.8,18.91,0.0,night_discharging
Tehran,Tehran,35.6892,51.389,Autumn,6 Nov,1,-66.74,144.25,0.0,0.0,0.0,0.0,180.0,0.0,0.0,0.0,0.0,0.0,0.0,0.0,1.8,-1.8,17.02,0.0,night_discharging
Tehran,Tehran,35.6892,51.389,Autumn,6 Nov,2,-57.61,119.91,0.0,0.0,0.0,0.0,180.0,0.0,0.0,0.0,0.0,0.0,0.0,0.0,1.8,-1.8,15.13,0.0,night_discharging
Tehran,Tehran,35.6892,51.389,Autumn,6 Nov,3,-46.34,105.14,0.0,0.0,0.0,0.0,180.0,0.0,0.0,0.0,0.0,0.0,0.0,0.0,1.8,-1.8,13.24,0.0,night_discharging
Tehran,Tehran,35.6892,51.389,Autumn,6 Nov,4,-34.35,94.58,0.0,0.0,0.0,0.0,180.0,0.0,0.0,0.0,0.0,0.0,0.0,0.0,1.8,-1.8,11.35,0.0,night_discharging
Tehran,Tehran,35.6892,51.389,Autumn,6 Nov,5,-22.18,85.77,0.0,0.0,0.0,0.0,180.0,0.0,0.0,0.0,0.0,0.0,0.0,0.0,1.44,-1.44,9.83,0.0,night_discharging
Tehran,Tehran,35.6892,51.389,Autumn,6 Nov,6,-10.13,77.5,0.0,0.0,0.0,0.0,180.0,0.0,0.0,0.0,0.0,0.0,0.0,0.0,1.44,-1.44,8.31,0.0,night_discharging
Tehran,Tehran,35.6892,51.389,Autumn,6 Nov,7,1.52,68.99,26.6,25.1,25.8,85.0,68.99,111.01,85.0,0.0,39.5,22.9,25.8,0.17,1.25,-1.08,7.17,0.0,day_discharging
Tehran,Tehran,35.6892,51.389,Autumn,6 Nov,8,12.5,59.55,455.2,36.8,135.3,77.5,59.55,120.45,77.5,0.0,477.6,33.7,135.3,2.1,1.25,0.85,7.98,0.0,day_charging
Tehran,Tehran,35.6892,51.389,Autumn,6 Nov,9,22.36,48.51,618.7,53.2,288.6,67.64,48.51,131.49,67.64,0.0,655.5,48.7,288.6,2.88,1.25,1.63,9.53,0.0,day_charging
Tehran,Tehran,35.6892,51.389,Autumn,6 Nov,10,30.51,35.2,686.5,66.8,415.3,59.49,35.2,144.8,59.49,0.0,736.8,79.8,415.3,3.24,1.25,1.99,11.42,0.0,day_charging
Tehran,Tehran,35.6892,51.389,Autumn,6 Nov,11,36.1,19.28,716.8,75.7,498.1,53.9,19.28,160.72,53.9,0.0,777.0,113.7,498.1,3.42,1.25,2.17,13.48,0.0,day_charging
Tehran,Tehran,35.6892,51.389,Autumn,6 Nov,12,38.3,1.36,726.4,79.0,529.3,51.7,1.36,178.64,51.7,0.0,790.4,126.8,529.3,3.48,1.25,2.23,15.6,0.0,day_charging
Tehran,Tehran,35.6892,51.389,Autumn,6 Nov,13,36.66,343.28,719.4,76.5,506.1,53.34,343.28,-163.28,53.34,0.0,780.5,117.1,506.1,3.43,1.25,2.18,17.67,0.0,day_charging
Tehran,Tehran,35.6892,51.389,Autumn,6 Nov,14,31.52,326.99,692.7,68.5,430.6,58.48,326.99,-146.99,58.48,0.0,744.8,85.9,430.6,3.28,1.25,2.03,19.6,0.0,day_charging
Tehran,Tehran,35.6892,51.389,Autumn,6 Nov,15,23.69,313.3,632.5,55.5,309.7,66.31,313.3,-133.3,66.31,0.0,671.4,50.8,309.7,2.95,1.25,1.7,21.21,0.0,day_charging
Tehran,Tehran,35.6892,51.389,Autumn,6 Nov,16,14.04,301.97,490.9,39.3,158.4,75.96,301.97,-121.97,75.96,0.0,515.3,35.9,158.4,2.27,1.25,1.02,22.18,0.0,day_charging
Tehran,Tehran,35.6892,51.389,Autumn,6 Nov,17,3.2,292.34,92.6,25.6,30.8,85.0,292.34,-112.34,85.0,0.0,106.2,23.4,30.8,0.47,1.25,-0.78,21.36,0.0,day_discharging
Tehran,Tehran,35.6892,51.389,Autumn,6 Nov,18,-8.38,283.73,0.0,0.0,0.0,0.0,180.0,0.0,0.0,0.0,0.0,0.0,0.0,0.0,1.44,-1.44,19.84,0.0,night_discharging
Tehran,Tehran,35.6892,51.389,Autumn,6 Nov,19,-20.38,275.46,0.0,0.0,0.0,0.0,180.0,0.0,0.0,0.0,0.0,0.0,0.0,0.0,1.44,-1.44,18.32,0.0,night_discharging
Tehran,Tehran,35.6892,51.389,Autumn,6 Nov,20,-32.55,266.8,0.0,0.0,0.0,0.0,180.0,0.0,0.0,0.0,0.0,0.0,0.0,0.0,1.8,-1.8,16.43,0.0,night_discharging
Tehran,Tehran,35.6892,51.389,Autumn,6 Nov,21,-44.59,256.61,0.0,0.0,0.0,0.0,180.0,0.0,0.0,0.0,0.0,0.0,0.0,0.0,1.8,-1.8,14.54,0.0,night_discharging
Tehran,Tehran,35.6892,51.389,Autumn,6 Nov,22,-56.02,242.71,0.0,0.0,0.0,0.0,180.0,0.0,0.0,0.0,0.0,0.0,0.0,0.0,1.8,-1.8,12.65,0.0,night_discharging
Tehran,Tehran,35.6892,51.389,Autumn,6 Nov,23,-65.63,220.27,0.0,0.0,0.0,0.0,180.0,0.0,0.0,0.0,0.0,0.0,0.0,0.0,1.8,-1.8,10.76,0.0,night_discharging
Tehran,Tehran,35.6892,51.389,Winter,4 Feb,0,-70.49,176.8,0.0,0.0,0.0,0.0,180.0,0.0,0.0,0.0,0.0,0.0,0.0,0.0,1.8,-1.8,18.91,0.0,night_discharging
Tehran,Tehran,35.6892,51.389,Winter,4 Feb,1,-66.91,144.0,0.0,0.0,0.0,0.0,180.0,0.0,0.0,0.0,0.0,0.0,0.0,0.0,1.8,-1.8,17.02,0.0,night_discharging
Tehran,Tehran,35.6892,51.389,Winter,4 Feb,2,-57.74,119.63,0.0,0.0,0.0,0.0,180.0,0.0,0.0,0.0,0.0,0.0,0.0,0.0,1.8,-1.8,15.13,0.0,night_discharging
Tehran,Tehran,35.6892,51.389,Winter,4 Feb,3,-46.46,104.9,0.0,0.0,0.0,0.0,180.0,0.0,0.0,0.0,0.0,0.0,0.0,0.0,1.8,-1.8,13.24,0.0,night_discharging
Tehran,Tehran,35.6892,51.389,Winter,4 Feb,4,-34.45,94.37,0.0,0.0,0.0,0.0,180.0,0.0,0.0,0.0,0.0,0.0,0.0,0.0,1.8,-1.8,11.35,0.0,night_discharging
Tehran,Tehran,35.6892,51.389,Winter,4 Feb,5,-22.28,85.59,0.0,0.0,0.0,0.0,180.0,0.0,0.0,0.0,0.0,0.0,0.0,0.0,1.44,-1.44,9.83,0.0,night_discharging
Tehran,Tehran,35.6892,51.389,Winter,4 Feb,6,-10.25,77.34,0.0,0.0,0.0,0.0,180.0,0.0,0.0,0.0,0.0,0.0,0.0,0.0,1.44,-1.44,8.31,0.0,night_discharging
Tehran,Tehran,35.6892,51.389,Winter,4 Feb,7,1.4,68.83,23.2,25.1,25.6,85.0,68.83,111.17,85.0,0.0,36.1,22.9,25.6,0.16,1.25,-1.09,7.17,0.0,day_discharging
Tehran,Tehran,35.6892,51.389,Winter,4 Feb,8,12.36,59.4,451.7,36.6,133.3,77.64,59.4,120.6,77.64,0.0,473.9,33.5,133.3,2.09,1.25,0.84,7.97,0.0,day_charging
Tehran,Tehran,35.6892,51.389,Winter,4 Feb,9,22.21,48.38,617.0,53.0,286.2,67.79,48.38,131.62,67.79,0.0,653.5,48.5,286.2,2.88,1.25,1.63,9.52,0.0,day_charging
Tehran,Tehran,35.6892,51.389,Winter,4 Feb,10,30.33,35.09,685.4,66.5,412.6,59.67,35.09,144.91,59.67,0.0,735.4,77.1,412.6,3.24,1.25,1.99,11.41,0.0,day_charging
Tehran,Tehran,35.6892,51.389,Winter,4 Feb,11,35.91,19.21,716.0,75.4,495.3,54.09,19.21,160.79,54.09,0.0,775.8,110.9,495.3,3.41,1.25,2.16,13.46,0.0,day_charging
Tehran,Tehran,35.6892,51.389,Winter,4 Feb,12,38.1,1.36,725.6,78.7,526.5,51.9,1.36,178.64,51.9,0.0,789.3,124.0,526.5,3.47,1.25,2.22,15.57,0.0,day_charging
Tehran,Tehran,35.6892,51.389,Winter,4 Feb,13,36.47,343.34,718.5,76.2,503.3,53.53,343.34,-163.34,53.53,0.0,779.3,114.2,503.3,3.43,1.25,2.18,17.64,0.0,day_charging
Tehran,Tehran,35.6892,51.389,Winter,4 Feb,14,31.34,327.1,691.6,68.2,427.9,58.66,327.1,-147.1,58.66,0.0,743.4,83.2,427.9,3.27,1.25,2.02,19.56,0.0,day_charging
Tehran,Tehran,35.6892,51.389,Winter,4 Feb,15,23.54,313.44,630.9,55.2,307.2,66.46,313.44,-133.44,66.46,0.0,669.6,50.5,307.2,2.95,1.25,1.7,21.17,0.0,day_charging
Tehran,Tehran,35.6892,51.389,Winter,4 Feb,16,13.9,302.12,487.9,39.1,156.3,76.1,302.12,-122.12,76.1,0.0,512.1,35.7,156.3,2.25,1.25,1.0,22.12,0.0,day_charging
Tehran,Tehran,35.6892,51.389,Winter,4 Feb,17,3.08,292.5,86.8,25.6,30.2,85.0,292.5,-112.5,85.0,0.0,100.3,23.4,30.2,0.44,1.25,-0.81,21.27,0.0,day_discharging
Tehran,Tehran,35.6892,51.389,Winter,4 Feb,18,-8.49,283.89,0.0,0.0,0.0,0.0,180.0,0.0,0.0,0.0,0.0,0.0,0.0,0.0,1.44,-1.44,19.75,0.0,night_discharging
Tehran,Tehran,35.6892,51.389,Winter,4 Feb,19,-20.49,275.64,0.0,0.0,0.0,0.0,180.0,0.0,0.0,0.0,0.0,0.0,0.0,0.0,1.44,-1.44,18.23,0.0,night_discharging
Tehran,Tehran,35.6892,51.389,Winter,4 Feb,20,-32.65,267.0,0.0,0.0,0.0,0.0,180.0,0.0,0.0,0.0,0.0,0.0,0.0,0.0,1.8,-1.8,16.34,0.0,night_discharging
Tehran,Tehran,35.6892,51.389,Winter,4 Feb,21,-44.71,256.84,0.0,0.0,0.0,0.0,180.0,0.0,0.0,0.0,0.0,0.0,0.0,0.0,1.8,-1.8,14.45,0.0,night_discharging
Tehran,Tehran,35.6892,51.389,Winter,4 Feb,22,-56.15,242.98,0.0,0.0,0.0,0.0,180.0,0.0,0.0,0.0,0.0,0.0,0.0,0.0,1.8,-1.8,12.56,0.0,night_discharging
Tehran,Tehran,35.6892,51.389,Winter,4 Feb,23,-65.79,220.53,0.0,0.0,0.0,0.0,180.0,0.0,0.0,0.0,0.0,0.0,0.0,0.0,1.8,-1.8,10.67,0.0,night_discharging
Isfahan,Isfahan,32.6546,51.668,Spring,5 May,0,-41.04,178.94,0.0,0.0,0.0,0.0,180.0,0.0,0.0,0.0,0.0,0.0,0.0,0.0,1.8,-1.8,21.38,0.0,night_discharging
Isfahan,Isfahan,32.6546,51.668,Spring,5 May,1,-39.2,162.35,0.0,0.0,0.0,0.0,180.0,0.0,0.0,0.0,0.0,0.0,0.0,0.0,1.8,-1.8,19.49,0.0,night_discharging
Isfahan,Isfahan,32.6546,51.668,Spring,5 May,2,-33.65,145.81,0.0,0.0,0.0,0.0,180.0,0.0,0.0,0.0,0.0,0.0,0.0,0.0,1.8,-1.8,17.6,0.0,night_discharging
Isfahan,Isfahan,32.6546,51.668,Spring,5 May,3,-25.35,132.27,0.0,0.0,0.0,0.0,180.0,0.0,0.0,0.0,0.0,0.0,0.0,0.0,1.8,-1.8,15.71,0.0,night_discharging
Isfahan,Isfahan,32.6546,51.668,Spring,5 May,4,-15.23,121.33,0.0,0.0,0.0,0.0,180.0,0.0,0.0,0.0,0.0,0.0,0.0,0.0,1.8,-1.8,13.82,0.0,night_discharging
Isfahan,Isfahan,32.6546,51.668,Spring,5 May,5,-3.96,112.24,0.0,0.0,0.0,0.0,180.0,0.0,0.0,0.0,0.0,0.0,0.0,0.0,1.44,-1.44,12.3,0.0,night_discharging
Isfahan,Isfahan,32.6546,51.668,Spring,5 May,6,8.03,104.26,315.0,30.3,74.3,81.97,104.26,75.74,81.97,0.0,332.3,106.0,74.3,1.46,1.44,0.02,12.32,0.0,day_idle
Isfahan,Isfahan,32.6546,51.668,Spring,5 May,7,20.44,96.71,596.3,50.0,258.3,69.56,96.71,83.29,69.56,0.0,630.1,257.4,258.3,2.77,1.25,1.52,13.76,0.0,day_charging
Isfahan,Isfahan,32.6546,51.668,Spring,5 May,8,33.04,88.9,701.4,70.9,453.4,56.96,88.9,91.1,56.96,0.0,756.2,383.9,453.4,3.33,1.25,2.08,15.74,0.0,day_charging
Isfahan,Isfahan,32.6546,51.668,Spring,5 May,9,45.6,79.75,751.6,89.4,626.4,44.4,79.75,100.25,44.4,0.0,828.3,488.5,626.4,3.64,1.25,2.39,18.01,0.0,day_charging
Isfahan,Isfahan,32.6546,51.668,Spring,5 May,10,57.71,67.04,778.0,103.9,761.6,32.29,67.04,112.96,32.29,0.0,873.9,567.8,761.6,3.85,1.25,2.6,20.48,0.0,day_charging
Isfahan,Isfahan,32.6546,51.668,Spring,5 May,11,68.26,44.99,791.3,113.2,848.3,21.74,44.99,135.01,21.74,0.0,900.5,618.1,848.3,3.96,1.25,2.71,23.05,0.0,day_charging
Isfahan,Isfahan,32.6546,51.668,Spring,5 May,12,73.63,2.83,795.7,116.6,880.0,16.37,2.83,177.17,16.37,0.0,909.9,636.5,880.0,4.0,1.25,2.75,25.66,0.0,day_charging
Isfahan,Isfahan,32.6546,51.668,Spring,5 May,13,69.22,318.53,792.2,113.9,854.6,20.78,318.53,-138.53,20.78,0.0,902.4,621.8,854.6,3.97,1.25,2.72,28.24,0.0,day_charging
Isfahan,Isfahan,32.6546,51.668,Spring,5 May,14,58.99,294.78,780.0,105.2,773.7,31.01,294.78,-114.78,31.01,0.0,877.7,574.9,773.7,3.86,1.25,2.61,30.72,0.0,day_charging
Isfahan,Isfahan,32.6546,51.668,Spring,5 May,15,46.98,281.43,755.4,91.3,643.5,43.02,281.43,-101.43,43.02,0.0,834.4,498.6,643.5,3.67,1.25,2.42,33.02,0.0,day_charging
Isfahan,Isfahan,32.6546,51.668,Spring,5 May,16,34.44,272.02,708.8,73.1,474.0,55.56,272.02,-92.02,55.56,0.0,766.0,396.6,474.0,3.37,1.25,2.12,35.03,0.0,day_charging
Isfahan,Isfahan,32.6546,51.668,Spring,5 May,17,21.83,264.13,612.9,52.4,280.3,68.17,264.13,-84.13,68.17,0.0,648.8,272.5,280.3,2.85,1.25,0.77,35.76,0.0,day_charging
Isfahan,Isfahan,32.6546,51.668,Spring,5 May,18,9.39,256.59,364.5,32.1,91.6,80.61,256.59,-76.59,80.61,0.0,383.2,124.3,91.6,1.69,1.44,0.04,35.8,0.0,day_idle
Isfahan,Isfahan,32.6546,51.668,Spring,5 May,19,-2.66,248.69,0.0,0.0,0.0,0.0,180.0,0.0,0.0,0.0,0.0,0.0,0.0,0.0,1.44,-1.44,34.28,0.0,night_discharging
Isfahan,Isfahan,32.6546,51.668,Spring,5 May,20,-14.03,239.75,0.0,0.0,0.0,0.0,180.0,0.0,0.0,0.0,0.0,0.0,0.0,0.0,1.8,-1.8,32.39,0.0,night_discharging
Isfahan,Isfahan,32.6546,51.668,Spring,5 May,21,-24.31,229.06,0.0,0.0,0.0,0.0,180.0,0.0,0.0,0.0,0.0,0.0,0.0,0.0,1.8,-1.8,30.5,0.0,night_discharging
Isfahan,Isfahan,32.6546,51.668,Spring,5 May,22,-32.85,215.84,0.0,0.0,0.0,0.0,180.0,0.0,0.0,0.0,0.0,0.0,0.0,0.0,1.8,-1.8,28.61,0.0,night_discharging
Isfahan,Isfahan,32.6546,51.668,Spring,5 May,23,-38.76,199.62,0.0,0.0,0.0,0.0,180.0,0.0,0.0,0.0,0.0,0.0,0.0,0.0,1.8,-1.8,26.72,0.0,night_discharging
Isfahan,Isfahan,32.6546,51.668,Summer,6 Aug,0,-40.74,178.95,0.0,0.0,0.0,0.0,180.0,0.0,0.0,0.0,0.0,0.0,0.0,0.0,1.8,-1.8,21.38,0.0,night_discharging
Isfahan,Isfahan,32.6546,51.668,Summer,6 Aug,1,-38.91,162.45,0.0,0.0,0.0,0.0,180.0,0.0,0.0,0.0,0.0,0.0,0.0,0.0,1.8,-1.8,19.49,0.0,night_discharging
Isfahan,Isfahan,32.6546,51.668,Summer,6 Aug,2,-33.39,145.98,0.0,0.0,0.0,0.0,180.0,0.0,0.0,0.0,0.0,0.0,0.0,0.0,1.8,-1.8,17.6,0.0,night_discharging
Isfahan,Isfahan,32.6546,51.668,Summer,6 Aug,3,-25.13,132.48,0.0,0.0,0.0,0.0,180.0,0.0,0.0,0.0,0.0,0.0,0.0,0.0,1.8,-1.8,15.71,0.0,night_discharging
Isfahan,Isfahan,32.6546,51.668,Summer,6 Aug,4,-15.03,121.56,0.0,0.0,0.0,0.0,180.0,0.0,0.0,0.0,0.0,0.0,0.0,0.0,1.8,-1.8,13.82,0.0,night_discharging
Isfahan,Isfahan,32.6546,51.668,Summer,6 Aug,5,-3.78,112.48,0.0,0.0,0.0,0.0,180.0,0.0,0.0,0.0,0.0,0.0,0.0,0.0,1.44,-1.44,12.3,0.0,night_discharging
Isfahan,Isfahan,32.6546,51.668,Summer,6 Aug,6,8.19,104.51,321.1,30.5,76.2,81.81,104.51,75.49,81.81,0.0,338.5,109.2,76.2,1.49,1.44,0.05,12.35,0.0,day_charging
Isfahan,Isfahan,32.6546,51.668,Summer,6 Aug,7,20.59,96.99,598.2,50.2,260.6,69.41,96.99,83.01,69.41,0.0,632.1,260.9,260.6,2.78,1.25,1.53,13.8,0.0,day_charging
Isfahan,Isfahan,32.6546,51.668,Summer,6 Aug,8,33.19,89.21,702.2,71.1,455.5,56.81,89.21,90.79,56.81,0.0,757.2,387.4,455.5,3.33,1.25,2.08,15.78,0.0,day_charging
Isfahan,Isfahan,32.6546,51.668,Summer,6 Aug,9,45.75,80.12,752.0,89.6,628.3,44.25,80.12,99.88,44.25,0.0,829.0,492.0,628.3,3.65,1.25,2.4,18.06,0.0,day_charging
Isfahan,Isfahan,32.6546,51.668,Summer,6 Aug,10,57.88,67.5,778.3,104.1,763.3,32.12,67.5,112.5,32.12,0.0,874.4,571.3,763.3,3.85,1.25,2.6,20.53,0.0,day_charging
Isfahan,Isfahan,32.6546,51.668,Summer,6 Aug,11,68.5,45.5,791.5,113.4,849.8,21.5,45.5,134.5,21.5,0.0,901.0,621.5,849.8,3.96,1.25,2.71,23.1,0.0,day_charging
Isfahan,Isfahan,32.6546,51.668,Summer,6 Aug,12,73.93,2.88,795.9,116.8,881.5,16.07,2.88,177.12,16.07,0.0,910.4,639.8,881.5,4.01,1.25,2.76,25.72,0.0,day_charging
Isfahan,Isfahan,32.6546,51.668,Summer,6 Aug,13,69.46,318.03,792.4,114.0,856.1,20.54,318.03,-138.03,20.54,0.0,902.9,625.2,856.1,3.97,1.25,2.72,28.3,0.0,day_charging
Isfahan,Isfahan,32.6546,51.668,Summer,6 Aug,14,59.17,294.31,780.3,105.4,775.4,30.83,294.31,-114.31,30.83,0.0,878.2,578.4,775.4,3.86,1.25,2.61,30.78,0.0,day_charging
Isfahan,Isfahan,32.6546,51.668,Summer,6 Aug,15,47.13,281.05,755.8,91.5,645.4,42.87,281.05,-101.05,42.87,0.0,835.1,502.1,645.4,3.67,1.25,2.42,33.08,0.0,day_charging
Isfahan,Isfahan,32.6546,51.668,Summer,6 Aug,16,34.59,271.7,709.5,73.3,476.1,55.41,271.7,-91.7,55.41,0.0,767.0,400.1,476.1,3.37,1.25,2.12,35.09,0.0,day_charging
Isfahan,Isfahan,32.6546,51.668,Summer,6 Aug,17,21.98,263.84,614.5,52.6,282.6,68.02,263.84,-83.84,68.02,0.0,650.7,276.0,282.6,2.86,1.25,0.71,35.76,0.0,day_charging
Isfahan,Isfahan,32.6546,51.668,Summer,6 Aug,18,9.55,256.33,369.8,32.4,93.7,80.45,256.33,-76.33,80.45,0.0,388.6,127.6,93.7,1.71,1.44,0.04,35.8,0.0,day_idle
Isfahan,Isfahan,32.6546,51.668,Summer,6 Aug,19,-2.48,248.44,0.0,0.0,0.0,0.0,180.0,0.0,0.0,0.0,0.0,0.0,0.0,0.0,1.44,-1.44,34.28,0.0,night_discharging
Isfahan,Isfahan,32.6546,51.668,Summer,6 Aug,20,-13.83,239.52,0.0,0.0,0.0,0.0,180.0,0.0,0.0,0.0,0.0,0.0,0.0,0.0,1.8,-1.8,32.39,0.0,night_discharging
Isfahan,Isfahan,32.6546,51.668,Summer,6 Aug,21,-24.08,228.85,0.0,0.0,0.0,0.0,180.0,0.0,0.0,0.0,0.0,0.0,0.0,0.0,1.8,-1.8,30.5,0.0,night_discharging
Isfahan,Isfahan,32.6546,51.668,Summer,6 Aug,22,-32.59,215.66,0.0,0.0,0.0,0.0,180.0,0.0,0.0,0.0,0.0,0.0,0.0,0.0,1.8,-1.8,28.61,0.0,night_discharging
Isfahan,Isfahan,32.6546,51.668,Summer,6 Aug,23,-38.47,199.51,0.0,0.0,0.0,0.0,180.0,0.0,0.0,0.0,0.0,0.0,0.0,0.0,1.8,-1.8,26.72,0.0,night_discharging
Isfahan,Isfahan,32.6546,51.668,Autumn,6 Nov,0,-73.33,177.21,0.0,0.0,0.0,0.0,180.0,0.0,0.0,0.0,0.0,0.0,0.0,0.0,1.8,-1.8,21.38,0.0,night_discharging
Isfahan,Isfahan,32.6546,51.668,Autumn,6 Nov,1,-68.98,139.02,0.0,0.0,0.0,0.0,180.0,0.0,0.0,0.0,0.0,0.0,0.0,0.0,1.8,-1.8,19.49,0.0,night_discharging
Isfahan,Isfahan,32.6546,51.668,Autumn,6 Nov,2,-58.81,115.24,0.0,0.0,0.0,0.0,180.0,0.0,0.0,0.0,0.0,0.0,0.0,0.0,1.8,-1.8,17.6,0.0,night_discharging
Isfahan,Isfahan,32.6546,51.668,Autumn,6 Nov,3,-46.82,101.8,0.0,0.0,0.0,0.0,180.0,0.0,0.0,0.0,0.0,0.0,0.0,0.0,1.8,-1.8,15.71,0.0,night_discharging
Isfahan,Isfahan,32.6546,51.668,Autumn,6 Nov,4,-34.3,92.34,0.0,0.0,0.0,0.0,180.0,0.0,0.0,0.0,0.0,0.0,0.0,0.0,1.8,-1.8,13.82,0.0,night_discharging
Isfahan,Isfahan,32.6546,51.668,Autumn,6 Nov,5,-21.69,84.41,0.0,0.0,0.0,0.0,180.0,0.0,0.0,0.0,0.0,0.0,0.0,0.0,1.44,-1.44,12.3,0.0,night_discharging
Isfahan,Isfahan,32.6546,51.668,Autumn,6 Nov,6,-9.23,76.85,0.0,0.0,0.0,0.0,180.0,0.0,0.0,0.0,0.0,0.0,0.0,0.0,1.44,-1.44,10.78,0.0,night_discharging
Isfahan,Isfahan,32.6546,51.668,Autumn,6 Nov,7,2.83,68.93,75.6,25.4,29.2,85.0,68.93,111.07,85.0,0.0,88.9,23.5,29.2,0.39,1.25,-0.86,9.87,0.0,day_discharging
Isfahan,Isfahan,32.6546,51.668,Autumn,6 Nov,8,14.22,59.99,494.9,39.6,161.2,75.78,59.99,120.01,75.78,0.0,519.5,36.6,161.2,2.29,1.25,1.04,10.86,0.0,day_charging
Isfahan,Isfahan,32.6546,51.668,Autumn,6 Nov,9,24.53,49.28,640.5,56.9,322.8,65.47,49.28,130.72,65.47,0.0,680.8,76.7,322.8,3.0,1.25,1.75,12.52,0.0,day_charging
Isfahan,Isfahan,32.6546,51.668,Autumn,6 Nov,10,33.11,36.03,701.8,71.0,454.3,56.89,36.03,143.97,56.89,0.0,756.7,138.8,454.3,3.33,1.25,2.08,14.5,0.0,day_charging
Isfahan,Isfahan,32.6546,51.668,Autumn,6 Nov,11,39.04,19.73,729.4,80.1,539.6,50.96,19.73,160.27,50.96,0.0,794.7,181.1,539.6,3.5,1.25,2.25,16.64,0.0,day_charging
Isfahan,Isfahan,32.6546,51.668,Autumn,6 Nov,12,41.34,1.07,738.0,83.5,571.0,48.66,1.07,178.93,48.66,0.0,807.3,197.0,571.0,3.55,1.25,2.3,18.82,0.0,day_charging
Isfahan,Isfahan,32.6546,51.668,Autumn,6 Nov,13,39.49,342.25,731.2,80.8,545.8,50.51,342.25,-162.25,50.51,0.0,797.3,184.2,545.8,3.51,1.25,2.26,20.97,0.0,day_charging
Isfahan,Isfahan,32.6546,51.668,Autumn,6 Nov,14,33.92,325.63,706.1,72.3,466.3,56.08,325.63,-145.63,56.08,0.0,762.4,144.6,466.3,3.35,1.25,2.1,22.96,0.0,day_charging
Isfahan,Isfahan,32.6546,51.668,Autumn,6 Nov,15,25.58,312.05,649.9,58.7,339.3,64.42,312.05,-132.05,64.42,0.0,691.9,84.2,339.3,3.04,1.25,1.79,24.66,0.0,day_charging
Isfahan,Isfahan,32.6546,51.668,Autumn,6 Nov,16,15.43,301.1,519.0,41.6,179.7,74.57,301.1,-121.1,74.57,0.0,545.4,38.4,179.7,2.4,1.25,1.15,25.75,0.0,day_charging
Isfahan,Isfahan,32.6546,51.668,Autumn,6 Nov,17,4.13,292.0,137.9,26.2,36.1,85.0,292.0,-112.0,85.0,0.0,151.9,24.2,36.1,0.67,1.25,-0.58,25.14,0.0,day_discharging
Isfahan,Isfahan,32.6546,51.668,Autumn,6 Nov,18,-7.87,284.0,0.0,0.0,0.0,0.0,180.0,0.0,0.0,0.0,0.0,0.0,0.0,0.0,1.44,-1.44,23.62,0.0,night_discharging
Isfahan,Isfahan,32.6546,51.668,Autumn,6 Nov,19,-20.29,276.43,0.0,0.0,0.0,0.0,180.0,0.0,0.0,0.0,0.0,0.0,0.0,0.0,1.44,-1.44,22.1,0.0,night_discharging
Isfahan,Isfahan,32.6546,51.668,Autumn,6 Nov,20,-32.9,268.59,0.0,0.0,0.0,0.0,180.0,0.0,0.0,0.0,0.0,0.0,0.0,0.0,1.8,-1.8,20.21,0.0,night_discharging
Isfahan,Isfahan,32.6546,51.668,Autumn,6 Nov,21,-45.45,259.38,0.0,0.0,0.0,0.0,180.0,0.0,0.0,0.0,0.0,0.0,0.0,0.0,1.8,-1.8,18.32,0.0,night_discharging
Isfahan,Isfahan,32.6546,51.668,Autumn,6 Nov,22,-57.53,246.59,0.0,0.0,0.0,0.0,180.0,0.0,0.0,0.0,0.0,0.0,0.0,0.0,1.8,-1.8,16.43,0.0,night_discharging
Isfahan,Isfahan,32.6546,51.668,Autumn,6 Nov,23,-68.03,224.49,0.0,0.0,0.0,0.0,180.0,0.0,0.0,0.0,0.0,0.0,0.0,0.0,1.8,-1.8,14.54,0.0,night_discharging
Isfahan,Isfahan,32.6546,51.668,Winter,4 Feb,0,-73.53,177.18,0.0,0.0,0.0,0.0,180.0,0.0,0.0,0.0,0.0,0.0,0.0,0.0,1.8,-1.8,21.38,0.0,night_discharging
Isfahan,Isfahan,32.6546,51.668,Winter,4 Feb,1,-69.14,138.69,0.0,0.0,0.0,0.0,180.0,0.0,0.0,0.0,0.0,0.0,0.0,0.0,1.8,-1.8,19.49,0.0,night_discharging
Isfahan,Isfahan,32.6546,51.668,Winter,4 Feb,2,-58.93,114.93,0.0,0.0,0.0,0.0,180.0,0.0,0.0,0.0,0.0,0.0,0.0,0.0,1.8,-1.8,17.6,0.0,night_discharging
Isfahan,Isfahan,32.6546,51.668,Winter,4 Feb,3,-46.93,101.55,0.0,0.0,0.0,0.0,180.0,0.0,0.0,0.0,0.0,0.0,0.0,0.0,1.8,-1.8,15.71,0.0,night_discharging
Isfahan,Isfahan,32.6546,51.668,Winter,4 Feb,4,-34.4,92.13,0.0,0.0,0.0,0.0,180.0,0.0,0.0,0.0,0.0,0.0,0.0,0.0,1.8,-1.8,13.82,0.0,night_discharging
Isfahan,Isfahan,32.6546,51.668,Winter,4 Feb,5,-21.78,84.22,0.0,0.0,0.0,0.0,180.0,0.0,0.0,0.0,0.0,0.0,0.0,0.0,1.44,-1.44,12.3,0.0,night_discharging
Isfahan,Isfahan,32.6546,51.668,Winter,4 Feb,6,-9.34,76.68,0.0,0.0,0.0,0.0,180.0,0.0,0.0,0.0,0.0,0.0,0.0,0.0,1.44,-1.44,10.78,0.0,night_discharging
Isfahan,Isfahan,32.6546,51.668,Winter,4 Feb,7,2.71,68.77,70.5,25.4,28.7,85.0,68.77,111.23,85.0,0.0,83.8,23.5,28.7,0.37,1.25,-0.88,9.85,0.0,day_discharging
Isfahan,Isfahan,32.6546,51.668,Winter,4 Feb,8,14.09,59.83,492.1,39.4,159.2,75.91,59.83,120.17,75.91,0.0,516.6,36.4,159.2,2.27,1.25,1.02,10.82,0.0,day_charging
Isfahan,Isfahan,32.6546,51.668,Winter,4 Feb,9,24.38,49.14,639.1,56.7,320.5,65.62,49.14,130.86,65.62,0.0,679.1,74.3,320.5,2.99,1.25,1.74,12.47,0.0,day_charging
Isfahan,Isfahan,32.6546,51.668,Winter,4 Feb,10,32.94,35.9,700.8,70.7,451.8,57.06,35.9,144.1,57.06,0.0,755.4,136.0,451.8,3.32,1.25,2.07,14.44,0.0,day_charging
Isfahan,Isfahan,32.6546,51.668,Winter,4 Feb,11,38.85,19.66,728.7,79.9,536.9,51.15,19.66,160.34,51.15,0.0,793.6,178.2,536.9,3.49,1.25,2.24,16.57,0.0,day_charging
Isfahan,Isfahan,32.6546,51.668,Winter,4 Feb,12,41.14,1.06,737.3,83.2,568.3,48.86,1.06,178.94,48.86,0.0,806.3,194.0,568.3,3.55,1.25,2.3,18.75,0.0,day_charging
Isfahan,Isfahan,32.6546,51.668,Winter,4 Feb,13,39.3,342.32,730.4,80.5,543.2,50.7,342.32,-162.32,50.7,0.0,796.2,181.4,543.2,3.5,1.25,2.25,20.89,0.0,day_charging
Isfahan,Isfahan,32.6546,51.668,Winter,4 Feb,14,33.74,325.75,705.2,72.0,463.7,56.26,325.75,-145.75,56.26,0.0,761.2,141.9,463.7,3.35,1.25,2.1,22.89,0.0,day_charging
Isfahan,Isfahan,32.6546,51.668,Winter,4 Feb,15,25.43,312.19,648.6,58.4,336.9,64.57,312.19,-132.19,64.57,0.0,690.4,81.7,336.9,3.04,1.25,1.79,24.59,0.0,day_charging
Isfahan,Isfahan,32.6546,51.668,Winter,4 Feb,16,15.3,301.25,516.5,41.4,177.6,74.7,301.25,-121.25,74.7,0.0,542.6,38.2,177.6,2.39,1.25,1.14,25.67,0.0,day_charging
Isfahan,Isfahan,32.6546,51.668,Winter,4 Feb,17,4.02,292.16,132.1,26.1,35.4,85.0,292.16,-112.16,85.0,0.0,146.1,24.1,35.4,0.64,1.25,-0.61,25.03,0.0,day_discharging
Isfahan,Isfahan,32.6546,51.668,Winter,4 Feb,18,-7.98,284.17,0.0,0.0,0.0,0.0,180.0,0.0,0.0,0.0,0.0,0.0,0.0,0.0,1.44,-1.44,23.51,0.0,night_discharging
Isfahan,Isfahan,32.6546,51.668,Winter,4 Feb,19,-20.39,276.62,0.0,0.0,0.0,0.0,180.0,0.0,0.0,0.0,0.0,0.0,0.0,0.0,1.44,-1.44,21.99,0.0,night_discharging
Isfahan,Isfahan,32.6546,51.668,Winter,4 Feb,20,-33.0,268.79,0.0,0.0,0.0,0.0,180.0,0.0,0.0,0.0,0.0,0.0,0.0,0.0,1.8,-1.8,20.1,0.0,night_discharging
Isfahan,Isfahan,32.6546,51.668,Winter,4 Feb,21,-45.55,259.62,0.0,0.0,0.0,0.0,180.0,0.0,0.0,0.0,0.0,0.0,0.0,0.0,1.8,-1.8,18.21,0.0,night_discharging
Isfahan,Isfahan,32.6546,51.668,Winter,4 Feb,22,-57.65,246.89,0.0,0.0,0.0,0.0,180.0,0.0,0.0,0.0,0.0,0.0,0.0,0.0,1.8,-1.8,16.32,0.0,night_discharging
Isfahan,Isfahan,32.6546,51.668,Winter,4 Feb,23,-68.18,224.82,0.0,0.0,0.0,0.0,180.0,0.0,0.0,0.0,0.0,0.0,0.0,0.0,1.8,-1.8,14.43,0.0,night_discharging
Fars,Shiraz,29.5918,52.5837,Spring,5 May,0,-44.11,179.89,0.0,0.0,0.0,0.0,180.0,0.0,0.0,0.0,0.0,0.0,0.0,0.0,1.8,-1.8,21.38,0.0,night_discharging
Fars,Shiraz,29.5918,52.5837,Spring,5 May,1,-41.86,160.41,0.0,0.0,0.0,0.0,180.0,0.0,0.0,0.0,0.0,0.0,0.0,0.0,1.8,-1.8,19.49,0.0,night_discharging
Fars,Shiraz,29.5918,52.5837,Spring,5 May,2,-35.7,143.67,0.0,0.0,0.0,0.0,180.0,0.0,0.0,0.0,0.0,0.0,0.0,0.0,1.8,-1.8,17.6,0.0,night_discharging
Fars,Shiraz,29.5918,52.5837,Spring,5 May,3,-26.79,130.41,0.0,0.0,0.0,0.0,180.0,0.0,0.0,0.0,0.0,0.0,0.0,0.0,1.8,-1.8,15.71,0.0,night_discharging
Fars,Shiraz,29.5918,52.5837,Spring,5 May,4,-16.12,120.01,0.0,0.0,0.0,0.0,180.0,0.0,0.0,0.0,0.0,0.0,0.0,0.0,1.8,-1.8,13.82,0.0,night_discharging
Fars,Shiraz,29.5918,52.5837,Spring,5 May,5,-4.37,111.54,0.0,0.0,0.0,0.0,180.0,0.0,0.0,0.0,0.0,0.0,0.0,0.0,1.44,-1.44,12.3,0.0,night_discharging
Fars,Shiraz,29.5918,52.5837,Spring,5 May,6,8.04,104.23,315.3,30.3,74.4,81.96,104.23,75.77,81.96,0.0,332.5,104.1,74.4,1.46,1.44,0.02,12.32,0.0,day_idle
Fars,Shiraz,29.5918,52.5837,Spring,5 May,7,20.84,97.42,601.3,50.7,264.6,69.16,97.42,82.58,69.16,0.0,635.6,269.8,264.6,2.8,1.25,1.55,13.79,0.0,day_charging
Fars,Shiraz,29.5918,52.5837,Spring,5 May,8,33.85,90.45,705.7,72.2,465.2,56.15,90.45,89.55,56.15,0.0,761.9,413.6,465.2,3.35,1.25,2.1,15.78,0.0,day_charging
Fars,Shiraz,29.5918,52.5837,Spring,5 May,9,46.85,82.3,755.1,91.1,642.0,43.15,82.3,97.7,43.15,0.0,833.9,533.7,642.0,3.67,1.25,2.42,18.08,0.0,day_charging
Fars,Shiraz,29.5918,52.5837,Spring,5 May,10,59.54,70.79,780.8,105.8,778.9,30.46,70.79,109.21,30.46,0.0,879.3,624.7,778.9,3.87,1.25,2.62,20.57,0.0,day_charging
Fars,Shiraz,29.5918,52.5837,Spring,5 May,11,70.92,49.11,793.7,115.0,865.1,19.08,49.11,130.89,19.08,0.0,905.5,681.5,865.1,3.98,1.25,2.73,23.16,0.0,day_charging
Fars,Shiraz,29.5918,52.5837,Spring,5 May,12,76.71,359.65,797.5,118.1,894.3,13.29,359.65,-179.65,13.29,0.0,914.1,700.7,894.3,4.02,1.25,2.77,25.79,0.0,day_charging
Fars,Shiraz,29.5918,52.5837,Spring,5 May,13,70.81,310.53,793.6,114.9,864.4,19.19,310.53,-130.53,19.19,0.0,905.3,681.1,864.4,3.98,1.25,2.73,28.38,0.0,day_charging
Fars,Shiraz,29.5918,52.5837,Spring,5 May,14,59.4,289.04,780.6,105.6,777.6,30.6,289.04,-109.04,30.6,0.0,878.9,623.9,777.6,3.87,1.25,2.62,30.87,0.0,day_charging
Fars,Shiraz,29.5918,52.5837,Spring,5 May,15,46.71,277.59,754.7,90.9,640.3,43.29,277.59,-97.59,43.29,0.0,833.2,532.5,640.3,3.67,1.25,2.42,33.17,0.0,day_charging
Fars,Shiraz,29.5918,52.5837,Spring,5 May,16,33.7,269.47,705.0,71.9,463.1,56.3,269.47,-89.47,56.3,0.0,760.9,412.2,463.1,3.35,1.25,2.1,35.16,0.0,day_charging
Fars,Shiraz,29.5918,52.5837,Spring,5 May,17,20.7,262.5,599.5,50.4,262.3,69.3,262.5,-82.5,69.3,0.0,633.7,268.1,262.3,2.79,1.25,0.64,35.77,0.0,day_charging
Fars,Shiraz,29.5918,52.5837,Spring,5 May,18,7.9,255.69,309.8,30.1,72.7,82.1,255.69,-75.69,82.1,0.0,326.9,102.2,72.7,1.44,1.44,-0.0,35.77,0.0,day_discharging
Fars,Shiraz,29.5918,52.5837,Spring,5 May,19,-4.51,248.37,0.0,0.0,0.0,0.0,180.0,0.0,0.0,0.0,0.0,0.0,0.0,0.0,1.44,-1.44,34.25,0.0,night_discharging
Fars,Shiraz,29.5918,52.5837,Spring,5 May,20,-16.25,239.89,0.0,0.0,0.0,0.0,180.0,0.0,0.0,0.0,0.0,0.0,0.0,0.0,1.8,-1.8,32.36,0.0,night_discharging
Fars,Shiraz,29.5918,52.5837,Spring,5 May,21,-26.9,229.46,0.0,0.0,0.0,0.0,180.0,0.0,0.0,0.0,0.0,0.0,0.0,0.0,1.8,-1.8,30.47,0.0,night_discharging
Fars,Shiraz,29.5918,52.5837,Spring,5 May,22,-35.79,216.17,0.0,0.0,0.0,0.0,180.0,0.0,0.0,0.0,0.0,0.0,0.0,0.0,1.8,-1.8,28.58,0.0,night_discharging
Fars,Shiraz,29.5918,52.5837,Spring,5 May,23,-41.9,199.39,0.0,0.0,0.0,0.0,180.0,0.0,0.0,0.0,0.0,0.0,0.0,0.0,1.8,-1.8,26.69,0.0,night_discharging
Fars,Shiraz,29.5918,52.5837,Summer,6 Aug,0,-43.81,179.89,0.0,0.0,0.0,0.0,180.0,0.0,0.0,0.0,0.0,0.0,0.0,0.0,1.8,-1.8,21.38,0.0,night_discharging
Fars,Shiraz,29.5918,52.5837,Summer,6 Aug,1,-41.57,160.53,0.0,0.0,0.0,0.0,180.0,0.0,0.0,0.0,0.0,0.0,0.0,0.0,1.8,-1.8,19.49,0.0,night_discharging
Fars,Shiraz,29.5918,52.5837,Summer,6 Aug,2,-35.45,143.87,0.0,0.0,0.0,0.0,180.0,0.0,0.0,0.0,0.0,0.0,0.0,0.0,1.8,-1.8,17.6,0.0,night_discharging
Fars,Shiraz,29.5918,52.5837,Summer,6 Aug,3,-26.57,130.64,0.0,0.0,0.0,0.0,180.0,0.0,0.0,0.0,0.0,0.0,0.0,0.0,1.8,-1.8,15.71,0.0,night_discharging
Fars,Shiraz,29.5918,52.5837,Summer,6 Aug,4,-15.93,120.25,0.0,0.0,0.0,0.0,180.0,0.0,0.0,0.0,0.0,0.0,0.0,0.0,1.8,-1.8,13.82,0.0,night_discharging
Fars,Shiraz,29.5918,52.5837,Summer,6 Aug,5,-4.21,111.79,0.0,0.0,0.0,0.0,180.0,0.0,0.0,0.0,0.0,0.0,0.0,0.0,1.44,-1.44,12.3,0.0,night_discharging
Fars,Shiraz,29.5918,52.5837,Summer,6 Aug,6,8.18,104.49,320.8,30.5,76.1,81.82,104.49,75.51,81.82,0.0,338.2,107.0,76.1,1.49,1.44,0.05,12.35,0.0,day_charging
Fars,Shiraz,29.5918,52.5837,Summer,6 Aug,7,20.97,97.71,602.9,50.9,266.7,69.03,97.71,82.29,69.03,0.0,637.4,273.1,266.7,2.8,1.25,1.55,13.82,0.0,day_charging
Fars,Shiraz,29.5918,52.5837,Summer,6 Aug,8,33.97,90.77,706.4,72.4,467.1,56.03,90.77,89.23,56.03,0.0,762.8,416.9,467.1,3.36,1.25,2.11,15.82,0.0,day_charging
Fars,Shiraz,29.5918,52.5837,Summer,6 Aug,9,46.99,82.7,755.4,91.3,643.6,43.01,82.7,97.3,43.01,0.0,834.4,536.9,643.6,3.67,1.25,2.42,18.12,0.0,day_charging
Fars,Shiraz,29.5918,52.5837,Summer,6 Aug,10,59.7,71.3,781.1,105.9,780.3,30.3,71.3,108.7,30.3,0.0,879.8,627.8,780.3,3.87,1.25,2.62,20.61,0.0,day_charging
Fars,Shiraz,29.5918,52.5837,Summer,6 Aug,11,71.14,49.75,793.8,115.1,866.4,18.86,49.75,130.25,18.86,0.0,905.9,684.6,866.4,3.99,1.25,2.74,23.21,0.0,day_charging
Fars,Shiraz,29.5918,52.5837,Summer,6 Aug,12,77.01,359.64,797.7,118.3,895.6,12.99,359.64,-179.64,12.99,0.0,914.5,703.7,895.6,4.02,1.25,2.77,25.84,0.0,day_charging
Fars,Shiraz,29.5918,52.5837,Summer,6 Aug,13,71.03,309.9,793.7,115.1,865.7,18.97,309.9,-129.9,18.97,0.0,905.7,684.2,865.7,3.99,1.25,2.74,28.44,0.0,day_charging
Fars,Shiraz,29.5918,52.5837,Summer,6 Aug,14,59.56,288.54,780.9,105.8,779.0,30.44,288.54,-108.54,30.44,0.0,879.4,627.0,779.0,3.87,1.25,2.62,30.93,0.0,day_charging
Fars,Shiraz,29.5918,52.5837,Summer,6 Aug,15,46.84,277.2,755.0,91.1,641.9,43.16,277.2,-97.2,43.16,0.0,833.8,535.7,641.9,3.67,1.25,2.42,33.23,0.0,day_charging
Fars,Shiraz,29.5918,52.5837,Summer,6 Aug,16,33.83,269.14,705.6,72.1,465.0,56.17,269.14,-89.14,56.17,0.0,761.8,415.4,465.0,3.35,1.25,2.1,35.22,0.0,day_charging
Fars,Shiraz,29.5918,52.5837,Summer,6 Aug,17,20.83,262.21,601.1,50.7,264.4,69.17,262.21,-82.21,69.17,0.0,635.5,271.3,264.4,2.8,1.25,0.58,35.77,0.0,day_charging
Fars,Shiraz,29.5918,52.5837,Summer,6 Aug,18,8.04,255.43,315.4,30.3,74.4,81.96,255.43,-75.43,81.96,0.0,332.6,105.1,74.4,1.46,1.44,0.02,35.79,0.0,day_idle
Fars,Shiraz,29.5918,52.5837,Summer,6 Aug,19,-4.35,248.12,0.0,0.0,0.0,0.0,180.0,0.0,0.0,0.0,0.0,0.0,0.0,0.0,1.44,-1.44,34.27,0.0,night_discharging
Fars,Shiraz,29.5918,52.5837,Summer,6 Aug,20,-16.06,239.64,0.0,0.0,0.0,0.0,180.0,0.0,0.0,0.0,0.0,0.0,0.0,0.0,1.8,-1.8,32.38,0.0,night_discharging
Fars,Shiraz,29.5918,52.5837,Summer,6 Aug,21,-26.68,229.23,0.0,0.0,0.0,0.0,180.0,0.0,0.0,0.0,0.0,0.0,0.0,0.0,1.8,-1.8,30.49,0.0,night_discharging
Fars,Shiraz,29.5918,52.5837,Summer,6 Aug,22,-35.54,215.97,0.0,0.0,0.0,0.0,180.0,0.0,0.0,0.0,0.0,0.0,0.0,0.0,1.8,-1.8,28.6,0.0,night_discharging
Fars,Shiraz,29.5918,52.5837,Summer,6 Aug,23,-41.62,199.27,0.0,0.0,0.0,0.0,180.0,0.0,0.0,0.0,0.0,0.0,0.0,0.0,1.8,-1.8,26.71,0.0,night_discharging
Fars,Shiraz,29.5918,52.5837,Autumn,6 Nov,0,-76.41,179.66,0.0,0.0,0.0,0.0,180.0,0.0,0.0,0.0,0.0,0.0,0.0,0.0,1.8,-1.8,21.38,0.0,night_discharging
Fars,Shiraz,29.5918,52.5837,Autumn,6 Nov,1,-70.6,131.16,0.0,0.0,0.0,0.0,180.0,0.0,0.0,0.0,0.0,0.0,0.0,0.0,1.8,-1.8,19.49,0.0,night_discharging
Fars,Shiraz,29.5918,52.5837,Autumn,6 Nov,2,-59.25,109.55,0.0,0.0,0.0,0.0,180.0,0.0,0.0,0.0,0.0,0.0,0.0,0.0,1.8,-1.8,17.6,0.0,night_discharging
Fars,Shiraz,29.5918,52.5837,Autumn,6 Nov,3,-46.58,97.98,0.0,0.0,0.0,0.0,180.0,0.0,0.0,0.0,0.0,0.0,0.0,0.0,1.8,-1.8,15.71,0.0,night_discharging
Fars,Shiraz,29.5918,52.5837,Autumn,6 Nov,4,-33.57,89.8,0.0,0.0,0.0,0.0,180.0,0.0,0.0,0.0,0.0,0.0,0.0,0.0,1.8,-1.8,13.82,0.0,night_discharging
Fars,Shiraz,29.5918,52.5837,Autumn,6 Nov,5,-20.57,82.79,0.0,0.0,0.0,0.0,180.0,0.0,0.0,0.0,0.0,0.0,0.0,0.0,1.44,-1.44,12.3,0.0,night_discharging
Fars,Shiraz,29.5918,52.5837,Autumn,6 Nov,6,-7.75,75.96,0.0,0.0,0.0,0.0,180.0,0.0,0.0,0.0,0.0,0.0,0.0,0.0,1.44,-1.44,10.78,0.0,night_discharging
Fars,Shiraz,29.5918,52.5837,Autumn,6 Nov,7,4.67,68.63,164.5,26.6,40.0,85.0,68.63,111.37,85.0,0.0,178.8,24.9,40.0,0.79,1.25,-0.46,10.3,0.0,day_discharging
Fars,Shiraz,29.5918,52.5837,Autumn,6 Nov,8,16.43,60.13,537.2,43.2,195.2,73.57,60.13,119.87,73.57,0.0,564.9,49.0,195.2,2.49,1.25,1.24,11.48,0.0,day_charging
Fars,Shiraz,29.5918,52.5837,Autumn,6 Nov,9,27.12,49.69,662.6,61.2,363.2,62.88,49.69,130.31,62.88,0.0,707.1,136.6,363.2,3.11,1.25,1.86,13.25,0.0,day_charging
Fars,Shiraz,29.5918,52.5837,Autumn,6 Nov,10,36.04,36.36,716.6,75.6,497.2,53.96,36.36,143.64,53.96,0.0,776.6,213.4,497.2,3.42,1.25,2.17,15.31,0.0,day_charging
Fars,Shiraz,29.5918,52.5837,Autumn,6 Nov,11,42.19,19.51,741.0,84.7,582.3,47.81,19.51,160.49,47.81,0.0,811.8,263.8,582.3,3.57,1.25,2.32,17.51,0.0,day_charging
Fars,Shiraz,29.5918,52.5837,Autumn,6 Nov,12,44.41,359.89,748.1,87.8,611.3,45.59,359.89,-179.89,45.59,0.0,822.7,281.1,611.3,3.62,1.25,2.37,19.76,0.0,day_charging
Fars,Shiraz,29.5918,52.5837,Autumn,6 Nov,13,42.14,340.28,740.8,84.6,581.7,47.86,340.28,-160.28,47.86,0.0,811.5,263.4,581.7,3.57,1.25,2.32,21.96,0.0,day_charging
Fars,Shiraz,29.5918,52.5837,Autumn,6 Nov,14,35.96,323.47,716.2,75.5,496.0,54.04,323.47,-143.47,54.04,0.0,776.0,212.7,496.0,3.41,1.25,2.16,24.01,0.0,day_charging
Fars,Shiraz,29.5918,52.5837,Autumn,6 Nov,15,27.01,310.18,661.7,61.1,361.5,62.99,310.18,-130.18,62.99,0.0,706.1,135.6,361.5,3.11,1.25,1.86,25.78,0.0,day_charging
Fars,Shiraz,29.5918,52.5837,Autumn,6 Nov,16,16.31,299.76,535.0,43.0,193.2,73.69,299.76,-119.76,73.69,0.0,562.6,48.1,193.2,2.48,1.25,1.23,26.95,0.0,day_charging
Fars,Shiraz,29.5918,52.5837,Autumn,6 Nov,17,4.53,291.29,157.8,26.5,39.0,85.0,291.29,-111.29,85.0,0.0,172.1,24.8,39.0,0.76,1.25,-0.49,26.43,0.0,day_discharging
Fars,Shiraz,29.5918,52.5837,Autumn,6 Nov,18,-7.89,283.96,0.0,0.0,0.0,0.0,180.0,0.0,0.0,0.0,0.0,0.0,0.0,0.0,1.44,-1.44,24.91,0.0,night_discharging
Fars,Shiraz,29.5918,52.5837,Autumn,6 Nov,19,-20.71,277.13,0.0,0.0,0.0,0.0,180.0,0.0,0.0,0.0,0.0,0.0,0.0,0.0,1.44,-1.44,23.39,0.0,night_discharging
Fars,Shiraz,29.5918,52.5837,Autumn,6 Nov,20,-33.72,270.12,0.0,0.0,0.0,0.0,180.0,0.0,0.0,0.0,0.0,0.0,0.0,0.0,1.8,-1.8,21.5,0.0,night_discharging
Fars,Shiraz,29.5918,52.5837,Autumn,6 Nov,21,-46.72,261.91,0.0,0.0,0.0,0.0,180.0,0.0,0.0,0.0,0.0,0.0,0.0,0.0,1.8,-1.8,19.61,0.0,night_discharging
Fars,Shiraz,29.5918,52.5837,Autumn,6 Nov,22,-59.39,250.29,0.0,0.0,0.0,0.0,180.0,0.0,0.0,0.0,0.0,0.0,0.0,0.0,1.8,-1.8,17.72,0.0,night_discharging
Fars,Shiraz,29.5918,52.5837,Autumn,6 Nov,23,-70.7,228.49,0.0,0.0,0.0,0.0,180.0,0.0,0.0,0.0,0.0,0.0,0.0,0.0,1.8,-1.8,15.83,0.0,night_discharging
Fars,Shiraz,29.5918,52.5837,Winter,4 Feb,0,-76.61,179.65,0.0,0.0,0.0,0.0,180.0,0.0,0.0,0.0,0.0,0.0,0.0,0.0,1.8,-1.8,21.38,0.0,night_discharging
Fars,Shiraz,29.5918,52.5837,Winter,4 Feb,1,-70.74,130.74,0.0,0.0,0.0,0.0,180.0,0.0,0.0,0.0,0.0,0.0,0.0,0.0,1.8,-1.8,19.49,0.0,night_discharging
Fars,Shiraz,29.5918,52.5837,Winter,4 Feb,2,-59.35,109.21,0.0,0.0,0.0,0.0,180.0,0.0,0.0,0.0,0.0,0.0,0.0,0.0,1.8,-1.8,17.6,0.0,night_discharging
Fars,Shiraz,29.5918,52.5837,Winter,4 Feb,3,-46.67,97.72,0.0,0.0,0.0,0.0,180.0,0.0,0.0,0.0,0.0,0.0,0.0,0.0,1.8,-1.8,15.71,0.0,night_discharging
Fars,Shiraz,29.5918,52.5837,Winter,4 Feb,4,-33.66,89.58,0.0,0.0,0.0,0.0,180.0,0.0,0.0,0.0,0.0,0.0,0.0,0.0,1.8,-1.8,13.82,0.0,night_discharging
Fars,Shiraz,29.5918,52.5837,Winter,4 Feb,5,-20.65,82.6,0.0,0.0,0.0,0.0,180.0,0.0,0.0,0.0,0.0,0.0,0.0,0.0,1.44,-1.44,12.3,0.0,night_discharging
Fars,Shiraz,29.5918,52.5837,Winter,4 Feb,6,-7.85,75.78,0.0,0.0,0.0,0.0,180.0,0.0,0.0,0.0,0.0,0.0,0.0,0.0,1.44,-1.44,10.78,0.0,night_discharging
Fars,Shiraz,29.5918,52.5837,Winter,4 Feb,7,4.56,68.46,159.1,26.5,39.2,85.0,68.46,111.54,85.0,0.0,173.4,24.9,39.2,0.76,1.25,-0.49,10.26,0.0,day_discharging
Fars,Shiraz,29.5918,52.5837,Winter,4 Feb,8,16.31,59.97,535.0,43.0,193.3,73.69,59.97,120.03,73.69,0.0,562.6,47.1,193.3,2.48,1.25,1.23,11.43,0.0,day_charging
Fars,Shiraz,29.5918,52.5837,Winter,4 Feb,9,26.97,49.53,661.4,61.0,361.0,63.03,49.53,130.47,63.03,0.0,705.8,134.1,361.0,3.11,1.25,1.86,13.2,0.0,day_charging
Fars,Shiraz,29.5918,52.5837,Winter,4 Feb,10,35.87,36.23,715.8,75.3,494.8,54.13,36.23,143.77,54.13,0.0,775.5,210.6,494.8,3.41,1.25,2.16,15.25,0.0,day_charging
Fars,Shiraz,29.5918,52.5837,Winter,4 Feb,11,42.0,19.43,740.3,84.4,579.8,48.0,19.43,160.57,48.0,0.0,810.8,260.9,579.8,3.57,1.25,2.32,17.45,0.0,day_charging
Fars,Shiraz,29.5918,52.5837,Winter,4 Feb,12,44.21,359.89,747.5,87.5,608.7,45.79,359.89,-179.89,45.79,0.0,821.8,278.1,608.7,3.62,1.25,2.37,19.7,0.0,day_charging
Fars,Shiraz,29.5918,52.5837,Winter,4 Feb,13,41.95,340.37,740.2,84.4,579.2,48.05,340.37,-160.37,48.05,0.0,810.5,260.5,579.2,3.57,1.25,2.32,21.9,0.0,day_charging
Fars,Shiraz,29.5918,52.5837,Winter,4 Feb,14,35.79,323.6,715.4,75.2,493.5,54.21,323.6,-143.6,54.21,0.0,775.0,209.9,493.5,3.41,1.25,2.16,23.95,0.0,day_charging
Fars,Shiraz,29.5918,52.5837,Winter,4 Feb,15,26.86,310.34,660.5,60.8,359.3,63.14,310.34,-130.34,63.14,0.0,704.7,133.1,359.3,3.1,1.25,1.85,25.71,0.0,day_charging
Fars,Shiraz,29.5918,52.5837,Winter,4 Feb,16,16.18,299.93,532.8,42.8,191.3,73.82,299.93,-119.93,73.82,0.0,560.2,46.2,191.3,2.46,1.25,1.21,26.86,0.0,day_charging
Fars,Shiraz,29.5918,52.5837,Winter,4 Feb,17,4.43,291.45,152.4,26.4,38.2,85.0,291.45,-111.45,85.0,0.0,166.6,24.8,38.2,0.73,1.25,-0.52,26.31,0.0,day_discharging
Fars,Shiraz,29.5918,52.5837,Winter,4 Feb,18,-7.99,284.14,0.0,0.0,0.0,0.0,180.0,0.0,0.0,0.0,0.0,0.0,0.0,0.0,1.44,-1.44,24.79,0.0,night_discharging
Fars,Shiraz,29.5918,52.5837,Winter,4 Feb,19,-20.8,277.33,0.0,0.0,0.0,0.0,180.0,0.0,0.0,0.0,0.0,0.0,0.0,0.0,1.44,-1.44,23.27,0.0,night_discharging
Fars,Shiraz,29.5918,52.5837,Winter,4 Feb,20,-33.8,270.34,0.0,0.0,0.0,0.0,180.0,0.0,0.0,0.0,0.0,0.0,0.0,0.0,1.8,-1.8,21.38,0.0,night_discharging
Fars,Shiraz,29.5918,52.5837,Winter,4 Feb,21,-46.81,262.17,0.0,0.0,0.0,0.0,180.0,0.0,0.0,0.0,0.0,0.0,0.0,0.0,1.8,-1.8,19.49,0.0,night_discharging
Fars,Shiraz,29.5918,52.5837,Winter,4 Feb,22,-59.49,250.63,0.0,0.0,0.0,0.0,180.0,0.0,0.0,0.0,0.0,0.0,0.0,0.0,1.8,-1.8,17.6,0.0,night_discharging
Fars,Shiraz,29.5918,52.5837,Winter,4 Feb,23,-70.85,228.9,0.0,0.0,0.0,0.0,180.0,0.0,0.0,0.0,0.0,0.0,0.0,0.0,1.8,-1.8,15.71,0.0,night_discharging
Razavi Khorasan,Mashhad,36.2605,59.6168,Spring,5 May,0,-37.01,171.44,0.0,0.0,0.0,0.0,180.0,0.0,0.0,0.0,0.0,0.0,0.0,0.0,1.98,-1.98,18.72,0.0,night_discharging
Razavi Khorasan,Mashhad,36.2605,59.6168,Spring,5 May,1,-33.43,154.34,0.0,0.0,0.0,0.0,180.0,0.0,0.0,0.0,0.0,0.0,0.0,0.0,1.98,-1.98,16.64,0.0,night_discharging
Razavi Khorasan,Mashhad,36.2605,59.6168,Spring,5 May,2,-26.82,139.54,0.0,0.0,0.0,0.0,180.0,0.0,0.0,0.0,0.0,0.0,0.0,0.0,1.98,-1.98,14.56,0.0,night_discharging
Razavi Khorasan,Mashhad,36.2605,59.6168,Spring,5 May,3,-18.01,127.2,0.0,0.0,0.0,0.0,180.0,0.0,0.0,0.0,0.0,0.0,0.0,0.0,1.98,-1.98,12.48,0.0,night_discharging
Razavi Khorasan,Mashhad,36.2605,59.6168,Spring,5 May,4,-7.76,116.82,0.0,0.0,0.0,0.0,180.0,0.0,0.0,0.0,0.0,0.0,0.0,0.0,1.98,-1.98,10.4,0.0,night_discharging
Razavi Khorasan,Mashhad,36.2605,59.6168,Spring,5 May,5,3.43,107.74,103.5,25.7,31.9,85.0,107.74,72.26,85.0,0.0,117.2,46.6,31.9,0.52,1.58,-1.06,9.28,0.0,day_discharging
Razavi Khorasan,Mashhad,36.2605,59.6168,Spring,5 May,6,15.18,99.3,514.3,41.2,175.8,74.82,99.3,80.7,74.82,0.0,540.2,193.8,175.8,2.38,1.58,0.8,10.04,0.0,day_charging
Razavi Khorasan,Mashhad,36.2605,59.6168,Spring,5 May,7,27.22,90.81,663.4,61.4,364.8,62.78,90.81,89.19,62.78,0.0,708.1,309.2,364.8,3.12,1.16,1.96,11.9,0.0,day_charging
Razavi Khorasan,Mashhad,36.2605,59.6168,Spring,5 May,8,39.27,81.36,730.3,80.5,542.8,50.73,81.36,98.64,50.73,0.0,796.1,403.2,542.8,3.5,1.16,2.34,14.12,0.0,day_charging
Razavi Khorasan,Mashhad,36.2605,59.6168,Spring,5 May,9,50.97,69.38,765.2,96.3,690.7,39.03,69.38,110.62,39.03,0.0,850.7,477.2,690.7,3.74,1.16,2.58,16.57,0.0,day_charging
Razavi Khorasan,Mashhad,36.2605,59.6168,Spring,5 May,10,61.52,51.52,783.7,107.7,796.5,28.48,51.52,128.48,28.48,0.0,884.8,528.8,796.5,3.89,1.16,2.73,19.16,0.0,day_charging
Razavi Khorasan,Mashhad,36.2605,59.6168,Spring,5 May,11,68.85,21.39,791.9,113.6,852.1,21.15,21.39,158.61,21.15,0.0,901.7,555.7,852.1,3.97,1.16,2.81,21.83,0.0,day_charging
Razavi Khorasan,Mashhad,36.2605,59.6168,Spring,5 May,12,69.06,340.56,792.1,113.8,853.5,20.94,340.56,-160.56,20.94,0.0,902.1,556.4,853.5,3.97,1.16,2.81,24.5,0.0,day_charging
Razavi Khorasan,Mashhad,36.2605,59.6168,Spring,5 May,13,62.0,309.66,784.3,108.1,800.6,28.0,309.66,-129.66,28.0,0.0,886.1,530.8,800.6,3.9,1.16,2.74,27.1,0.0,day_charging
Razavi Khorasan,Mashhad,36.2605,59.6168,Spring,5 May,14,51.55,291.35,766.4,97.0,697.2,38.45,291.35,-111.35,38.45,0.0,852.9,480.4,697.2,3.75,1.16,2.59,29.56,0.0,day_charging
Razavi Khorasan,Mashhad,36.2605,59.6168,Spring,5 May,15,39.88,279.17,732.7,81.4,551.2,50.12,279.17,-99.17,50.12,0.0,799.5,407.5,551.2,3.52,1.16,2.36,31.8,0.0,day_charging
Razavi Khorasan,Mashhad,36.2605,59.6168,Spring,5 May,16,27.84,269.64,668.1,62.4,374.4,62.16,269.64,-89.64,62.16,0.0,713.9,314.5,374.4,3.14,1.16,0.2,31.99,0.0,day_charging
Razavi Khorasan,Mashhad,36.2605,59.6168,Spring,5 May,17,15.79,261.13,525.8,42.2,185.3,74.21,261.13,-81.13,74.21,0.0,552.6,200.3,185.3,2.43,1.16,0.01,32.0,0.0,day_idle
Razavi Khorasan,Mashhad,36.2605,59.6168,Spring,5 May,18,4.02,252.7,132.3,26.1,35.4,85.0,252.7,-72.7,85.0,0.0,146.3,53.9,35.4,0.64,1.58,-0.94,31.01,0.0,day_discharging
Razavi Khorasan,Mashhad,36.2605,59.6168,Spring,5 May,19,-7.2,243.67,0.0,0.0,0.0,0.0,180.0,0.0,0.0,0.0,0.0,0.0,0.0,0.0,1.58,-1.58,29.35,0.0,night_discharging
Razavi Khorasan,Mashhad,36.2605,59.6168,Spring,5 May,20,-17.52,233.38,0.0,0.0,0.0,0.0,180.0,0.0,0.0,0.0,0.0,0.0,0.0,0.0,1.98,-1.98,27.27,0.0,night_discharging
Razavi Khorasan,Mashhad,36.2605,59.6168,Spring,5 May,21,-26.41,221.15,0.0,0.0,0.0,0.0,180.0,0.0,0.0,0.0,0.0,0.0,0.0,0.0,1.98,-1.98,25.19,0.0,night_discharging
Razavi Khorasan,Mashhad,36.2605,59.6168,Spring,5 May,22,-33.16,206.48,0.0,0.0,0.0,0.0,180.0,0.0,0.0,0.0,0.0,0.0,0.0,0.0,1.98,-1.98,23.11,0.0,night_discharging
Razavi Khorasan,Mashhad,36.2605,59.6168,Spring,5 May,23,-36.91,189.48,0.0,0.0,0.0,0.0,180.0,0.0,0.0,0.0,0.0,0.0,0.0,0.0,1.98,-1.98,21.03,0.0,night_discharging
Razavi Khorasan,Mashhad,36.2605,59.6168,Summer,6 Aug,0,-36.71,171.48,0.0,0.0,0.0,0.0,180.0,0.0,0.0,0.0,0.0,0.0,0.0,0.0,1.98,-1.98,18.72,0.0,night_discharging
Razavi Khorasan,Mashhad,36.2605,59.6168,Summer,6 Aug,1,-33.15,154.47,0.0,0.0,0.0,0.0,180.0,0.0,0.0,0.0,0.0,0.0,0.0,0.0,1.98,-1.98,16.64,0.0,night_discharging
Razavi Khorasan,Mashhad,36.2605,59.6168,Summer,6 Aug,2,-26.56,139.72,0.0,0.0,0.0,0.0,180.0,0.0,0.0,0.0,0.0,0.0,0.0,0.0,1.98,-1.98,14.56,0.0,night_discharging
Razavi Khorasan,Mashhad,36.2605,59.6168,Summer,6 Aug,3,-17.79,127.41,0.0,0.0,0.0,0.0,180.0,0.0,0.0,0.0,0.0,0.0,0.0,0.0,1.98,-1.98,12.48,0.0,night_discharging
Razavi Khorasan,Mashhad,36.2605,59.6168,Summer,6 Aug,4,-7.56,117.05,0.0,0.0,0.0,0.0,180.0,0.0,0.0,0.0,0.0,0.0,0.0,0.0,1.98,-1.98,10.4,0.0,night_discharging
Razavi Khorasan,Mashhad,36.2605,59.6168,Summer,6 Aug,5,3.61,107.98,112.2,25.8,32.9,85.0,107.98,72.02,85.0,0.0,126.0,49.1,32.9,0.55,1.58,-1.03,9.32,0.0,day_discharging
Razavi Khorasan,Mashhad,36.2605,59.6168,Summer,6 Aug,6,15.35,99.56,517.5,41.4,178.4,74.65,99.56,80.44,74.65,0.0,543.7,197.4,178.4,2.39,1.58,0.81,10.09,0.0,day_charging
Razavi Khorasan,Mashhad,36.2605,59.6168,Summer,6 Aug,7,27.38,91.09,664.6,61.7,367.3,62.62,91.09,88.91,62.62,0.0,709.6,312.9,367.3,3.12,1.16,1.96,11.95,0.0,day_charging
Razavi Khorasan,Mashhad,36.2605,59.6168,Summer,6 Aug,8,39.44,81.69,731.0,80.7,545.1,50.56,81.69,98.31,50.56,0.0,797.0,407.0,545.1,3.51,1.16,2.35,14.18,0.0,day_charging
Razavi Khorasan,Mashhad,36.2605,59.6168,Summer,6 Aug,9,51.16,69.76,765.6,96.6,692.8,38.84,69.76,110.24,38.84,0.0,851.5,481.0,692.8,3.75,1.16,2.59,16.64,0.0,day_charging
Razavi Khorasan,Mashhad,36.2605,59.6168,Summer,6 Aug,10,61.75,51.93,784.0,107.9,798.4,28.25,51.93,128.07,28.25,0.0,885.4,532.6,798.4,3.9,1.16,2.74,19.24,0.0,day_charging
Razavi Khorasan,Mashhad,36.2605,59.6168,Summer,6 Aug,11,69.13,21.65,792.1,113.8,854.0,20.87,21.65,158.35,20.87,0.0,902.2,559.4,854.0,3.97,1.16,2.81,21.91,0.0,day_charging
Razavi Khorasan,Mashhad,36.2605,59.6168,Summer,6 Aug,12,69.35,340.33,792.3,114.0,855.4,20.65,340.33,-160.33,20.65,0.0,902.6,560.1,855.4,3.97,1.16,2.81,24.58,0.0,day_charging
Razavi Khorasan,Mashhad,36.2605,59.6168,Summer,6 Aug,13,62.23,309.25,784.6,108.3,802.5,27.77,309.25,-129.25,27.77,0.0,886.7,534.6,802.5,3.9,1.16,2.74,27.18,0.0,day_charging
Razavi Khorasan,Mashhad,36.2605,59.6168,Summer,6 Aug,14,51.73,290.97,766.8,97.2,699.3,38.27,290.97,-110.97,38.27,0.0,853.6,484.2,699.3,3.76,1.16,2.6,29.65,0.0,day_charging
Razavi Khorasan,Mashhad,36.2605,59.6168,Summer,6 Aug,15,40.05,278.84,733.3,81.6,553.5,49.95,278.84,-98.84,49.95,0.0,800.4,411.3,553.5,3.52,1.16,2.35,31.88,0.0,day_charging
Razavi Khorasan,Mashhad,36.2605,59.6168,Summer,6 Aug,16,28.0,269.35,669.3,62.7,376.9,62.0,269.35,-89.35,62.0,0.0,715.3,318.2,376.9,3.15,1.16,0.12,31.99,0.0,day_charging
Razavi Khorasan,Mashhad,36.2605,59.6168,Summer,6 Aug,17,15.96,260.87,528.8,42.4,187.9,74.04,260.87,-80.87,74.04,0.0,555.9,204.0,187.9,2.45,1.16,0.01,32.0,0.0,day_idle
Razavi Khorasan,Mashhad,36.2605,59.6168,Summer,6 Aug,18,4.2,252.46,141.2,26.2,36.6,85.0,252.46,-72.46,85.0,0.0,155.3,56.7,36.6,0.68,1.58,-0.9,31.05,0.0,day_discharging
Razavi Khorasan,Mashhad,36.2605,59.6168,Summer,6 Aug,19,-7.01,243.44,0.0,0.0,0.0,0.0,180.0,0.0,0.0,0.0,0.0,0.0,0.0,0.0,1.58,-1.58,29.39,0.0,night_discharging
Razavi Khorasan,Mashhad,36.2605,59.6168,Summer,6 Aug,20,-17.3,233.17,0.0,0.0,0.0,0.0,180.0,0.0,0.0,0.0,0.0,0.0,0.0,0.0,1.98,-1.98,27.31,0.0,night_discharging
Razavi Khorasan,Mashhad,36.2605,59.6168,Summer,6 Aug,21,-26.16,220.97,0.0,0.0,0.0,0.0,180.0,0.0,0.0,0.0,0.0,0.0,0.0,0.0,1.98,-1.98,25.23,0.0,night_discharging
Razavi Khorasan,Mashhad,36.2605,59.6168,Summer,6 Aug,22,-32.88,206.34,0.0,0.0,0.0,0.0,180.0,0.0,0.0,0.0,0.0,0.0,0.0,0.0,1.98,-1.98,23.15,0.0,night_discharging
Razavi Khorasan,Mashhad,36.2605,59.6168,Summer,6 Aug,23,-36.62,189.42,0.0,0.0,0.0,0.0,180.0,0.0,0.0,0.0,0.0,0.0,0.0,0.0,1.98,-1.98,21.07,0.0,night_discharging
Razavi Khorasan,Mashhad,36.2605,59.6168,Autumn,6 Nov,0,-68.77,160.8,0.0,0.0,0.0,0.0,180.0,0.0,0.0,0.0,0.0,0.0,0.0,0.0,1.98,-1.98,18.72,0.0,night_discharging
Razavi Khorasan,Mashhad,36.2605,59.6168,Autumn,6 Nov,1,-61.77,130.07,0.0,0.0,0.0,0.0,180.0,0.0,0.0,0.0,0.0,0.0,0.0,0.0,1.98,-1.98,16.64,0.0,night_discharging
Razavi Khorasan,Mashhad,36.2605,59.6168,Autumn,6 Nov,2,-51.36,111.72,0.0,0.0,0.0,0.0,180.0,0.0,0.0,0.0,0.0,0.0,0.0,0.0,1.98,-1.98,14.56,0.0,night_discharging
Razavi Khorasan,Mashhad,36.2605,59.6168,Autumn,6 Nov,3,-39.72,99.49,0.0,0.0,0.0,0.0,180.0,0.0,0.0,0.0,0.0,0.0,0.0,0.0,1.98,-1.98,12.48,0.0,night_discharging
Razavi Khorasan,Mashhad,36.2605,59.6168,Autumn,6 Nov,4,-27.67,89.92,0.0,0.0,0.0,0.0,180.0,0.0,0.0,0.0,0.0,0.0,0.0,0.0,1.98,-1.98,10.4,0.0,night_discharging
Razavi Khorasan,Mashhad,36.2605,59.6168,Autumn,6 Nov,5,-15.62,81.38,0.0,0.0,0.0,0.0,180.0,0.0,0.0,0.0,0.0,0.0,0.0,0.0,1.58,-1.58,8.74,0.0,night_discharging
Razavi Khorasan,Mashhad,36.2605,59.6168,Autumn,6 Nov,6,-3.84,72.94,0.0,0.0,0.0,0.0,180.0,0.0,0.0,0.0,0.0,0.0,0.0,0.0,1.58,-1.57,7.17,0.0,night_discharging
Razavi Khorasan,Mashhad,36.2605,59.6168,Autumn,6 Nov,7,7.4,63.9,289.8,29.5,66.8,82.6,63.9,116.1,82.6,0.0,306.4,26.8,66.8,1.35,1.16,0.19,7.35,0.0,day_charging
Razavi Khorasan,Mashhad,36.2605,59.6168,Autumn,6 Nov,8,17.74,53.59,558.7,45.4,215.7,72.26,53.59,126.41,72.26,0.0,588.3,41.3,215.7,2.59,1.16,1.43,8.71,0.0,day_charging
Razavi Khorasan,Mashhad,36.2605,59.6168,Autumn,6 Nov,9,26.66,41.34,658.9,60.5,356.2,63.34,41.34,138.66,63.34,0.0,702.8,55.0,356.2,3.09,1.16,1.93,10.54,0.0,day_charging
Razavi Khorasan,Mashhad,36.2605,59.6168,Autumn,6 Nov,10,33.44,26.61,703.6,71.5,459.3,56.56,26.61,153.39,56.56,0.0,759.1,81.6,459.3,3.34,1.16,2.18,12.61,0.0,day_charging
Razavi Khorasan,Mashhad,36.2605,59.6168,Autumn,6 Nov,11,37.21,9.53,721.8,77.4,513.9,52.79,9.53,170.47,52.79,0.0,783.9,102.8,513.9,3.45,1.16,2.29,14.79,0.0,day_charging
Razavi Khorasan,Mashhad,36.2605,59.6168,Autumn,6 Nov,12,37.31,351.39,722.2,77.5,515.3,52.69,351.39,-171.39,52.69,0.0,784.5,103.3,515.3,3.45,1.16,2.29,16.97,0.0,day_charging
Razavi Khorasan,Mashhad,36.2605,59.6168,Autumn,6 Nov,13,33.71,334.21,705.0,72.0,463.3,56.29,334.21,-154.21,56.29,0.0,761.0,83.1,463.3,3.35,1.16,2.19,19.05,0.0,day_charging
Razavi Khorasan,Mashhad,36.2605,59.6168,Autumn,6 Nov,14,27.07,319.35,662.2,61.2,362.5,62.93,319.35,-139.35,62.93,0.0,706.7,55.6,362.5,3.11,1.16,1.95,20.9,0.0,day_charging
Razavi Khorasan,Mashhad,36.2605,59.6168,Autumn,6 Nov,15,18.24,306.98,566.2,46.3,223.4,71.76,306.98,-126.98,71.76,0.0,596.6,42.1,223.4,2.63,1.16,1.47,22.3,0.0,day_charging
Razavi Khorasan,Mashhad,36.2605,59.6168,Autumn,6 Nov,16,7.95,296.59,312.0,30.2,73.4,82.05,296.59,-116.59,82.05,0.0,329.2,27.5,73.4,1.45,1.16,0.29,22.58,0.0,day_charging
Razavi Khorasan,Mashhad,36.2605,59.6168,Autumn,6 Nov,17,-3.25,287.5,0.0,0.0,0.0,0.0,180.0,0.0,0.0,0.0,0.0,0.0,0.0,0.0,1.16,-1.16,21.36,0.0,night_discharging
Razavi Khorasan,Mashhad,36.2605,59.6168,Autumn,6 Nov,18,-15.01,279.04,0.0,0.0,0.0,0.0,180.0,0.0,0.0,0.0,0.0,0.0,0.0,0.0,1.58,-1.58,19.7,0.0,night_discharging
Razavi Khorasan,Mashhad,36.2605,59.6168,Autumn,6 Nov,19,-27.06,270.53,0.0,0.0,0.0,0.0,180.0,0.0,0.0,0.0,0.0,0.0,0.0,0.0,1.58,-1.58,18.04,0.0,night_discharging
Razavi Khorasan,Mashhad,36.2605,59.6168,Autumn,6 Nov,20,-39.11,261.04,0.0,0.0,0.0,0.0,180.0,0.0,0.0,0.0,0.0,0.0,0.0,0.0,1.98,-1.98,15.96,0.0,night_discharging
Razavi Khorasan,Mashhad,36.2605,59.6168,Autumn,6 Nov,21,-50.79,249.01,0.0,0.0,0.0,0.0,180.0,0.0,0.0,0.0,0.0,0.0,0.0,0.0,1.98,-1.98,13.88,0.0,night_discharging
Razavi Khorasan,Mashhad,36.2605,59.6168,Autumn,6 Nov,22,-61.3,231.11,0.0,0.0,0.0,0.0,180.0,0.0,0.0,0.0,0.0,0.0,0.0,0.0,1.98,-1.98,11.8,0.0,night_discharging
Razavi Khorasan,Mashhad,36.2605,59.6168,Autumn,6 Nov,23,-68.56,201.14,0.0,0.0,0.0,0.0,180.0,0.0,0.0,0.0,0.0,0.0,0.0,0.0,1.98,-1.98,9.72,0.0,night_discharging
Razavi Khorasan,Mashhad,36.2605,59.6168,Winter,4 Feb,0,-68.97,160.64,0.0,0.0,0.0,0.0,180.0,0.0,0.0,0.0,0.0,0.0,0.0,0.0,1.98,-1.98,18.72,0.0,night_discharging
Razavi Khorasan,Mashhad,36.2605,59.6168,Winter,4 Feb,1,-61.93,129.8,0.0,0.0,0.0,0.0,180.0,0.0,0.0,0.0,0.0,0.0,0.0,0.0,1.98,-1.98,16.64,0.0,night_discharging
Razavi Khorasan,Mashhad,36.2605,59.6168,Winter,4 Feb,2,-51.49,111.47,0.0,0.0,0.0,0.0,180.0,0.0,0.0,0.0,0.0,0.0,0.0,0.0,1.98,-1.98,14.56,0.0,night_discharging
Razavi Khorasan,Mashhad,36.2605,59.6168,Winter,4 Feb,3,-39.83,99.28,0.0,0.0,0.0,0.0,180.0,0.0,0.0,0.0,0.0,0.0,0.0,0.0,1.98,-1.98,12.48,0.0,night_discharging
Razavi Khorasan,Mashhad,36.2605,59.6168,Winter,4 Feb,4,-27.78,89.73,0.0,0.0,0.0,0.0,180.0,0.0,0.0,0.0,0.0,0.0,0.0,0.0,1.98,-1.98,10.4,0.0,night_discharging
Razavi Khorasan,Mashhad,36.2605,59.6168,Winter,4 Feb,5,-15.74,81.21,0.0,0.0,0.0,0.0,180.0,0.0,0.0,0.0,0.0,0.0,0.0,0.0,1.58,-1.58,8.74,0.0,night_discharging
Razavi Khorasan,Mashhad,36.2605,59.6168,Winter,4 Feb,6,-3.96,72.78,0.0,0.0,0.0,0.0,180.0,0.0,0.0,0.0,0.0,0.0,0.0,0.0,1.58,-1.57,7.17,0.0,night_discharging
Razavi Khorasan,Mashhad,36.2605,59.6168,Winter,4 Feb,7,7.27,63.75,284.3,29.3,65.3,82.73,63.75,116.25,82.73,0.0,300.8,26.7,65.3,1.32,1.16,0.16,7.32,0.0,day_charging
Razavi Khorasan,Mashhad,36.2605,59.6168,Winter,4 Feb,8,17.59,53.45,556.4,45.2,213.3,72.41,53.45,126.55,72.41,0.0,585.8,41.1,213.3,2.58,1.16,1.42,8.67,0.0,day_charging
Razavi Khorasan,Mashhad,36.2605,59.6168,Winter,4 Feb,9,26.5,41.21,657.6,60.2,353.6,63.5,41.21,138.79,63.5,0.0,701.1,54.8,353.6,3.08,1.16,1.92,10.49,0.0,day_charging
Razavi Khorasan,Mashhad,36.2605,59.6168,Winter,4 Feb,10,33.26,26.52,702.6,71.2,456.5,56.74,26.52,153.48,56.74,0.0,757.7,78.9,456.5,3.33,1.16,2.17,12.55,0.0,day_charging
Razavi Khorasan,Mashhad,36.2605,59.6168,Winter,4 Feb,11,37.01,9.49,720.9,77.1,511.1,52.99,9.49,170.51,52.99,0.0,782.7,100.0,511.1,3.44,1.16,2.28,14.72,0.0,day_charging
Razavi Khorasan,Mashhad,36.2605,59.6168,Winter,4 Feb,12,37.11,351.42,721.4,77.2,512.5,52.89,351.42,-171.42,52.89,0.0,783.3,100.5,512.5,3.45,1.16,2.29,16.9,0.0,day_charging
Razavi Khorasan,Mashhad,36.2605,59.6168,Winter,4 Feb,13,33.53,334.3,704.0,71.7,460.5,56.47,334.3,-154.3,56.47,0.0,759.7,80.4,460.5,3.34,1.16,2.18,18.97,0.0,day_charging
Razavi Khorasan,Mashhad,36.2605,59.6168,Winter,4 Feb,14,26.9,319.47,660.9,60.9,359.9,63.1,319.47,-139.47,63.1,0.0,705.1,55.4,359.9,3.1,1.16,1.94,20.81,0.0,day_charging
Razavi Khorasan,Mashhad,36.2605,59.6168,Winter,4 Feb,15,18.09,307.12,564.0,46.0,221.1,71.91,307.12,-127.12,71.91,0.0,594.1,41.9,221.1,2.61,1.16,1.45,22.19,0.0,day_charging
Razavi Khorasan,Mashhad,36.2605,59.6168,Winter,4 Feb,16,7.82,296.74,306.8,30.0,71.8,82.18,296.74,-116.74,82.18,0.0,323.9,27.3,71.8,1.42,1.16,0.26,22.44,0.0,day_charging
Razavi Khorasan,Mashhad,36.2605,59.6168,Winter,4 Feb,17,-3.37,287.66,0.0,0.0,0.0,0.0,180.0,0.0,0.0,0.0,0.0,0.0,0.0,0.0,1.16,-1.16,21.22,0.0,night_discharging
Razavi Khorasan,Mashhad,36.2605,59.6168,Winter,4 Feb,18,-15.13,279.22,0.0,0.0,0.0,0.0,180.0,0.0,0.0,0.0,0.0,0.0,0.0,0.0,1.58,-1.58,19.56,0.0,night_discharging
Razavi Khorasan,Mashhad,36.2605,59.6168,Winter,4 Feb,19,-27.16,270.72,0.0,0.0,0.0,0.0,180.0,0.0,0.0,0.0,0.0,0.0,0.0,0.0,1.58,-1.58,17.9,0.0,night_discharging
Razavi Khorasan,Mashhad,36.2605,59.6168,Winter,4 Feb,20,-39.22,261.26,0.0,0.0,0.0,0.0,180.0,0.0,0.0,0.0,0.0,0.0,0.0,0.0,1.98,-1.98,15.82,0.0,night_discharging
Razavi Khorasan,Mashhad,36.2605,59.6168,Winter,4 Feb,21,-50.91,249.26,0.0,0.0,0.0,0.0,180.0,0.0,0.0,0.0,0.0,0.0,0.0,0.0,1.98,-1.98,13.74,0.0,night_discharging
Razavi Khorasan,Mashhad,36.2605,59.6168,Winter,4 Feb,22,-61.45,231.38,0.0,0.0,0.0,0.0,180.0,0.0,0.0,0.0,0.0,0.0,0.0,0.0,1.98,-1.98,11.66,0.0,night_discharging
Razavi Khorasan,Mashhad,36.2605,59.6168,Winter,4 Feb,23,-68.75,201.31,0.0,0.0,0.0,0.0,180.0,0.0,0.0,0.0,0.0,0.0,0.0,0.0,1.98,-1.98,9.58,0.0,night_discharging
East Azerbaijan,Tabriz,38.08,46.2919,Spring,5 May,0,-35.31,172.69,0.0,0.0,0.0,0.0,180.0,0.0,0.0,0.0,0.0,0.0,0.0,0.0,1.98,-1.98,20.67,0.0,night_discharging
East Azerbaijan,Tabriz,38.08,46.2919,Spring,5 May,1,-35.0,169.68,0.0,0.0,0.0,0.0,180.0,0.0,0.0,0.0,0.0,0.0,0.0,0.0,1.98,-1.98,18.59,0.0,night_discharging
East Azerbaijan,Tabriz,38.08,46.2919,Spring,5 May,2,-31.21,153.08,0.0,0.0,0.0,0.0,180.0,0.0,0.0,0.0,0.0,0.0,0.0,0.0,1.98,-1.98,16.51,0.0,night_discharging
East Azerbaijan,Tabriz,38.08,46.2919,Spring,5 May,3,-24.57,138.61,0.0,0.0,0.0,0.0,180.0,0.0,0.0,0.0,0.0,0.0,0.0,0.0,1.98,-1.98,14.43,0.0,night_discharging
East Azerbaijan,Tabriz,38.08,46.2919,Spring,5 May,4,-15.85,126.38,0.0,0.0,0.0,0.0,180.0,0.0,0.0,0.0,0.0,0.0,0.0,0.0,1.98,-1.98,12.35,0.0,night_discharging
East Azerbaijan,Tabriz,38.08,46.2919,Spring,5 May,5,-5.75,115.93,0.0,0.0,0.0,0.0,180.0,0.0,0.0,0.0,0.0,0.0,0.0,0.0,1.58,-1.58,10.69,0.0,night_discharging
East Azerbaijan,Tabriz,38.08,46.2919,Spring,5 May,6,5.24,106.63,192.6,27.1,44.7,84.76,106.63,73.37,84.76,0.0,207.4,71.5,44.7,0.91,1.58,-0.67,9.98,0.0,day_discharging
East Azerbaijan,Tabriz,38.08,46.2919,Spring,5 May,7,16.77,97.83,543.0,43.8,200.5,73.23,97.83,82.17,73.23,0.0,571.3,207.2,200.5,2.51,1.16,1.35,11.26,0.0,day_charging
East Azerbaijan,Tabriz,38.08,46.2919,Spring,5 May,8,28.55,88.83,673.3,63.6,385.4,61.45,88.83,91.17,61.45,0.0,720.3,306.9,385.4,3.17,1.16,2.01,13.17,0.0,day_charging
East Azerbaijan,Tabriz,38.08,46.2919,Spring,5 May,9,40.27,78.67,734.2,81.9,556.5,49.73,78.67,101.33,49.73,0.0,801.6,386.5,556.5,3.53,1.16,2.37,15.42,0.0,day_charging
East Azerbaijan,Tabriz,38.08,46.2919,Spring,5 May,10,51.51,65.64,766.3,97.0,696.8,38.49,65.64,114.36,38.49,0.0,852.8,447.9,696.8,3.75,1.16,2.59,17.88,0.0,day_charging
East Azerbaijan,Tabriz,38.08,46.2919,Spring,5 May,11,61.34,46.37,783.4,107.5,794.9,28.66,46.37,133.63,28.66,0.0,884.3,489.6,794.9,3.89,1.16,2.73,20.47,0.0,day_charging
East Azerbaijan,Tabriz,38.08,46.2919,Spring,5 May,12,67.55,15.77,790.6,112.7,843.4,22.45,15.77,164.23,22.45,0.0,899.0,510.0,843.4,3.96,1.16,2.8,23.13,0.0,day_charging
East Azerbaijan,Tabriz,38.08,46.2919,Spring,5 May,13,66.89,338.05,790.0,112.2,838.8,23.11,338.05,-158.05,23.11,0.0,897.7,508.1,838.8,3.95,1.16,2.79,25.78,0.0,day_charging
East Azerbaijan,Tabriz,38.08,46.2919,Spring,5 May,14,59.82,309.64,781.3,106.0,781.4,30.18,309.64,-129.64,30.18,0.0,880.1,483.9,781.4,3.87,1.16,2.71,28.35,0.0,day_charging
East Azerbaijan,Tabriz,38.08,46.2919,Spring,5 May,15,49.64,291.8,762.1,94.7,675.4,40.36,291.8,-111.8,40.36,0.0,845.5,438.6,675.4,3.72,1.16,2.56,30.78,0.0,day_charging
East Azerbaijan,Tabriz,38.08,46.2919,Spring,5 May,16,38.27,279.44,726.3,79.0,528.9,51.73,279.44,-99.44,51.73,0.0,790.3,374.0,528.9,3.48,1.16,2.32,32.98,0.0,day_charging
East Azerbaijan,Tabriz,38.08,46.2919,Spring,5 May,17,26.51,269.57,657.7,60.2,353.9,63.49,269.57,-89.57,63.49,0.0,701.3,291.4,353.9,3.09,1.16,1.93,34.81,0.0,day_charging
East Azerbaijan,Tabriz,38.08,46.2919,Spring,5 May,18,14.76,260.66,506.0,40.5,169.4,75.24,260.66,-80.66,75.24,0.0,531.4,187.1,169.4,2.34,1.58,0.19,34.99,0.0,day_charging
East Azerbaijan,Tabriz,38.08,46.2919,Spring,5 May,19,3.3,251.82,97.4,25.7,31.3,85.0,251.82,-71.82,85.0,0.0,111.0,45.8,31.3,0.49,1.58,-1.09,33.84,0.0,day_discharging
East Azerbaijan,Tabriz,38.08,46.2919,Spring,5 May,20,-7.57,242.37,0.0,0.0,0.0,0.0,180.0,0.0,0.0,0.0,0.0,0.0,0.0,0.0,1.98,-1.98,31.76,0.0,night_discharging
East Azerbaijan,Tabriz,38.08,46.2919,Spring,5 May,21,-17.47,231.65,0.0,0.0,0.0,0.0,180.0,0.0,0.0,0.0,0.0,0.0,0.0,0.0,1.98,-1.98,29.68,0.0,night_discharging
East Azerbaijan,Tabriz,38.08,46.2919,Spring,5 May,22,-25.88,219.06,0.0,0.0,0.0,0.0,180.0,0.0,0.0,0.0,0.0,0.0,0.0,0.0,1.98,-1.98,27.6,0.0,night_discharging
East Azerbaijan,Tabriz,38.08,46.2919,Spring,5 May,23,-32.09,204.19,0.0,0.0,0.0,0.0,180.0,0.0,0.0,0.0,0.0,0.0,0.0,0.0,1.98,-1.98,25.52,0.0,night_discharging
East Azerbaijan,Tabriz,38.08,46.2919,Summer,6 Aug,0,-35.01,172.73,0.0,0.0,0.0,0.0,180.0,0.0,0.0,0.0,0.0,0.0,0.0,0.0,1.98,-1.98,20.67,0.0,night_discharging
East Azerbaijan,Tabriz,38.08,46.2919,Summer,6 Aug,1,-34.7,169.74,0.0,0.0,0.0,0.0,180.0,0.0,0.0,0.0,0.0,0.0,0.0,0.0,1.98,-1.98,18.59,0.0,night_discharging
East Azerbaijan,Tabriz,38.08,46.2919,Summer,6 Aug,2,-30.93,153.21,0.0,0.0,0.0,0.0,180.0,0.0,0.0,0.0,0.0,0.0,0.0,0.0,1.98,-1.98,16.51,0.0,night_discharging
East Azerbaijan,Tabriz,38.08,46.2919,Summer,6 Aug,3,-24.32,138.79,0.0,0.0,0.0,0.0,180.0,0.0,0.0,0.0,0.0,0.0,0.0,0.0,1.98,-1.98,14.43,0.0,night_discharging
East Azerbaijan,Tabriz,38.08,46.2919,Summer,6 Aug,4,-15.63,126.59,0.0,0.0,0.0,0.0,180.0,0.0,0.0,0.0,0.0,0.0,0.0,0.0,1.98,-1.98,12.35,0.0,night_discharging
East Azerbaijan,Tabriz,38.08,46.2919,Summer,6 Aug,5,-5.55,116.15,0.0,0.0,0.0,0.0,180.0,0.0,0.0,0.0,0.0,0.0,0.0,0.0,1.58,-1.58,10.69,0.0,night_discharging
East Azerbaijan,Tabriz,38.08,46.2919,Summer,6 Aug,6,5.43,106.86,201.6,27.3,46.4,84.57,106.86,73.14,84.57,0.0,216.5,74.8,46.4,0.95,1.58,-0.63,10.03,0.0,day_discharging
East Azerbaijan,Tabriz,38.08,46.2919,Summer,6 Aug,7,16.95,98.09,546.0,44.1,203.2,73.05,98.09,81.91,73.05,0.0,574.4,211.0,203.2,2.53,1.16,1.37,11.33,0.0,day_charging
East Azerbaijan,Tabriz,38.08,46.2919,Summer,6 Aug,8,28.72,89.11,674.5,63.9,388.0,61.28,89.11,90.89,61.28,0.0,721.8,310.8,388.0,3.18,1.16,2.02,13.25,0.0,day_charging
East Azerbaijan,Tabriz,38.08,46.2919,Summer,6 Aug,9,40.45,78.98,734.8,82.2,559.0,49.55,78.98,101.02,49.55,0.0,802.6,390.4,559.0,3.53,1.16,2.37,15.5,0.0,day_charging
East Azerbaijan,Tabriz,38.08,46.2919,Summer,6 Aug,10,51.71,66.0,766.8,97.2,699.0,38.29,66.0,114.0,38.29,0.0,853.5,451.8,699.0,3.76,1.16,2.6,17.97,0.0,day_charging
East Azerbaijan,Tabriz,38.08,46.2919,Summer,6 Aug,11,61.58,46.75,783.7,107.7,797.0,28.42,46.75,133.25,28.42,0.0,884.9,493.5,797.0,3.89,1.16,2.73,20.56,0.0,day_charging
East Azerbaijan,Tabriz,38.08,46.2919,Summer,6 Aug,12,67.84,15.95,790.9,112.9,845.4,22.16,15.95,164.05,22.16,0.0,899.7,513.9,845.4,3.96,1.16,2.8,23.22,0.0,day_charging
East Azerbaijan,Tabriz,38.08,46.2919,Summer,6 Aug,13,67.17,337.82,790.3,112.4,840.8,22.83,337.82,-157.82,22.83,0.0,898.3,511.9,840.8,3.95,1.16,2.79,25.87,0.0,day_charging
East Azerbaijan,Tabriz,38.08,46.2919,Summer,6 Aug,14,60.05,309.26,781.6,106.3,783.5,29.95,309.26,-129.26,29.95,0.0,880.8,487.8,783.5,3.88,1.16,2.72,28.45,0.0,day_charging
East Azerbaijan,Tabriz,38.08,46.2919,Summer,6 Aug,15,49.83,291.44,762.6,94.9,677.6,40.17,291.44,-111.44,40.17,0.0,846.3,442.5,677.6,3.72,1.16,2.56,30.88,0.0,day_charging
East Azerbaijan,Tabriz,38.08,46.2919,Summer,6 Aug,16,38.45,279.13,727.0,79.2,531.3,51.55,279.13,-99.13,51.55,0.0,791.3,377.9,531.3,3.48,1.16,2.32,33.08,0.0,day_charging
East Azerbaijan,Tabriz,38.08,46.2919,Summer,6 Aug,17,26.69,269.29,659.1,60.5,356.5,63.31,269.29,-89.29,63.31,0.0,703.0,295.2,356.5,3.09,1.16,1.92,34.9,0.0,day_charging
East Azerbaijan,Tabriz,38.08,46.2919,Summer,6 Aug,18,14.94,260.41,509.5,40.8,172.1,75.06,260.41,-80.41,75.06,0.0,535.1,190.9,172.1,2.35,1.58,0.1,34.99,0.0,day_charging
East Azerbaijan,Tabriz,38.08,46.2919,Summer,6 Aug,19,3.49,251.59,106.4,25.8,32.3,85.0,251.59,-71.59,85.0,0.0,120.1,48.6,32.3,0.53,1.58,-1.05,33.88,0.0,day_discharging
East Azerbaijan,Tabriz,38.08,46.2919,Summer,6 Aug,20,-7.36,242.15,0.0,0.0,0.0,0.0,180.0,0.0,0.0,0.0,0.0,0.0,0.0,0.0,1.98,-1.98,31.8,0.0,night_discharging
East Azerbaijan,Tabriz,38.08,46.2919,Summer,6 Aug,21,-17.24,231.45,0.0,0.0,0.0,0.0,180.0,0.0,0.0,0.0,0.0,0.0,0.0,0.0,1.98,-1.98,29.72,0.0,night_discharging
East Azerbaijan,Tabriz,38.08,46.2919,Summer,6 Aug,22,-25.62,218.89,0.0,0.0,0.0,0.0,180.0,0.0,0.0,0.0,0.0,0.0,0.0,0.0,1.98,-1.98,27.64,0.0,night_discharging
East Azerbaijan,Tabriz,38.08,46.2919,Summer,6 Aug,23,-31.81,204.08,0.0,0.0,0.0,0.0,180.0,0.0,0.0,0.0,0.0,0.0,0.0,0.0,1.98,-1.98,25.56,0.0,night_discharging
East Azerbaijan,Tabriz,38.08,46.2919,Autumn,6 Nov,0,-67.25,164.4,0.0,0.0,0.0,0.0,180.0,0.0,0.0,0.0,0.0,0.0,0.0,0.0,1.98,-1.98,20.67,0.0,night_discharging
East Azerbaijan,Tabriz,38.08,46.2919,Autumn,6 Nov,1,-66.6,158.29,0.0,0.0,0.0,0.0,180.0,0.0,0.0,0.0,0.0,0.0,0.0,0.0,1.98,-1.98,18.59,0.0,night_discharging
East Azerbaijan,Tabriz,38.08,46.2919,Autumn,6 Nov,2,-59.58,130.01,0.0,0.0,0.0,0.0,180.0,0.0,0.0,0.0,0.0,0.0,0.0,0.0,1.98,-1.98,16.51,0.0,night_discharging
East Azerbaijan,Tabriz,38.08,46.2919,Autumn,6 Nov,3,-49.44,112.15,0.0,0.0,0.0,0.0,180.0,0.0,0.0,0.0,0.0,0.0,0.0,0.0,1.98,-1.98,14.43,0.0,night_discharging
East Azerbaijan,Tabriz,38.08,46.2919,Autumn,6 Nov,4,-38.1,99.75,0.0,0.0,0.0,0.0,180.0,0.0,0.0,0.0,0.0,0.0,0.0,0.0,1.98,-1.98,12.35,0.0,night_discharging
East Azerbaijan,Tabriz,38.08,46.2919,Autumn,6 Nov,5,-26.34,89.84,0.0,0.0,0.0,0.0,180.0,0.0,0.0,0.0,0.0,0.0,0.0,0.0,1.58,-1.58,10.69,0.0,night_discharging
East Azerbaijan,Tabriz,38.08,46.2919,Autumn,6 Nov,6,-14.59,80.91,0.0,0.0,0.0,0.0,180.0,0.0,0.0,0.0,0.0,0.0,0.0,0.0,1.58,-1.58,9.03,0.0,night_discharging
East Azerbaijan,Tabriz,38.08,46.2919,Autumn,6 Nov,7,-3.12,72.06,0.0,0.0,0.0,0.0,180.0,0.0,0.0,0.0,0.0,0.0,0.0,0.0,1.16,-1.16,7.81,0.0,night_discharging
East Azerbaijan,Tabriz,38.08,46.2919,Autumn,6 Nov,8,7.77,62.59,304.9,29.9,71.2,82.23,62.59,117.41,82.23,0.0,321.9,26.9,71.2,1.42,1.16,0.26,8.06,0.0,day_charging
East Azerbaijan,Tabriz,38.08,46.2919,Autumn,6 Nov,9,17.7,51.86,558.1,45.4,215.0,72.3,51.86,128.14,72.3,0.0,587.6,40.8,215.0,2.59,1.16,1.43,9.42,0.0,day_charging
East Azerbaijan,Tabriz,38.08,46.2919,Autumn,6 Nov,10,26.14,39.24,654.6,59.6,348.0,63.86,39.24,140.76,63.86,0.0,697.6,53.6,348.0,3.07,1.16,1.91,11.23,0.0,day_charging
East Azerbaijan,Tabriz,38.08,46.2919,Autumn,6 Nov,11,32.37,24.31,697.7,69.8,443.4,57.63,24.31,155.69,57.63,0.0,751.3,62.8,443.4,3.31,1.16,2.15,13.27,0.0,day_charging
East Azerbaijan,Tabriz,38.08,46.2919,Autumn,6 Nov,12,35.61,7.35,714.5,74.9,490.9,54.39,7.35,172.65,54.39,0.0,773.8,67.4,490.9,3.4,1.16,2.24,15.4,0.0,day_charging
East Azerbaijan,Tabriz,38.08,46.2919,Autumn,6 Nov,13,35.29,349.63,713.0,74.4,486.4,54.71,349.63,-169.63,54.71,0.0,771.7,66.9,486.4,3.4,1.16,2.24,17.53,0.0,day_charging
East Azerbaijan,Tabriz,38.08,46.2919,Autumn,6 Nov,14,31.49,332.95,692.5,68.4,430.2,58.51,332.95,-152.95,58.51,0.0,744.6,61.5,430.2,3.28,1.16,2.12,19.54,0.0,day_charging
East Azerbaijan,Tabriz,38.08,46.2919,Autumn,6 Nov,15,24.82,318.43,643.1,57.4,327.4,65.18,318.43,-138.43,65.18,0.0,683.9,51.6,327.4,3.01,1.16,1.85,21.3,0.0,day_charging
East Azerbaijan,Tabriz,38.08,46.2919,Autumn,6 Nov,16,16.08,306.18,531.0,42.6,189.7,73.92,306.18,-126.18,73.92,0.0,558.2,38.4,189.7,2.46,1.16,1.3,22.54,0.0,day_charging
East Azerbaijan,Tabriz,38.08,46.2919,Autumn,6 Nov,17,5.95,295.71,226.3,27.8,51.3,84.05,295.71,-115.71,84.05,0.0,241.6,25.0,51.3,1.06,1.16,-0.1,22.43,0.0,day_discharging
East Azerbaijan,Tabriz,38.08,46.2919,Autumn,6 Nov,18,-5.06,286.39,0.0,0.0,0.0,0.0,180.0,0.0,0.0,0.0,0.0,0.0,0.0,0.0,1.58,-1.58,20.77,0.0,night_discharging
East Azerbaijan,Tabriz,38.08,46.2919,Autumn,6 Nov,19,-16.6,277.58,0.0,0.0,0.0,0.0,180.0,0.0,0.0,0.0,0.0,0.0,0.0,0.0,1.58,-1.58,19.11,0.0,night_discharging
East Azerbaijan,Tabriz,38.08,46.2919,Autumn,6 Nov,20,-28.38,268.55,0.0,0.0,0.0,0.0,180.0,0.0,0.0,0.0,0.0,0.0,0.0,0.0,1.98,-1.98,17.03,0.0,night_discharging
East Azerbaijan,Tabriz,38.08,46.2919,Autumn,6 Nov,21,-40.09,258.35,0.0,0.0,0.0,0.0,180.0,0.0,0.0,0.0,0.0,0.0,0.0,0.0,1.98,-1.98,14.95,0.0,night_discharging
East Azerbaijan,Tabriz,38.08,46.2919,Autumn,6 Nov,22,-51.31,245.28,0.0,0.0,0.0,0.0,180.0,0.0,0.0,0.0,0.0,0.0,0.0,0.0,1.98,-1.98,12.87,0.0,night_discharging
East Azerbaijan,Tabriz,38.08,46.2919,Autumn,6 Nov,23,-61.09,226.01,0.0,0.0,0.0,0.0,180.0,0.0,0.0,0.0,0.0,0.0,0.0,0.0,1.98,-1.98,10.79,0.0,night_discharging
East Azerbaijan,Tabriz,38.08,46.2919,Winter,4 Feb,0,-67.45,164.29,0.0,0.0,0.0,0.0,180.0,0.0,0.0,0.0,0.0,0.0,0.0,0.0,1.98,-1.98,20.67,0.0,night_discharging
East Azerbaijan,Tabriz,38.08,46.2919,Winter,4 Feb,1,-66.79,158.13,0.0,0.0,0.0,0.0,180.0,0.0,0.0,0.0,0.0,0.0,0.0,0.0,1.98,-1.98,18.59,0.0,night_discharging
East Azerbaijan,Tabriz,38.08,46.2919,Winter,4 Feb,2,-59.74,129.76,0.0,0.0,0.0,0.0,180.0,0.0,0.0,0.0,0.0,0.0,0.0,0.0,1.98,-1.98,16.51,0.0,night_discharging
East Azerbaijan,Tabriz,38.08,46.2919,Winter,4 Feb,3,-49.57,111.91,0.0,0.0,0.0,0.0,180.0,0.0,0.0,0.0,0.0,0.0,0.0,0.0,1.98,-1.98,14.43,0.0,night_discharging
East Azerbaijan,Tabriz,38.08,46.2919,Winter,4 Feb,4,-38.21,99.54,0.0,0.0,0.0,0.0,180.0,0.0,0.0,0.0,0.0,0.0,0.0,0.0,1.98,-1.98,12.35,0.0,night_discharging
East Azerbaijan,Tabriz,38.08,46.2919,Winter,4 Feb,5,-26.46,89.66,0.0,0.0,0.0,0.0,180.0,0.0,0.0,0.0,0.0,0.0,0.0,0.0,1.58,-1.58,10.69,0.0,night_discharging
East Azerbaijan,Tabriz,38.08,46.2919,Winter,4 Feb,6,-14.7,80.75,0.0,0.0,0.0,0.0,180.0,0.0,0.0,0.0,0.0,0.0,0.0,0.0,1.58,-1.58,9.03,0.0,night_discharging
East Azerbaijan,Tabriz,38.08,46.2919,Winter,4 Feb,7,-3.24,71.9,0.0,0.0,0.0,0.0,180.0,0.0,0.0,0.0,0.0,0.0,0.0,0.0,1.16,-1.16,7.81,0.0,night_discharging
East Azerbaijan,Tabriz,38.08,46.2919,Winter,4 Feb,8,7.64,62.44,299.4,29.8,69.6,82.36,62.44,117.56,82.36,0.0,316.2,26.8,69.6,1.39,1.16,0.23,8.03,0.0,day_charging
East Azerbaijan,Tabriz,38.08,46.2919,Winter,4 Feb,9,17.55,51.72,555.7,45.1,212.6,72.45,51.72,128.28,72.45,0.0,585.0,40.6,212.6,2.57,1.16,1.41,9.37,0.0,day_charging
East Azerbaijan,Tabriz,38.08,46.2919,Winter,4 Feb,10,25.97,39.12,653.2,59.3,345.3,64.03,39.12,140.88,64.03,0.0,695.9,53.3,345.3,3.06,1.16,1.9,11.17,0.0,day_charging
East Azerbaijan,Tabriz,38.08,46.2919,Winter,4 Feb,11,32.18,24.23,696.6,69.5,440.6,57.82,24.23,155.77,57.82,0.0,749.9,62.5,440.6,3.3,1.16,2.14,13.2,0.0,day_charging
East Azerbaijan,Tabriz,38.08,46.2919,Winter,4 Feb,12,35.41,7.32,713.6,74.6,488.0,54.59,7.32,172.68,54.59,0.0,772.5,67.1,488.0,3.4,1.16,2.24,15.33,0.0,day_charging
East Azerbaijan,Tabriz,38.08,46.2919,Winter,4 Feb,13,35.1,349.67,712.1,74.1,483.5,54.9,349.67,-169.67,54.9,0.0,770.4,66.7,483.5,3.39,1.16,2.23,17.45,0.0,day_charging
East Azerbaijan,Tabriz,38.08,46.2919,Winter,4 Feb,14,31.3,333.04,691.4,68.1,427.4,58.7,333.04,-153.04,58.7,0.0,743.2,61.3,427.4,3.27,1.16,2.11,19.45,0.0,day_charging
East Azerbaijan,Tabriz,38.08,46.2919,Winter,4 Feb,15,24.65,318.55,641.6,57.1,324.7,65.35,318.55,-138.55,65.35,0.0,682.1,51.4,324.7,3.0,1.16,1.84,21.2,0.0,day_charging
East Azerbaijan,Tabriz,38.08,46.2919,Winter,4 Feb,16,15.93,306.31,528.3,42.4,187.4,74.07,306.31,-126.31,74.07,0.0,555.3,38.1,187.4,2.44,1.16,1.28,22.42,0.0,day_charging
East Azerbaijan,Tabriz,38.08,46.2919,Winter,4 Feb,17,5.82,295.86,220.0,27.7,50.0,84.18,295.86,-115.86,84.18,0.0,235.2,24.9,50.0,1.03,1.16,-0.13,22.28,0.0,day_discharging
East Azerbaijan,Tabriz,38.08,46.2919,Winter,4 Feb,18,-5.18,286.55,0.0,0.0,0.0,0.0,180.0,0.0,0.0,0.0,0.0,0.0,0.0,0.0,1.58,-1.58,20.62,0.0,night_discharging
East Azerbaijan,Tabriz,38.08,46.2919,Winter,4 Feb,19,-16.71,277.75,0.0,0.0,0.0,0.0,180.0,0.0,0.0,0.0,0.0,0.0,0.0,0.0,1.58,-1.58,18.96,0.0,night_discharging
East Azerbaijan,Tabriz,38.08,46.2919,Winter,4 Feb,20,-28.49,268.74,0.0,0.0,0.0,0.0,180.0,0.0,0.0,0.0,0.0,0.0,0.0,0.0,1.98,-1.98,16.88,0.0,night_discharging
East Azerbaijan,Tabriz,38.08,46.2919,Winter,4 Feb,21,-40.21,258.56,0.0,0.0,0.0,0.0,180.0,0.0,0.0,0.0,0.0,0.0,0.0,0.0,1.98,-1.98,14.8,0.0,night_discharging
East Azerbaijan,Tabriz,38.08,46.2919,Winter,4 Feb,22,-51.44,245.52,0.0,0.0,0.0,0.0,180.0,0.0,0.0,0.0,0.0,0.0,0.0,0.0,1.98,-1.98,12.72,0.0,night_discharging
East Azerbaijan,Tabriz,38.08,46.2919,Winter,4 Feb,23,-61.26,226.25,0.0,0.0,0.0,0.0,180.0,0.0,0.0,0.0,0.0,0.0,0.0,0.0,1.98,-1.98,10.64,0.0,night_discharging
Khuzestan,Ahvaz,31.3183,48.6706,Spring,5 May,0,-42.24,175.03,0.0,0.0,0.0,0.0,180.0,0.0,0.0,0.0,0.0,0.0,0.0,0.0,1.98,-1.98,20.02,0.0,night_discharging
Khuzestan,Ahvaz,31.3183,48.6706,Spring,5 May,1,-41.19,165.69,0.0,0.0,0.0,0.0,180.0,0.0,0.0,0.0,0.0,0.0,0.0,0.0,1.98,-1.98,17.94,0.0,night_discharging
Khuzestan,Ahvaz,31.3183,48.6706,Spring,5 May,2,-36.16,148.38,0.0,0.0,0.0,0.0,180.0,0.0,0.0,0.0,0.0,0.0,0.0,0.0,1.98,-1.98,15.86,0.0,night_discharging
Khuzestan,Ahvaz,31.3183,48.6706,Spring,5 May,3,-28.12,134.24,0.0,0.0,0.0,0.0,180.0,0.0,0.0,0.0,0.0,0.0,0.0,0.0,1.98,-1.98,13.78,0.0,night_discharging
Khuzestan,Ahvaz,31.3183,48.6706,Spring,5 May,4,-18.1,122.99,0.0,0.0,0.0,0.0,180.0,0.0,0.0,0.0,0.0,0.0,0.0,0.0,1.98,-1.98,11.7,0.0,night_discharging
Khuzestan,Ahvaz,31.3183,48.6706,Spring,5 May,5,-6.82,113.81,0.0,0.0,0.0,0.0,180.0,0.0,0.0,0.0,0.0,0.0,0.0,0.0,1.58,-1.58,10.04,0.0,night_discharging
Khuzestan,Ahvaz,31.3183,48.6706,Spring,5 May,6,5.23,105.92,191.8,27.1,44.6,84.77,105.92,74.08,84.77,0.0,206.6,67.1,44.6,1.0,1.58,-0.58,9.43,0.0,day_discharging
Khuzestan,Ahvaz,31.3183,48.6706,Spring,5 May,7,17.74,98.64,558.7,45.4,215.7,72.26,98.64,81.36,72.26,0.0,588.4,229.3,215.7,2.85,1.25,1.6,10.95,0.0,day_charging
Khuzestan,Ahvaz,31.3183,48.6706,Spring,5 May,8,30.5,91.31,686.4,66.8,415.2,59.5,91.31,88.69,59.5,0.0,736.8,367.6,415.2,3.57,1.25,2.32,13.15,0.0,day_charging
Khuzestan,Ahvaz,31.3183,48.6706,Spring,5 May,9,43.29,83.0,744.6,86.3,596.8,46.71,83.0,97.0,46.71,0.0,817.3,483.7,596.8,3.96,1.25,2.71,15.72,0.0,day_charging
Khuzestan,Ahvaz,31.3183,48.6706,Spring,5 May,10,55.79,71.9,774.8,101.9,742.6,34.21,71.9,108.1,34.21,0.0,867.8,574.1,742.6,4.2,1.25,2.95,18.52,0.0,day_charging
Khuzestan,Ahvaz,31.3183,48.6706,Spring,5 May,11,67.21,53.12,790.3,112.4,841.1,22.79,53.12,126.88,22.79,0.0,898.4,634.4,841.1,4.35,1.25,3.1,21.46,0.0,day_charging
Khuzestan,Ahvaz,31.3183,48.6706,Spring,5 May,12,74.58,13.95,796.3,117.1,884.8,15.42,13.95,166.05,15.42,0.0,911.3,660.9,884.8,4.41,1.25,3.16,24.46,0.0,day_charging
Khuzestan,Ahvaz,31.3183,48.6706,Spring,5 May,13,71.86,323.32,794.4,115.6,870.5,18.14,323.32,-143.32,18.14,0.0,907.1,652.3,870.5,4.39,1.25,3.14,27.44,0.0,day_charging
Khuzestan,Ahvaz,31.3183,48.6706,Spring,5 May,14,61.86,296.17,784.1,108.0,799.4,28.14,296.17,-116.17,28.14,0.0,885.7,608.9,799.4,4.29,1.25,3.04,30.33,0.0,day_charging
Khuzestan,Ahvaz,31.3183,48.6706,Spring,5 May,15,49.74,282.13,762.3,94.8,676.6,40.26,282.13,-102.13,40.26,0.0,845.9,533.4,676.6,4.09,1.25,2.84,33.03,0.0,day_charging
Khuzestan,Ahvaz,31.3183,48.6706,Spring,5 May,16,37.04,272.73,721.1,77.1,511.5,52.96,272.73,-92.73,52.96,0.0,782.9,429.8,511.5,3.79,1.25,0.97,33.95,0.0,day_charging
Khuzestan,Ahvaz,31.3183,48.6706,Spring,5 May,17,24.24,265.05,637.7,56.4,318.2,65.76,265.05,-85.05,65.76,0.0,677.5,302.7,318.2,3.28,1.25,0.05,34.0,0.0,day_idle
Khuzestan,Ahvaz,31.3183,48.6706,Spring,5 May,18,11.57,257.83,431.1,35.4,121.9,78.43,257.83,-77.83,78.43,0.0,452.4,152.8,121.9,2.19,1.58,0.0,34.0,0.0,day_idle
Khuzestan,Ahvaz,31.3183,48.6706,Spring,5 May,19,-0.74,250.34,0.0,0.0,0.0,0.0,180.0,0.0,0.0,0.0,0.0,0.0,0.0,0.0,1.58,-1.58,32.34,0.0,night_discharging
Khuzestan,Ahvaz,31.3183,48.6706,Spring,5 May,20,-12.46,241.91,0.0,0.0,0.0,0.0,180.0,0.0,0.0,0.0,0.0,0.0,0.0,0.0,1.98,-1.98,30.26,0.0,night_discharging
Khuzestan,Ahvaz,31.3183,48.6706,Spring,5 May,21,-23.2,231.82,0.0,0.0,0.0,0.0,180.0,0.0,0.0,0.0,0.0,0.0,0.0,0.0,1.98,-1.98,28.18,0.0,night_discharging
Khuzestan,Ahvaz,31.3183,48.6706,Spring,5 May,22,-32.36,219.24,0.0,0.0,0.0,0.0,180.0,0.0,0.0,0.0,0.0,0.0,0.0,0.0,1.98,-1.98,26.1,0.0,night_discharging
Khuzestan,Ahvaz,31.3183,48.6706,Spring,5 May,23,-39.06,203.51,0.0,0.0,0.0,0.0,180.0,0.0,0.0,0.0,0.0,0.0,0.0,0.0,1.98,-1.98,24.02,0.0,night_discharging
Khuzestan,Ahvaz,31.3183,48.6706,Summer,6 Aug,0,-41.94,175.06,0.0,0.0,0.0,0.0,180.0,0.0,0.0,0.0,0.0,0.0,0.0,0.0,1.98,-1.98,20.02,0.0,night_discharging
Khuzestan,Ahvaz,31.3183,48.6706,Summer,6 Aug,1,-40.9,165.78,0.0,0.0,0.0,0.0,180.0,0.0,0.0,0.0,0.0,0.0,0.0,0.0,1.98,-1.98,17.94,0.0,night_discharging
Khuzestan,Ahvaz,31.3183,48.6706,Summer,6 Aug,2,-35.89,148.55,0.0,0.0,0.0,0.0,180.0,0.0,0.0,0.0,0.0,0.0,0.0,0.0,1.98,-1.98,15.86,0.0,night_discharging
Khuzestan,Ahvaz,31.3183,48.6706,Summer,6 Aug,3,-27.89,134.46,0.0,0.0,0.0,0.0,180.0,0.0,0.0,0.0,0.0,0.0,0.0,0.0,1.98,-1.98,13.78,0.0,night_discharging
Khuzestan,Ahvaz,31.3183,48.6706,Summer,6 Aug,4,-17.9,123.22,0.0,0.0,0.0,0.0,180.0,0.0,0.0,0.0,0.0,0.0,0.0,0.0,1.98,-1.98,11.7,0.0,night_discharging
Khuzestan,Ahvaz,31.3183,48.6706,Summer,6 Aug,5,-6.65,114.05,0.0,0.0,0.0,0.0,180.0,0.0,0.0,0.0,0.0,0.0,0.0,0.0,1.58,-1.58,10.04,0.0,night_discharging
Khuzestan,Ahvaz,31.3183,48.6706,Summer,6 Aug,6,5.38,106.17,199.3,27.2,45.9,84.62,106.17,73.83,84.62,0.0,214.2,69.8,45.9,1.04,1.58,-0.54,9.47,0.0,day_discharging
Khuzestan,Ahvaz,31.3183,48.6706,Summer,6 Aug,7,17.88,98.92,560.9,45.7,217.9,72.12,98.92,81.08,72.12,0.0,590.8,232.7,217.9,2.86,1.25,1.61,11.0,0.0,day_charging
Khuzestan,Ahvaz,31.3183,48.6706,Summer,6 Aug,8,30.64,91.62,687.3,67.0,417.3,59.36,91.62,88.38,59.36,0.0,737.9,371.1,417.3,3.57,1.25,2.32,13.2,0.0,day_charging
Khuzestan,Ahvaz,31.3183,48.6706,Summer,6 Aug,9,43.43,83.37,745.0,86.5,598.6,46.57,83.37,96.63,46.57,0.0,818.0,487.1,598.6,3.96,1.25,2.71,15.77,0.0,day_charging
Khuzestan,Ahvaz,31.3183,48.6706,Summer,6 Aug,10,55.95,72.35,775.0,102.1,744.2,34.05,72.35,107.65,34.05,0.0,868.4,577.5,744.2,4.2,1.25,2.95,18.57,0.0,day_charging
Khuzestan,Ahvaz,31.3183,48.6706,Summer,6 Aug,11,67.42,53.68,790.5,112.6,842.5,22.58,53.68,126.32,22.58,0.0,898.8,637.6,842.5,4.35,1.25,3.1,21.52,0.0,day_charging
Khuzestan,Ahvaz,31.3183,48.6706,Summer,6 Aug,12,74.87,14.2,796.5,117.3,886.2,15.13,14.2,165.8,15.13,0.0,911.7,664.2,886.2,4.41,1.25,3.16,24.52,0.0,day_charging
Khuzestan,Ahvaz,31.3183,48.6706,Summer,6 Aug,13,72.12,322.8,794.6,115.7,871.9,17.88,322.8,-142.8,17.88,0.0,907.5,655.5,871.9,4.39,1.25,3.14,27.5,0.0,day_charging
Khuzestan,Ahvaz,31.3183,48.6706,Summer,6 Aug,14,62.04,295.65,784.3,108.1,800.9,27.96,295.65,-115.65,27.96,0.0,886.2,612.2,800.9,4.29,1.25,3.04,30.39,0.0,day_charging
Khuzestan,Ahvaz,31.3183,48.6706,Summer,6 Aug,15,49.89,281.72,762.7,95.0,678.3,40.11,281.72,-101.72,40.11,0.0,846.5,536.8,678.3,4.1,1.25,2.85,33.1,0.0,day_charging
Khuzestan,Ahvaz,31.3183,48.6706,Summer,6 Aug,16,37.18,272.39,721.7,77.3,513.4,52.82,272.39,-92.39,52.82,0.0,783.7,433.2,513.4,3.79,1.25,0.9,33.95,0.0,day_charging
Khuzestan,Ahvaz,31.3183,48.6706,Summer,6 Aug,17,24.38,264.75,639.1,56.7,320.4,65.62,264.75,-84.75,65.62,0.0,679.1,306.1,320.4,3.29,1.25,0.05,34.0,0.0,day_idle
Khuzestan,Ahvaz,31.3183,48.6706,Summer,6 Aug,18,11.72,257.57,435.1,35.6,124.0,78.28,257.57,-77.57,78.28,0.0,456.5,156.1,124.0,2.21,1.58,0.0,34.0,0.0,day_idle
Khuzestan,Ahvaz,31.3183,48.6706,Summer,6 Aug,19,-0.58,250.09,0.0,0.0,0.0,0.0,180.0,0.0,0.0,0.0,0.0,0.0,0.0,0.0,1.58,-1.58,32.34,0.0,night_discharging
Khuzestan,Ahvaz,31.3183,48.6706,Summer,6 Aug,20,-12.27,241.67,0.0,0.0,0.0,0.0,180.0,0.0,0.0,0.0,0.0,0.0,0.0,0.0,1.98,-1.98,30.26,0.0,night_discharging
Khuzestan,Ahvaz,31.3183,48.6706,Summer,6 Aug,21,-22.98,231.59,0.0,0.0,0.0,0.0,180.0,0.0,0.0,0.0,0.0,0.0,0.0,0.0,1.98,-1.98,28.18,0.0,night_discharging
Khuzestan,Ahvaz,31.3183,48.6706,Summer,6 Aug,22,-32.11,219.04,0.0,0.0,0.0,0.0,180.0,0.0,0.0,0.0,0.0,0.0,0.0,0.0,1.98,-1.98,26.1,0.0,night_discharging
Khuzestan,Ahvaz,31.3183,48.6706,Summer,6 Aug,23,-38.78,203.38,0.0,0.0,0.0,0.0,180.0,0.0,0.0,0.0,0.0,0.0,0.0,0.0,1.98,-1.98,24.02,0.0,night_discharging
Khuzestan,Ahvaz,31.3183,48.6706,Autumn,6 Nov,0,-74.29,166.29,0.0,0.0,0.0,0.0,180.0,0.0,0.0,0.0,0.0,0.0,0.0,0.0,1.98,-1.98,20.02,0.0,night_discharging
Khuzestan,Ahvaz,31.3183,48.6706,Autumn,6 Nov,1,-71.61,143.83,0.0,0.0,0.0,0.0,180.0,0.0,0.0,0.0,0.0,0.0,0.0,0.0,1.98,-1.98,17.94,0.0,night_discharging
Khuzestan,Ahvaz,31.3183,48.6706,Autumn,6 Nov,2,-61.68,116.67,0.0,0.0,0.0,0.0,180.0,0.0,0.0,0.0,0.0,0.0,0.0,0.0,1.98,-1.98,15.86,0.0,night_discharging
Khuzestan,Ahvaz,31.3183,48.6706,Autumn,6 Nov,3,-49.59,102.53,0.0,0.0,0.0,0.0,180.0,0.0,0.0,0.0,0.0,0.0,0.0,0.0,1.98,-1.98,13.78,0.0,night_discharging
Khuzestan,Ahvaz,31.3183,48.6706,Autumn,6 Nov,4,-36.9,93.06,0.0,0.0,0.0,0.0,180.0,0.0,0.0,0.0,0.0,0.0,0.0,0.0,1.98,-1.98,11.7,0.0,night_discharging
Khuzestan,Ahvaz,31.3183,48.6706,Autumn,6 Nov,5,-24.1,85.34,0.0,0.0,0.0,0.0,180.0,0.0,0.0,0.0,0.0,0.0,0.0,0.0,1.58,-1.58,10.04,0.0,night_discharging
Khuzestan,Ahvaz,31.3183,48.6706,Autumn,6 Nov,6,-11.43,78.1,0.0,0.0,0.0,0.0,180.0,0.0,0.0,0.0,0.0,0.0,0.0,0.0,1.58,-1.58,8.38,0.0,night_discharging
Khuzestan,Ahvaz,31.3183,48.6706,Autumn,6 Nov,7,0.91,70.59,12.2,25.0,25.2,85.0,70.59,109.41,85.0,0.0,24.9,23.2,25.2,0.12,1.25,-1.13,7.19,0.0,day_discharging
Khuzestan,Ahvaz,31.3183,48.6706,Autumn,6 Nov,8,12.65,62.15,458.8,37.1,137.5,77.35,62.15,117.85,77.35,0.0,481.4,34.4,137.5,2.33,1.25,1.08,8.22,0.0,day_charging
Khuzestan,Ahvaz,31.3183,48.6706,Autumn,6 Nov,9,23.41,52.05,629.7,55.0,305.2,66.59,52.05,127.95,66.59,0.0,668.1,82.5,305.2,3.23,1.25,1.98,10.1,0.0,day_charging
Khuzestan,Ahvaz,31.3183,48.6706,Autumn,6 Nov,10,32.61,39.44,699.0,70.2,446.9,57.39,39.44,140.56,57.39,0.0,753.0,153.9,446.9,3.64,1.25,2.39,12.37,0.0,day_charging
Khuzestan,Ahvaz,31.3183,48.6706,Autumn,6 Nov,11,39.34,23.65,730.6,80.6,543.8,50.66,23.65,156.35,50.66,0.0,796.5,205.3,543.8,3.85,1.25,2.6,14.84,0.0,day_charging
Khuzestan,Ahvaz,31.3183,48.6706,Autumn,6 Nov,12,42.54,5.0,742.1,85.2,587.0,47.46,5.0,175.0,47.46,0.0,813.5,228.6,587.0,3.94,1.25,2.69,17.4,0.0,day_charging
Khuzestan,Ahvaz,31.3183,48.6706,Autumn,6 Nov,13,41.48,345.61,738.5,83.7,572.9,48.52,345.61,-165.61,48.52,0.0,808.1,221.0,572.9,3.91,1.25,2.66,19.93,0.0,day_charging
Khuzestan,Ahvaz,31.3183,48.6706,Autumn,6 Nov,14,36.42,328.2,718.3,76.2,502.7,53.58,328.2,-148.2,53.58,0.0,779.0,183.3,502.7,3.77,1.25,2.52,22.32,0.0,day_charging
Khuzestan,Ahvaz,31.3183,48.6706,Autumn,6 Nov,15,28.35,314.02,671.9,63.3,382.3,61.65,314.02,-134.02,61.65,0.0,718.5,120.6,382.3,3.48,1.25,2.23,24.44,0.0,day_charging
Khuzestan,Ahvaz,31.3183,48.6706,Autumn,6 Nov,16,18.29,302.75,567.1,46.4,224.4,71.71,302.75,-122.75,71.71,0.0,597.6,45.6,224.4,2.89,1.25,1.64,26.0,0.0,day_charging
Khuzestan,Ahvaz,31.3183,48.6706,Autumn,6 Nov,17,6.99,293.56,272.7,29.0,62.2,83.01,293.56,-113.56,83.01,0.0,289.0,26.9,62.2,1.4,1.25,0.15,26.14,0.0,day_charging
Khuzestan,Ahvaz,31.3183,48.6706,Autumn,6 Nov,18,-5.07,285.66,0.0,0.0,0.0,0.0,180.0,0.0,0.0,0.0,0.0,0.0,0.0,0.0,1.58,-1.58,24.48,0.0,night_discharging
Khuzestan,Ahvaz,31.3183,48.6706,Autumn,6 Nov,19,-17.6,278.37,0.0,0.0,0.0,0.0,180.0,0.0,0.0,0.0,0.0,0.0,0.0,0.0,1.58,-1.58,22.82,0.0,night_discharging
Khuzestan,Ahvaz,31.3183,48.6706,Autumn,6 Nov,20,-30.36,271.0,0.0,0.0,0.0,0.0,180.0,0.0,0.0,0.0,0.0,0.0,0.0,0.0,1.98,-1.98,20.74,0.0,night_discharging
Khuzestan,Ahvaz,31.3183,48.6706,Autumn,6 Nov,21,-43.15,262.64,0.0,0.0,0.0,0.0,180.0,0.0,0.0,0.0,0.0,0.0,0.0,0.0,1.98,-1.98,18.66,0.0,night_discharging
Khuzestan,Ahvaz,31.3183,48.6706,Autumn,6 Nov,22,-55.63,251.45,0.0,0.0,0.0,0.0,180.0,0.0,0.0,0.0,0.0,0.0,0.0,0.0,1.98,-1.98,16.58,0.0,night_discharging
Khuzestan,Ahvaz,31.3183,48.6706,Autumn,6 Nov,23,-67.0,232.57,0.0,0.0,0.0,0.0,180.0,0.0,0.0,0.0,0.0,0.0,0.0,0.0,1.98,-1.98,14.5,0.0,night_discharging
Khuzestan,Ahvaz,31.3183,48.6706,Winter,4 Feb,0,-74.48,166.13,0.0,0.0,0.0,0.0,180.0,0.0,0.0,0.0,0.0,0.0,0.0,0.0,1.98,-1.98,20.02,0.0,night_discharging
Khuzestan,Ahvaz,31.3183,48.6706,Winter,4 Feb,1,-71.78,143.49,0.0,0.0,0.0,0.0,180.0,0.0,0.0,0.0,0.0,0.0,0.0,0.0,1.98,-1.98,17.94,0.0,night_discharging
Khuzestan,Ahvaz,31.3183,48.6706,Winter,4 Feb,2,-61.8,116.33,0.0,0.0,0.0,0.0,180.0,0.0,0.0,0.0,0.0,0.0,0.0,0.0,1.98,-1.98,15.86,0.0,night_discharging
Khuzestan,Ahvaz,31.3183,48.6706,Winter,4 Feb,3,-49.69,102.26,0.0,0.0,0.0,0.0,180.0,0.0,0.0,0.0,0.0,0.0,0.0,0.0,1.98,-1.98,13.78,0.0,night_discharging
Khuzestan,Ahvaz,31.3183,48.6706,Winter,4 Feb,4,-36.99,92.84,0.0,0.0,0.0,0.0,180.0,0.0,0.0,0.0,0.0,0.0,0.0,0.0,1.98,-1.98,11.7,0.0,night_discharging
Khuzestan,Ahvaz,31.3183,48.6706,Winter,4 Feb,5,-24.19,85.14,0.0,0.0,0.0,0.0,180.0,0.0,0.0,0.0,0.0,0.0,0.0,0.0,1.58,-1.58,10.04,0.0,night_discharging
Khuzestan,Ahvaz,31.3183,48.6706,Winter,4 Feb,6,-11.53,77.92,0.0,0.0,0.0,0.0,180.0,0.0,0.0,0.0,0.0,0.0,0.0,0.0,1.58,-1.58,8.38,0.0,night_discharging
Khuzestan,Ahvaz,31.3183,48.6706,Winter,4 Feb,7,0.8,70.42,10.3,25.0,25.2,85.0,70.42,109.58,85.0,0.0,23.0,23.2,25.2,0.11,1.25,-1.14,7.18,0.0,day_discharging
Khuzestan,Ahvaz,31.3183,48.6706,Winter,4 Feb,8,12.52,61.99,455.8,36.9,135.7,77.48,61.99,118.01,77.48,0.0,478.2,34.2,135.7,2.31,1.25,1.06,8.19,0.0,day_charging
Khuzestan,Ahvaz,31.3183,48.6706,Winter,4 Feb,9,23.27,51.89,628.2,54.8,303.0,66.73,51.89,128.11,66.73,0.0,666.4,80.2,303.0,3.23,1.25,1.98,10.07,0.0,day_charging
Khuzestan,Ahvaz,31.3183,48.6706,Winter,4 Feb,10,32.44,39.31,698.1,69.9,444.4,57.56,39.31,140.69,57.56,0.0,751.8,151.2,444.4,3.64,1.25,2.39,12.34,0.0,day_charging
Khuzestan,Ahvaz,31.3183,48.6706,Winter,4 Feb,11,39.16,23.56,729.9,80.3,541.2,50.84,23.56,156.44,50.84,0.0,795.4,202.4,541.2,3.85,1.25,2.6,14.81,0.0,day_charging
Khuzestan,Ahvaz,31.3183,48.6706,Winter,4 Feb,12,42.34,4.98,741.5,84.9,584.3,47.66,4.98,175.02,47.66,0.0,812.5,225.7,584.3,3.93,1.25,2.68,17.36,0.0,day_charging
Khuzestan,Ahvaz,31.3183,48.6706,Winter,4 Feb,13,41.29,345.67,737.8,83.4,570.3,48.71,345.67,-165.67,48.71,0.0,807.1,218.1,570.3,3.91,1.25,2.66,19.89,0.0,day_charging
Khuzestan,Ahvaz,31.3183,48.6706,Winter,4 Feb,14,36.25,328.32,717.5,75.9,500.1,53.75,328.32,-148.32,53.75,0.0,777.9,180.5,500.1,3.77,1.25,2.52,22.28,0.0,day_charging
Khuzestan,Ahvaz,31.3183,48.6706,Winter,4 Feb,15,28.2,314.17,670.7,63.0,380.0,61.8,314.17,-134.17,61.8,0.0,717.1,118.1,380.0,3.47,1.25,2.22,24.39,0.0,day_charging
Khuzestan,Ahvaz,31.3183,48.6706,Winter,4 Feb,16,18.16,302.91,565.1,46.1,222.3,71.84,302.91,-122.91,71.84,0.0,595.4,43.6,222.3,2.88,1.25,1.63,25.94,0.0,day_charging
Khuzestan,Ahvaz,31.3183,48.6706,Winter,4 Feb,17,6.88,293.72,267.7,28.8,60.9,83.12,293.72,-113.72,83.12,0.0,283.9,26.8,60.9,1.37,1.25,0.12,26.05,0.0,day_charging
Khuzestan,Ahvaz,31.3183,48.6706,Winter,4 Feb,18,-5.18,285.83,0.0,0.0,0.0,0.0,180.0,0.0,0.0,0.0,0.0,0.0,0.0,0.0,1.58,-1.58,24.39,0.0,night_discharging
Khuzestan,Ahvaz,31.3183,48.6706,Winter,4 Feb,19,-17.69,278.55,0.0,0.0,0.0,0.0,180.0,0.0,0.0,0.0,0.0,0.0,0.0,0.0,1.58,-1.58,22.73,0.0,night_discharging
Khuzestan,Ahvaz,31.3183,48.6706,Winter,4 Feb,20,-30.45,271.21,0.0,0.0,0.0,0.0,180.0,0.0,0.0,0.0,0.0,0.0,0.0,0.0,1.98,-1.98,20.65,0.0,night_discharging
Khuzestan,Ahvaz,31.3183,48.6706,Winter,4 Feb,21,-43.24,262.88,0.0,0.0,0.0,0.0,180.0,0.0,0.0,0.0,0.0,0.0,0.0,0.0,1.98,-1.98,18.57,0.0,night_discharging
Khuzestan,Ahvaz,31.3183,48.6706,Winter,4 Feb,22,-55.74,251.75,0.0,0.0,0.0,0.0,180.0,0.0,0.0,0.0,0.0,0.0,0.0,0.0,1.98,-1.98,16.49,0.0,night_discharging
Khuzestan,Ahvaz,31.3183,48.6706,Winter,4 Feb,23,-67.14,232.94,0.0,0.0,0.0,0.0,180.0,0.0,0.0,0.0,0.0,0.0,0.0,0.0,1.98,-1.98,14.41,0.0,night_discharging
Gilan,Rasht,37.2808,49.5832,Spring,5 May,0,-36.35,176.52,0.0,0.0,0.0,0.0,180.0,0.0,0.0,0.0,0.0,0.0,0.0,0.0,1.98,-1.98,17.42,0.0,night_discharging
Gilan,Rasht,37.2808,49.5832,Spring,5 May,1,-35.22,165.76,0.0,0.0,0.0,0.0,180.0,0.0,0.0,0.0,0.0,0.0,0.0,0.0,1.98,-1.98,15.34,0.0,night_discharging
Gilan,Rasht,37.2808,49.5832,Spring,5 May,2,-30.66,149.47,0.0,0.0,0.0,0.0,180.0,0.0,0.0,0.0,0.0,0.0,0.0,0.0,1.98,-1.98,13.26,0.0,night_discharging
Gilan,Rasht,37.2808,49.5832,Spring,5 May,3,-23.38,135.51,0.0,0.0,0.0,0.0,180.0,0.0,0.0,0.0,0.0,0.0,0.0,0.0,1.98,-1.98,11.18,0.0,night_discharging
Gilan,Rasht,37.2808,49.5832,Spring,5 May,4,-14.18,123.79,0.0,0.0,0.0,0.0,180.0,0.0,0.0,0.0,0.0,0.0,0.0,0.0,1.98,-1.98,9.1,0.0,night_discharging
Gilan,Rasht,37.2808,49.5832,Spring,5 May,5,-3.72,113.77,0.0,0.0,0.0,0.0,180.0,0.0,0.0,0.0,0.0,0.0,0.0,0.0,1.58,-1.58,7.44,0.0,night_discharging
Gilan,Rasht,37.2808,49.5832,Spring,5 May,6,7.54,104.78,295.3,29.6,68.4,82.46,104.78,75.22,82.46,0.0,312.1,102.1,68.4,1.32,1.58,-0.26,7.17,0.0,day_discharging
Gilan,Rasht,37.2808,49.5832,Spring,5 May,7,19.26,96.18,580.9,48.0,239.6,70.74,96.18,83.82,70.74,0.0,612.8,233.1,239.6,2.59,1.16,1.43,8.53,0.0,day_charging
Gilan,Rasht,37.2808,49.5832,Spring,5 May,8,31.18,87.23,690.6,67.9,425.5,58.82,87.23,92.77,58.82,0.0,742.2,333.9,425.5,3.13,1.16,1.97,10.4,0.0,day_charging
Gilan,Rasht,37.2808,49.5832,Spring,5 May,9,42.99,76.86,743.6,85.8,592.9,47.01,76.86,103.14,47.01,0.0,815.8,415.1,592.9,3.45,1.16,2.29,12.58,0.0,day_charging
Gilan,Rasht,37.2808,49.5832,Spring,5 May,10,54.2,63.09,771.8,100.1,726.2,35.8,63.09,116.91,35.8,0.0,862.5,476.9,726.2,3.64,1.16,2.48,14.94,0.0,day_charging
Gilan,Rasht,37.2808,49.5832,Spring,5 May,11,63.72,41.83,786.5,109.6,814.8,26.28,41.83,138.17,26.28,0.0,890.4,517.2,814.8,3.76,1.16,2.6,17.41,0.0,day_charging
Gilan,Rasht,37.2808,49.5832,Spring,5 May,12,68.86,7.78,791.9,113.6,852.2,21.14,7.78,172.22,21.14,0.0,901.7,534.0,852.2,3.81,1.16,2.65,19.93,0.0,day_charging
Gilan,Rasht,37.2808,49.5832,Spring,5 May,13,66.46,329.8,789.5,111.9,835.7,23.54,329.8,-149.8,23.54,0.0,896.7,526.6,835.7,3.79,1.16,2.63,22.43,0.0,day_charging
Gilan,Rasht,37.2808,49.5832,Spring,5 May,14,58.21,303.96,778.8,104.4,766.4,31.79,303.96,-123.96,31.79,0.0,875.4,495.3,766.4,3.7,1.16,2.54,24.84,0.0,day_charging
Gilan,Rasht,37.2808,49.5832,Spring,5 May,15,47.46,287.93,756.7,91.9,649.4,42.54,287.93,-107.93,42.54,0.0,836.5,441.6,649.4,3.53,1.16,2.37,27.09,0.0,day_charging
Gilan,Rasht,37.2808,49.5832,Spring,5 May,16,35.8,276.56,715.4,75.2,493.8,54.2,276.56,-96.56,54.2,0.0,775.1,367.7,493.8,3.27,1.16,2.11,29.09,0.0,day_charging
Gilan,Rasht,37.2808,49.5832,Spring,5 May,17,23.89,267.21,634.4,55.8,312.7,66.11,267.21,-87.21,66.11,0.0,673.6,274.9,312.7,2.85,1.16,0.91,29.95,0.0,day_charging
Gilan,Rasht,37.2808,49.5832,Spring,5 May,18,12.06,258.57,443.9,36.1,128.9,77.94,258.57,-78.57,77.94,0.0,465.8,158.2,128.9,1.97,1.58,0.05,30.0,0.0,day_charging
Gilan,Rasht,37.2808,49.5832,Spring,5 May,19,0.58,249.82,7.2,25.0,25.1,85.0,249.82,-69.82,85.0,0.0,19.8,24.1,25.1,0.08,1.58,-1.5,28.42,0.0,day_discharging
Gilan,Rasht,37.2808,49.5832,Spring,5 May,20,-10.24,240.27,0.0,0.0,0.0,0.0,180.0,0.0,0.0,0.0,0.0,0.0,0.0,0.0,1.98,-1.98,26.34,0.0,night_discharging
Gilan,Rasht,37.2808,49.5832,Spring,5 May,21,-19.99,229.29,0.0,0.0,0.0,0.0,180.0,0.0,0.0,0.0,0.0,0.0,0.0,0.0,1.98,-1.98,24.26,0.0,night_discharging
Gilan,Rasht,37.2808,49.5832,Spring,5 May,22,-28.1,216.25,0.0,0.0,0.0,0.0,180.0,0.0,0.0,0.0,0.0,0.0,0.0,0.0,1.98,-1.98,22.18,0.0,night_discharging
Gilan,Rasht,37.2808,49.5832,Spring,5 May,23,-33.82,200.82,0.0,0.0,0.0,0.0,180.0,0.0,0.0,0.0,0.0,0.0,0.0,0.0,1.98,-1.98,20.1,0.0,night_discharging
Gilan,Rasht,37.2808,49.5832,Summer,6 Aug,0,-36.05,176.54,0.0,0.0,0.0,0.0,180.0,0.0,0.0,0.0,0.0,0.0,0.0,0.0,1.98,-1.98,17.42,0.0,night_discharging
Gilan,Rasht,37.2808,49.5832,Summer,6 Aug,1,-34.93,165.84,0.0,0.0,0.0,0.0,180.0,0.0,0.0,0.0,0.0,0.0,0.0,0.0,1.98,-1.98,15.34,0.0,night_discharging
Gilan,Rasht,37.2808,49.5832,Summer,6 Aug,2,-30.39,149.62,0.0,0.0,0.0,0.0,180.0,0.0,0.0,0.0,0.0,0.0,0.0,0.0,1.98,-1.98,13.26,0.0,night_discharging
Gilan,Rasht,37.2808,49.5832,Summer,6 Aug,3,-23.13,135.7,0.0,0.0,0.0,0.0,180.0,0.0,0.0,0.0,0.0,0.0,0.0,0.0,1.98,-1.98,11.18,0.0,night_discharging
Gilan,Rasht,37.2808,49.5832,Summer,6 Aug,4,-13.96,124.01,0.0,0.0,0.0,0.0,180.0,0.0,0.0,0.0,0.0,0.0,0.0,0.0,1.98,-1.98,9.1,0.0,night_discharging
Gilan,Rasht,37.2808,49.5832,Summer,6 Aug,5,-3.53,114.0,0.0,0.0,0.0,0.0,180.0,0.0,0.0,0.0,0.0,0.0,0.0,0.0,1.58,-1.58,7.44,0.0,night_discharging
Gilan,Rasht,37.2808,49.5832,Summer,6 Aug,6,7.72,105.02,302.6,29.9,70.5,82.28,105.02,74.98,82.28,0.0,319.5,105.6,70.5,1.35,1.58,-0.23,7.2,0.0,day_discharging
Gilan,Rasht,37.2808,49.5832,Summer,6 Aug,7,19.43,96.44,583.2,48.3,242.3,70.57,96.44,83.56,70.57,0.0,615.4,236.9,242.3,2.6,1.16,1.44,8.57,0.0,day_charging
Gilan,Rasht,37.2808,49.5832,Summer,6 Aug,8,31.35,87.52,691.7,68.2,428.0,58.65,87.52,92.48,58.65,0.0,743.5,337.7,428.0,3.14,1.16,1.98,10.45,0.0,day_charging
Gilan,Rasht,37.2808,49.5832,Summer,6 Aug,9,43.16,77.19,744.2,86.1,595.2,46.84,77.19,102.81,46.84,0.0,816.7,419.0,595.2,3.45,1.16,2.29,12.63,0.0,day_charging
Gilan,Rasht,37.2808,49.5832,Summer,6 Aug,10,54.4,63.47,772.2,100.4,728.3,35.6,63.47,116.53,35.6,0.0,863.2,480.8,728.3,3.65,1.16,2.49,15.0,0.0,day_charging
Gilan,Rasht,37.2808,49.5832,Summer,6 Aug,11,63.97,42.21,786.8,109.8,816.8,26.03,42.21,137.79,26.03,0.0,891.0,521.0,816.8,3.76,1.16,2.6,17.47,0.0,day_charging
Gilan,Rasht,37.2808,49.5832,Summer,6 Aug,12,69.16,7.88,792.2,113.8,854.2,20.84,7.88,172.12,20.84,0.0,902.3,537.8,854.2,3.81,1.16,2.65,19.99,0.0,day_charging
Gilan,Rasht,37.2808,49.5832,Summer,6 Aug,13,66.73,329.48,789.8,112.1,837.6,23.27,329.48,-149.48,23.27,0.0,897.3,530.4,837.6,3.79,1.16,2.63,22.49,0.0,day_charging
Gilan,Rasht,37.2808,49.5832,Summer,6 Aug,14,58.42,303.57,779.1,104.7,768.4,31.58,303.57,-123.57,31.58,0.0,876.1,499.1,768.4,3.7,1.16,2.54,24.9,0.0,day_charging
Gilan,Rasht,37.2808,49.5832,Summer,6 Aug,15,47.64,287.58,757.2,92.1,651.7,42.36,287.58,-107.58,42.36,0.0,837.3,445.4,651.7,3.54,1.16,2.38,27.16,0.0,day_charging
Gilan,Rasht,37.2808,49.5832,Summer,6 Aug,16,35.97,276.25,716.2,75.5,496.2,54.03,276.25,-96.25,54.03,0.0,776.2,371.6,496.2,3.28,1.16,2.12,29.17,0.0,day_charging
Gilan,Rasht,37.2808,49.5832,Summer,6 Aug,17,24.06,266.94,636.0,56.1,315.4,65.94,266.94,-86.94,65.94,0.0,675.5,278.7,315.4,2.85,1.16,0.83,29.96,0.0,day_charging
Gilan,Rasht,37.2808,49.5832,Summer,6 Aug,18,12.23,258.32,448.4,36.4,131.4,77.77,258.32,-78.32,77.77,0.0,470.5,161.9,131.4,1.99,1.58,0.04,30.0,0.0,day_idle
Gilan,Rasht,37.2808,49.5832,Summer,6 Aug,19,0.77,249.58,9.9,25.0,25.1,85.0,249.58,-69.58,85.0,0.0,22.6,24.8,25.1,0.1,1.58,-1.48,28.44,0.0,day_discharging
Gilan,Rasht,37.2808,49.5832,Summer,6 Aug,20,-10.03,240.05,0.0,0.0,0.0,0.0,180.0,0.0,0.0,0.0,0.0,0.0,0.0,0.0,1.98,-1.98,26.36,0.0,night_discharging
Gilan,Rasht,37.2808,49.5832,Summer,6 Aug,21,-19.75,229.09,0.0,0.0,0.0,0.0,180.0,0.0,0.0,0.0,0.0,0.0,0.0,0.0,1.98,-1.98,24.28,0.0,night_discharging
Gilan,Rasht,37.2808,49.5832,Summer,6 Aug,22,-27.84,216.08,0.0,0.0,0.0,0.0,180.0,0.0,0.0,0.0,0.0,0.0,0.0,0.0,1.98,-1.98,22.2,0.0,night_discharging
Gilan,Rasht,37.2808,49.5832,Summer,6 Aug,23,-33.54,200.71,0.0,0.0,0.0,0.0,180.0,0.0,0.0,0.0,0.0,0.0,0.0,0.0,1.98,-1.98,20.12,0.0,night_discharging
Gilan,Rasht,37.2808,49.5832,Autumn,6 Nov,0,-68.56,172.31,0.0,0.0,0.0,0.0,180.0,0.0,0.0,0.0,0.0,0.0,0.0,0.0,1.98,-1.98,17.42,0.0,night_discharging
Gilan,Rasht,37.2808,49.5832,Autumn,6 Nov,1,-66.19,150.11,0.0,0.0,0.0,0.0,180.0,0.0,0.0,0.0,0.0,0.0,0.0,0.0,1.98,-1.98,15.34,0.0,night_discharging
Gilan,Rasht,37.2808,49.5832,Autumn,6 Nov,2,-57.99,124.35,0.0,0.0,0.0,0.0,180.0,0.0,0.0,0.0,0.0,0.0,0.0,0.0,1.98,-1.98,13.26,0.0,night_discharging
Gilan,Rasht,37.2808,49.5832,Autumn,6 Nov,3,-47.27,108.28,0.0,0.0,0.0,0.0,180.0,0.0,0.0,0.0,0.0,0.0,0.0,0.0,1.98,-1.98,11.18,0.0,night_discharging
Gilan,Rasht,37.2808,49.5832,Autumn,6 Nov,4,-35.63,96.86,0.0,0.0,0.0,0.0,180.0,0.0,0.0,0.0,0.0,0.0,0.0,0.0,1.98,-1.98,9.1,0.0,night_discharging
Gilan,Rasht,37.2808,49.5832,Autumn,6 Nov,5,-23.72,87.48,0.0,0.0,0.0,0.0,180.0,0.0,0.0,0.0,0.0,0.0,0.0,0.0,1.58,-1.58,7.44,0.0,night_discharging
Gilan,Rasht,37.2808,49.5832,Autumn,6 Nov,6,-11.88,78.82,0.0,0.0,0.0,0.0,180.0,0.0,0.0,0.0,0.0,0.0,0.0,0.0,1.58,-0.27,7.17,1.31,night_idle
Gilan,Rasht,37.2808,49.5832,Autumn,6 Nov,7,-0.39,70.05,0.0,0.0,0.0,0.0,180.0,0.0,0.0,0.0,0.0,0.0,0.0,0.0,1.16,-0.0,7.17,1.16,night_idle
Gilan,Rasht,37.2808,49.5832,Autumn,6 Nov,8,10.44,60.49,398.4,33.7,105.9,79.56,60.49,119.51,79.56,0.0,418.3,30.5,105.9,1.77,1.16,0.61,7.75,0.0,day_charging
Gilan,Rasht,37.2808,49.5832,Autumn,6 Nov,9,20.22,49.49,593.6,49.6,254.8,69.78,49.49,130.51,69.78,0.0,627.0,44.9,254.8,2.65,1.16,1.49,9.17,0.0,day_charging
Gilan,Rasht,37.2808,49.5832,Autumn,6 Nov,10,28.37,36.42,672.0,63.3,382.6,61.63,36.42,143.58,61.63,0.0,718.7,57.3,382.6,3.04,1.16,1.88,10.96,0.0,day_charging
Gilan,Rasht,37.2808,49.5832,Autumn,6 Nov,11,34.11,20.93,707.1,72.6,469.1,55.89,20.93,159.07,55.89,0.0,763.8,65.7,469.1,3.23,1.16,2.07,12.93,0.0,day_charging
Gilan,Rasht,37.2808,49.5832,Autumn,6 Nov,12,36.65,3.5,719.3,76.5,505.9,53.35,3.5,176.5,53.35,0.0,780.4,78.0,505.9,3.3,1.16,2.14,14.96,0.0,day_charging
Gilan,Rasht,37.2808,49.5832,Autumn,6 Nov,13,35.52,345.69,714.1,74.8,489.6,54.48,345.69,-165.69,54.48,0.0,773.2,72.2,489.6,3.27,1.16,2.11,16.96,0.0,day_charging
Gilan,Rasht,37.2808,49.5832,Autumn,6 Nov,14,30.93,329.32,689.1,67.5,421.7,59.07,329.32,-149.32,59.07,0.0,740.2,61.1,421.7,3.13,1.16,1.97,18.83,0.0,day_charging
Gilan,Rasht,37.2808,49.5832,Autumn,6 Nov,15,23.62,315.32,631.8,55.4,308.5,66.38,315.32,-135.32,66.38,0.0,670.6,50.1,308.5,2.83,1.16,1.67,20.42,0.0,day_charging
Gilan,Rasht,37.2808,49.5832,Autumn,6 Nov,16,14.4,303.58,498.5,39.9,163.9,75.6,303.58,-123.58,75.6,0.0,523.4,36.1,163.9,2.21,1.16,1.05,21.42,0.0,day_charging
Gilan,Rasht,37.2808,49.5832,Autumn,6 Nov,17,3.92,293.54,127.3,26.0,34.7,85.0,293.54,-113.54,85.0,0.0,141.2,23.6,34.7,0.6,1.16,-0.56,20.83,0.0,day_discharging
Gilan,Rasht,37.2808,49.5832,Autumn,6 Nov,18,-7.36,284.54,0.0,0.0,0.0,0.0,180.0,0.0,0.0,0.0,0.0,0.0,0.0,0.0,1.58,-1.58,19.17,0.0,night_discharging
Gilan,Rasht,37.2808,49.5832,Autumn,6 Nov,19,-19.09,275.92,0.0,0.0,0.0,0.0,180.0,0.0,0.0,0.0,0.0,0.0,0.0,0.0,1.58,-1.58,17.51,0.0,night_discharging
Gilan,Rasht,37.2808,49.5832,Autumn,6 Nov,20,-31.01,266.94,0.0,0.0,0.0,0.0,180.0,0.0,0.0,0.0,0.0,0.0,0.0,0.0,1.98,-1.98,15.43,0.0,night_discharging
Gilan,Rasht,37.2808,49.5832,Autumn,6 Nov,21,-42.81,256.53,0.0,0.0,0.0,0.0,180.0,0.0,0.0,0.0,0.0,0.0,0.0,0.0,1.98,-1.98,13.35,0.0,night_discharging
Gilan,Rasht,37.2808,49.5832,Autumn,6 Nov,22,-54.0,242.71,0.0,0.0,0.0,0.0,180.0,0.0,0.0,0.0,0.0,0.0,0.0,0.0,1.98,-1.98,11.27,0.0,night_discharging
Gilan,Rasht,37.2808,49.5832,Autumn,6 Nov,23,-63.47,221.46,0.0,0.0,0.0,0.0,180.0,0.0,0.0,0.0,0.0,0.0,0.0,0.0,1.98,-1.98,9.19,0.0,night_discharging
Gilan,Rasht,37.2808,49.5832,Winter,4 Feb,0,-68.76,172.25,0.0,0.0,0.0,0.0,180.0,0.0,0.0,0.0,0.0,0.0,0.0,0.0,1.98,-1.98,17.42,0.0,night_discharging
Gilan,Rasht,37.2808,49.5832,Winter,4 Feb,1,-66.37,149.9,0.0,0.0,0.0,0.0,180.0,0.0,0.0,0.0,0.0,0.0,0.0,0.0,1.98,-1.98,15.34,0.0,night_discharging
Gilan,Rasht,37.2808,49.5832,Winter,4 Feb,2,-58.13,124.09,0.0,0.0,0.0,0.0,180.0,0.0,0.0,0.0,0.0,0.0,0.0,0.0,1.98,-1.98,13.26,0.0,night_discharging
Gilan,Rasht,37.2808,49.5832,Winter,4 Feb,3,-47.4,108.05,0.0,0.0,0.0,0.0,180.0,0.0,0.0,0.0,0.0,0.0,0.0,0.0,1.98,-1.98,11.18,0.0,night_discharging
Gilan,Rasht,37.2808,49.5832,Winter,4 Feb,4,-35.75,96.66,0.0,0.0,0.0,0.0,180.0,0.0,0.0,0.0,0.0,0.0,0.0,0.0,1.98,-1.98,9.1,0.0,night_discharging
Gilan,Rasht,37.2808,49.5832,Winter,4 Feb,5,-23.83,87.3,0.0,0.0,0.0,0.0,180.0,0.0,0.0,0.0,0.0,0.0,0.0,0.0,1.58,-1.58,7.44,0.0,night_discharging
Gilan,Rasht,37.2808,49.5832,Winter,4 Feb,6,-12.0,78.66,0.0,0.0,0.0,0.0,180.0,0.0,0.0,0.0,0.0,0.0,0.0,0.0,1.58,-0.27,7.17,1.31,night_idle
Gilan,Rasht,37.2808,49.5832,Winter,4 Feb,7,-0.52,69.89,0.0,0.0,0.0,0.0,180.0,0.0,0.0,0.0,0.0,0.0,0.0,0.0,1.16,-0.0,7.17,1.16,night_idle
Gilan,Rasht,37.2808,49.5832,Winter,4 Feb,8,10.3,60.34,394.2,33.5,104.0,79.7,60.34,119.66,79.7,0.0,413.9,30.3,104.0,1.75,1.16,0.59,7.73,0.0,day_charging
Gilan,Rasht,37.2808,49.5832,Winter,4 Feb,9,20.07,49.36,591.6,49.4,252.3,69.93,49.36,130.64,69.93,0.0,624.7,44.6,252.3,2.64,1.16,1.48,9.14,0.0,day_charging
Gilan,Rasht,37.2808,49.5832,Winter,4 Feb,10,28.19,36.3,670.7,63.0,379.9,61.81,36.3,143.7,61.81,0.0,717.1,57.0,379.9,3.03,1.16,1.87,10.92,0.0,day_charging
Gilan,Rasht,37.2808,49.5832,Winter,4 Feb,11,33.92,20.86,706.1,72.3,466.3,56.08,20.86,159.14,56.08,0.0,762.4,65.4,466.3,3.22,1.16,2.06,12.88,0.0,day_charging
Gilan,Rasht,37.2808,49.5832,Winter,4 Feb,12,36.45,3.48,718.4,76.2,503.0,53.55,3.48,176.52,53.55,0.0,779.2,75.2,503.0,3.29,1.16,2.13,14.9,0.0,day_charging
Gilan,Rasht,37.2808,49.5832,Winter,4 Feb,13,35.32,345.74,713.1,74.5,486.8,54.68,345.74,-165.74,54.68,0.0,771.9,69.5,486.8,3.26,1.16,2.1,16.89,0.0,day_charging
Gilan,Rasht,37.2808,49.5832,Winter,4 Feb,14,30.75,329.42,688.0,67.2,419.0,59.25,329.42,-149.42,59.25,0.0,738.8,60.8,419.0,3.12,1.16,1.96,18.75,0.0,day_charging
Gilan,Rasht,37.2808,49.5832,Winter,4 Feb,15,23.46,315.45,630.1,55.1,306.0,66.54,315.45,-135.45,66.54,0.0,668.7,49.8,306.0,2.82,1.16,1.66,20.33,0.0,day_charging
Gilan,Rasht,37.2808,49.5832,Winter,4 Feb,16,14.25,303.72,495.5,39.6,161.6,75.75,303.72,-123.72,75.75,0.0,520.2,35.9,161.6,2.2,1.16,1.04,21.32,0.0,day_charging
Gilan,Rasht,37.2808,49.5832,Winter,4 Feb,17,3.79,293.69,120.9,26.0,33.9,85.0,293.69,-113.69,85.0,0.0,134.7,23.5,33.9,0.57,1.16,-0.59,20.7,0.0,day_discharging
Gilan,Rasht,37.2808,49.5832,Winter,4 Feb,18,-7.48,284.7,0.0,0.0,0.0,0.0,180.0,0.0,0.0,0.0,0.0,0.0,0.0,0.0,1.58,-1.58,19.04,0.0,night_discharging
Gilan,Rasht,37.2808,49.5832,Winter,4 Feb,19,-19.2,276.09,0.0,0.0,0.0,0.0,180.0,0.0,0.0,0.0,0.0,0.0,0.0,0.0,1.58,-1.58,17.38,0.0,night_discharging
Gilan,Rasht,37.2808,49.5832,Winter,4 Feb,20,-31.12,267.13,0.0,0.0,0.0,0.0,180.0,0.0,0.0,0.0,0.0,0.0,0.0,0.0,1.98,-1.98,15.3,0.0,night_discharging
Gilan,Rasht,37.2808,49.5832,Winter,4 Feb,21,-42.93,256.75,0.0,0.0,0.0,0.0,180.0,0.0,0.0,0.0,0.0,0.0,0.0,0.0,1.98,-1.98,13.22,0.0,night_discharging
Gilan,Rasht,37.2808,49.5832,Winter,4 Feb,22,-54.14,242.96,0.0,0.0,0.0,0.0,180.0,0.0,0.0,0.0,0.0,0.0,0.0,0.0,1.98,-1.98,11.14,0.0,night_discharging
Gilan,Rasht,37.2808,49.5832,Winter,4 Feb,23,-63.64,221.71,0.0,0.0,0.0,0.0,180.0,0.0,0.0,0.0,0.0,0.0,0.0,0.0,1.98,-1.98,9.06,0.0,night_discharging
Yazd,Yazd,31.8974,54.3569,Spring,5 May,0,-41.77,177.61,0.0,0.0,0.0,0.0,180.0,0.0,0.0,0.0,0.0,0.0,0.0,0.0,1.8,-1.8,21.38,0.0,night_discharging
Yazd,Yazd,31.8974,54.3569,Spring,5 May,1,-39.16,158.96,0.0,0.0,0.0,0.0,180.0,0.0,0.0,0.0,0.0,0.0,0.0,0.0,1.8,-1.8,19.49,0.0,night_discharging
Yazd,Yazd,31.8974,54.3569,Spring,5 May,2,-32.94,142.87,0.0,0.0,0.0,0.0,180.0,0.0,0.0,0.0,0.0,0.0,0.0,0.0,1.8,-1.8,17.6,0.0,night_discharging
Yazd,Yazd,31.8974,54.3569,Spring,5 May,3,-24.14,129.88,0.0,0.0,0.0,0.0,180.0,0.0,0.0,0.0,0.0,0.0,0.0,0.0,1.8,-1.8,15.71,0.0,night_discharging
Yazd,Yazd,31.8974,54.3569,Spring,5 May,4,-13.65,119.43,0.0,0.0,0.0,0.0,180.0,0.0,0.0,0.0,0.0,0.0,0.0,0.0,1.8,-1.8,13.82,0.0,night_discharging
Yazd,Yazd,31.8974,54.3569,Spring,5 May,5,-2.12,110.72,0.0,0.0,0.0,0.0,180.0,0.0,0.0,0.0,0.0,0.0,0.0,0.0,1.44,-1.44,12.3,0.0,night_discharging
Yazd,Yazd,31.8974,54.3569,Spring,5 May,6,10.06,103.02,386.5,33.1,100.6,79.94,103.02,76.98,79.94,0.0,406.0,132.8,100.6,1.86,1.44,0.42,12.7,0.0,day_charging
Yazd,Yazd,31.8974,54.3569,Spring,5 May,7,22.62,95.67,621.5,53.7,292.7,67.38,95.67,84.33,67.38,0.0,658.6,283.9,292.7,3.01,1.25,1.76,14.37,0.0,day_charging
Yazd,Yazd,31.8974,54.3569,Spring,5 May,8,35.34,87.93,713.2,74.5,487.0,54.66,87.93,92.07,54.66,0.0,772.0,412.0,487.0,3.53,1.25,2.28,16.54,0.0,day_charging
Yazd,Yazd,31.8974,54.3569,Spring,5 May,9,47.98,78.65,758.0,92.6,655.7,42.02,78.65,101.35,42.02,0.0,838.7,517.2,655.7,3.84,1.25,2.59,19.0,0.0,day_charging
Yazd,Yazd,31.8974,54.3569,Spring,5 May,10,60.09,65.23,781.7,106.3,783.9,29.91,65.23,114.77,29.91,0.0,880.9,595.4,783.9,4.03,1.25,2.78,21.64,0.0,day_charging
Yazd,Yazd,31.8974,54.3569,Spring,5 May,11,70.36,40.49,793.2,114.6,861.7,19.64,40.49,139.51,19.64,0.0,904.5,642.4,861.7,4.14,1.25,2.89,24.39,0.0,day_charging
Yazd,Yazd,31.8974,54.3569,Spring,5 May,12,74.31,353.4,796.1,117.0,883.4,15.69,353.4,-173.4,15.69,0.0,910.9,655.5,883.4,4.17,1.25,2.92,27.16,0.0,day_charging
Yazd,Yazd,31.8974,54.3569,Spring,5 May,13,68.15,311.6,791.2,113.1,847.5,21.85,311.6,-131.6,21.85,0.0,900.3,633.8,847.5,4.12,1.25,2.87,29.89,0.0,day_charging
Yazd,Yazd,31.8974,54.3569,Spring,5 May,14,57.19,290.8,777.1,103.4,756.5,32.81,290.8,-110.8,32.81,0.0,872.3,578.8,756.5,3.99,1.25,2.74,32.49,0.0,day_charging
Yazd,Yazd,31.8974,54.3569,Spring,5 May,15,44.87,278.81,749.5,88.5,617.2,45.13,278.81,-98.81,45.13,0.0,824.9,493.5,617.2,3.77,1.25,2.52,34.88,0.0,day_charging
Yazd,Yazd,31.8974,54.3569,Spring,5 May,16,32.19,270.06,696.6,69.5,440.6,57.81,270.06,-90.06,57.81,0.0,749.9,382.3,440.6,3.43,1.25,0.92,35.75,0.0,day_charging
Yazd,Yazd,31.8974,54.3569,Spring,5 May,17,19.49,262.51,584.0,48.4,243.2,70.51,262.51,-82.51,70.51,0.0,616.2,248.9,243.2,2.82,1.25,0.05,35.8,0.0,day_idle
Yazd,Yazd,31.8974,54.3569,Spring,5 May,18,7.0,255.13,273.1,29.0,62.3,83.0,255.13,-75.13,83.0,0.0,289.3,91.3,62.3,1.32,1.44,-0.12,35.67,0.0,day_discharging
Yazd,Yazd,31.8974,54.3569,Spring,5 May,19,-5.05,247.24,0.0,0.0,0.0,0.0,180.0,0.0,0.0,0.0,0.0,0.0,0.0,0.0,1.44,-1.44,34.15,0.0,night_discharging
Yazd,Yazd,31.8974,54.3569,Spring,5 May,20,-16.37,238.17,0.0,0.0,0.0,0.0,180.0,0.0,0.0,0.0,0.0,0.0,0.0,0.0,1.8,-1.8,32.26,0.0,night_discharging
Yazd,Yazd,31.8974,54.3569,Spring,5 May,21,-26.5,227.17,0.0,0.0,0.0,0.0,180.0,0.0,0.0,0.0,0.0,0.0,0.0,0.0,1.8,-1.8,30.37,0.0,night_discharging
Yazd,Yazd,31.8974,54.3569,Spring,5 May,22,-34.77,213.44,0.0,0.0,0.0,0.0,180.0,0.0,0.0,0.0,0.0,0.0,0.0,0.0,1.8,-1.8,28.48,0.0,night_discharging
Yazd,Yazd,31.8974,54.3569,Spring,5 May,23,-40.18,196.6,0.0,0.0,0.0,0.0,180.0,0.0,0.0,0.0,0.0,0.0,0.0,0.0,1.8,-1.8,26.59,0.0,night_discharging
Yazd,Yazd,31.8974,54.3569,Summer,6 Aug,0,-41.47,177.62,0.0,0.0,0.0,0.0,180.0,0.0,0.0,0.0,0.0,0.0,0.0,0.0,1.8,-1.8,21.38,0.0,night_discharging
Yazd,Yazd,31.8974,54.3569,Summer,6 Aug,1,-38.88,159.08,0.0,0.0,0.0,0.0,180.0,0.0,0.0,0.0,0.0,0.0,0.0,0.0,1.8,-1.8,19.49,0.0,night_discharging
Yazd,Yazd,31.8974,54.3569,Summer,6 Aug,2,-32.69,143.06,0.0,0.0,0.0,0.0,180.0,0.0,0.0,0.0,0.0,0.0,0.0,0.0,1.8,-1.8,17.6,0.0,night_discharging
Yazd,Yazd,31.8974,54.3569,Summer,6 Aug,3,-23.92,130.1,0.0,0.0,0.0,0.0,180.0,0.0,0.0,0.0,0.0,0.0,0.0,0.0,1.8,-1.8,15.71,0.0,night_discharging
Yazd,Yazd,31.8974,54.3569,Summer,6 Aug,4,-13.46,119.67,0.0,0.0,0.0,0.0,180.0,0.0,0.0,0.0,0.0,0.0,0.0,0.0,1.8,-1.8,13.82,0.0,night_discharging
Yazd,Yazd,31.8974,54.3569,Summer,6 Aug,5,-1.95,110.97,0.0,0.0,0.0,0.0,180.0,0.0,0.0,0.0,0.0,0.0,0.0,0.0,1.44,-1.44,12.3,0.0,night_discharging
Yazd,Yazd,31.8974,54.3569,Summer,6 Aug,6,10.21,103.28,391.3,33.3,102.7,79.79,103.28,76.72,79.79,0.0,410.9,136.0,102.7,1.88,1.44,0.44,12.72,0.0,day_charging
Yazd,Yazd,31.8974,54.3569,Summer,6 Aug,7,22.76,95.96,623.0,53.9,295.0,67.24,95.96,84.04,67.24,0.0,660.4,287.4,295.0,3.02,1.25,1.77,14.4,0.0,day_charging
Yazd,Yazd,31.8974,54.3569,Summer,6 Aug,8,35.48,88.26,713.9,74.7,489.1,54.52,88.26,91.74,54.52,0.0,772.9,415.4,489.1,3.54,1.25,2.29,16.58,0.0,day_charging
Yazd,Yazd,31.8974,54.3569,Summer,6 Aug,9,48.13,79.04,758.4,92.8,657.5,41.87,79.04,100.96,41.87,0.0,839.3,520.6,657.5,3.84,1.25,2.59,19.04,0.0,day_charging
Yazd,Yazd,31.8974,54.3569,Summer,6 Aug,10,60.27,65.71,781.9,106.5,785.5,29.73,65.71,114.29,29.73,0.0,881.4,598.7,785.5,4.03,1.25,2.78,21.68,0.0,day_charging
Yazd,Yazd,31.8974,54.3569,Summer,6 Aug,11,70.61,41.01,793.4,114.8,863.2,19.39,41.01,138.99,19.39,0.0,905.0,645.7,863.2,4.14,1.25,2.89,24.43,0.0,day_charging
Yazd,Yazd,31.8974,54.3569,Summer,6 Aug,12,74.61,353.28,796.3,117.1,884.9,15.39,353.28,-173.28,15.39,0.0,911.3,658.8,884.9,4.17,1.25,2.92,27.2,0.0,day_charging
Yazd,Yazd,31.8974,54.3569,Summer,6 Aug,13,68.37,311.06,791.4,113.3,849.0,21.63,311.06,-131.06,21.63,0.0,900.7,637.2,849.0,4.12,1.25,2.87,29.93,0.0,day_charging
Yazd,Yazd,31.8974,54.3569,Summer,6 Aug,14,57.35,290.34,777.4,103.6,758.2,32.65,290.34,-110.34,32.65,0.0,872.8,582.2,758.2,3.99,1.25,2.74,32.53,0.0,day_charging
Yazd,Yazd,31.8974,54.3569,Summer,6 Aug,15,45.02,278.44,749.9,88.7,619.1,44.98,278.44,-98.44,44.98,0.0,825.6,496.9,619.1,3.78,1.25,2.53,34.93,0.0,day_charging
Yazd,Yazd,31.8974,54.3569,Summer,6 Aug,16,32.32,269.75,697.4,69.8,442.7,57.68,269.75,-89.75,57.68,0.0,750.9,385.8,442.7,3.44,1.25,0.87,35.76,0.0,day_charging
Yazd,Yazd,31.8974,54.3569,Summer,6 Aug,17,19.63,262.23,585.9,48.6,245.5,70.37,262.23,-82.23,70.37,0.0,618.4,252.3,245.5,2.83,1.25,0.04,35.8,0.0,day_idle
Yazd,Yazd,31.8974,54.3569,Summer,6 Aug,18,7.16,254.87,279.7,29.2,64.0,82.84,254.87,-74.87,82.84,0.0,296.1,94.3,64.0,1.35,1.44,-0.09,35.71,0.0,day_discharging
Yazd,Yazd,31.8974,54.3569,Summer,6 Aug,19,-4.87,247.0,0.0,0.0,0.0,0.0,180.0,0.0,0.0,0.0,0.0,0.0,0.0,0.0,1.44,-1.44,34.19,0.0,night_discharging
Yazd,Yazd,31.8974,54.3569,Summer,6 Aug,20,-16.17,237.94,0.0,0.0,0.0,0.0,180.0,0.0,0.0,0.0,0.0,0.0,0.0,0.0,1.8,-1.8,32.3,0.0,night_discharging
Yazd,Yazd,31.8974,54.3569,Summer,6 Aug,21,-26.28,226.96,0.0,0.0,0.0,0.0,180.0,0.0,0.0,0.0,0.0,0.0,0.0,0.0,1.8,-1.8,30.41,0.0,night_discharging
Yazd,Yazd,31.8974,54.3569,Summer,6 Aug,22,-34.5,213.26,0.0,0.0,0.0,0.0,180.0,0.0,0.0,0.0,0.0,0.0,0.0,0.0,1.8,-1.8,28.52,0.0,night_discharging
Yazd,Yazd,31.8974,54.3569,Summer,6 Aug,23,-39.89,196.5,0.0,0.0,0.0,0.0,180.0,0.0,0.0,0.0,0.0,0.0,0.0,0.0,1.8,-1.8,26.63,0.0,night_discharging
Yazd,Yazd,31.8974,54.3569,Autumn,6 Nov,0,-74.01,173.51,0.0,0.0,0.0,0.0,180.0,0.0,0.0,0.0,0.0,0.0,0.0,0.0,1.8,-1.8,21.38,0.0,night_discharging
Yazd,Yazd,31.8974,54.3569,Autumn,6 Nov,1,-67.92,132.13,0.0,0.0,0.0,0.0,180.0,0.0,0.0,0.0,0.0,0.0,0.0,0.0,1.8,-1.8,19.49,0.0,night_discharging
Yazd,Yazd,31.8974,54.3569,Autumn,6 Nov,2,-57.02,111.26,0.0,0.0,0.0,0.0,180.0,0.0,0.0,0.0,0.0,0.0,0.0,0.0,1.8,-1.8,17.6,0.0,night_discharging
Yazd,Yazd,31.8974,54.3569,Autumn,6 Nov,3,-44.73,99.18,0.0,0.0,0.0,0.0,180.0,0.0,0.0,0.0,0.0,0.0,0.0,0.0,1.8,-1.8,15.71,0.0,night_discharging
Yazd,Yazd,31.8974,54.3569,Autumn,6 Nov,4,-32.04,90.38,0.0,0.0,0.0,0.0,180.0,0.0,0.0,0.0,0.0,0.0,0.0,0.0,1.8,-1.8,13.82,0.0,night_discharging
Yazd,Yazd,31.8974,54.3569,Autumn,6 Nov,5,-19.34,82.78,0.0,0.0,0.0,0.0,180.0,0.0,0.0,0.0,0.0,0.0,0.0,0.0,1.44,-1.44,12.3,0.0,night_discharging
Yazd,Yazd,31.8974,54.3569,Autumn,6 Nov,6,-6.85,75.39,0.0,0.0,0.0,0.0,180.0,0.0,0.0,0.0,0.0,0.0,0.0,0.0,1.44,-1.44,10.78,0.0,night_discharging
Yazd,Yazd,31.8974,54.3569,Autumn,6 Nov,7,5.22,67.49,191.5,27.1,44.5,84.78,67.49,112.51,84.78,0.0,206.3,25.2,44.5,0.94,1.25,-0.31,10.45,0.0,day_discharging
Yazd,Yazd,31.8974,54.3569,Autumn,6 Nov,8,16.56,58.41,539.5,43.5,197.3,73.44,58.41,121.59,73.44,0.0,567.4,40.4,197.3,2.6,1.25,1.35,11.73,0.0,day_charging
Yazd,Yazd,31.8974,54.3569,Autumn,6 Nov,9,26.73,47.39,659.5,60.6,357.3,63.27,47.39,132.61,63.27,0.0,703.4,105.2,357.3,3.22,1.25,1.97,13.6,0.0,day_charging
Yazd,Yazd,31.8974,54.3569,Autumn,6 Nov,10,35.03,33.62,711.7,74.0,482.5,54.97,33.62,146.38,54.97,0.0,770.0,168.9,482.5,3.52,1.25,2.27,15.76,0.0,day_charging
Yazd,Yazd,31.8974,54.3569,Autumn,6 Nov,11,40.47,16.7,734.9,82.2,559.3,49.53,16.7,163.3,49.53,0.0,802.7,209.5,559.3,3.67,1.25,2.42,18.06,0.0,day_charging
Yazd,Yazd,31.8974,54.3569,Autumn,6 Nov,12,42.07,357.6,740.6,84.5,580.7,47.93,357.6,-177.6,47.93,0.0,811.2,220.9,580.7,3.71,1.25,2.46,20.4,0.0,day_charging
Yazd,Yazd,31.8974,54.3569,Autumn,6 Nov,13,39.45,338.84,731.0,80.7,545.2,50.55,338.84,-158.84,50.55,0.0,797.1,202.0,545.2,3.65,1.25,2.4,22.68,0.0,day_charging
Yazd,Yazd,31.8974,54.3569,Autumn,6 Nov,14,33.2,322.68,702.3,71.1,455.7,56.8,322.68,-142.68,56.8,0.0,757.3,155.0,455.7,3.47,1.25,2.22,24.79,0.0,day_charging
Yazd,Yazd,31.8974,54.3569,Autumn,6 Nov,15,24.36,309.65,638.9,56.6,320.1,65.64,309.65,-129.65,65.64,0.0,678.9,87.1,320.1,3.11,1.25,1.86,26.56,0.0,day_charging
Yazd,Yazd,31.8974,54.3569,Autumn,6 Nov,16,13.84,299.19,486.7,39.0,155.4,76.16,299.19,-119.19,76.16,0.0,510.8,36.2,155.4,2.34,1.25,1.09,27.6,0.0,day_charging
Yazd,Yazd,31.8974,54.3569,Autumn,6 Nov,17,2.29,290.47,52.8,25.3,27.4,85.0,290.47,-110.47,85.0,0.0,65.9,23.4,27.4,0.3,1.25,-0.95,26.6,0.0,day_discharging
Yazd,Yazd,31.8974,54.3569,Autumn,6 Nov,18,-9.91,282.76,0.0,0.0,0.0,0.0,180.0,0.0,0.0,0.0,0.0,0.0,0.0,0.0,1.44,-1.44,25.08,0.0,night_discharging
Yazd,Yazd,31.8974,54.3569,Autumn,6 Nov,19,-22.48,275.39,0.0,0.0,0.0,0.0,180.0,0.0,0.0,0.0,0.0,0.0,0.0,0.0,1.44,-1.44,23.56,0.0,night_discharging
Yazd,Yazd,31.8974,54.3569,Autumn,6 Nov,20,-35.2,267.61,0.0,0.0,0.0,0.0,180.0,0.0,0.0,0.0,0.0,0.0,0.0,0.0,1.8,-1.8,21.67,0.0,night_discharging
Yazd,Yazd,31.8974,54.3569,Autumn,6 Nov,21,-47.83,258.26,0.0,0.0,0.0,0.0,180.0,0.0,0.0,0.0,0.0,0.0,0.0,0.0,1.8,-1.8,19.78,0.0,night_discharging
Yazd,Yazd,31.8974,54.3569,Autumn,6 Nov,22,-59.91,244.75,0.0,0.0,0.0,0.0,180.0,0.0,0.0,0.0,0.0,0.0,0.0,0.0,1.8,-1.8,17.89,0.0,night_discharging
Yazd,Yazd,31.8974,54.3569,Autumn,6 Nov,23,-70.11,219.99,0.0,0.0,0.0,0.0,180.0,0.0,0.0,0.0,0.0,0.0,0.0,0.0,1.8,-1.8,16.0,0.0,night_discharging
Yazd,Yazd,31.8974,54.3569,Winter,4 Feb,0,-74.21,173.43,0.0,0.0,0.0,0.0,180.0,0.0,0.0,0.0,0.0,0.0,0.0,0.0,1.8,-1.8,21.38,0.0,night_discharging
Yazd,Yazd,31.8974,54.3569,Winter,4 Feb,1,-68.07,131.77,0.0,0.0,0.0,0.0,180.0,0.0,0.0,0.0,0.0,0.0,0.0,0.0,1.8,-1.8,19.49,0.0,night_discharging
Yazd,Yazd,31.8974,54.3569,Winter,4 Feb,2,-57.13,110.96,0.0,0.0,0.0,0.0,180.0,0.0,0.0,0.0,0.0,0.0,0.0,0.0,1.8,-1.8,17.6,0.0,night_discharging
Yazd,Yazd,31.8974,54.3569,Winter,4 Feb,3,-44.82,98.93,0.0,0.0,0.0,0.0,180.0,0.0,0.0,0.0,0.0,0.0,0.0,0.0,1.8,-1.8,15.71,0.0,night_discharging
Yazd,Yazd,31.8974,54.3569,Winter,4 Feb,4,-32.14,90.17,0.0,0.0,0.0,0.0,180.0,0.0,0.0,0.0,0.0,0.0,0.0,0.0,1.8,-1.8,13.82,0.0,night_discharging
Yazd,Yazd,31.8974,54.3569,Winter,4 Feb,5,-19.44,82.6,0.0,0.0,0.0,0.0,180.0,0.0,0.0,0.0,0.0,0.0,0.0,0.0,1.44,-1.44,12.3,0.0,night_discharging
Yazd,Yazd,31.8974,54.3569,Winter,4 Feb,6,-6.95,75.22,0.0,0.0,0.0,0.0,180.0,0.0,0.0,0.0,0.0,0.0,0.0,0.0,1.44,-1.44,10.78,0.0,night_discharging
Yazd,Yazd,31.8974,54.3569,Winter,4 Feb,7,5.11,67.32,185.9,27.0,43.5,84.89,67.32,112.68,84.89,0.0,200.6,25.1,43.5,0.92,1.25,-0.33,10.43,0.0,day_discharging
Yazd,Yazd,31.8974,54.3569,Winter,4 Feb,8,16.43,58.25,537.2,43.2,195.2,73.57,58.25,121.75,73.57,0.0,565.0,40.1,195.2,2.59,1.25,1.34,11.7,0.0,day_charging
Yazd,Yazd,31.8974,54.3569,Winter,4 Feb,9,26.58,47.25,658.3,60.3,354.9,63.42,47.25,132.75,63.42,0.0,702.0,102.7,354.9,3.21,1.25,1.96,13.56,0.0,day_charging
Yazd,Yazd,31.8974,54.3569,Winter,4 Feb,10,34.85,33.5,710.9,73.7,480.0,55.15,33.5,146.5,55.15,0.0,768.8,166.2,480.0,3.52,1.25,2.27,15.72,0.0,day_charging
Yazd,Yazd,31.8974,54.3569,Winter,4 Feb,11,40.28,16.63,734.2,82.0,556.6,49.72,16.63,163.37,49.72,0.0,801.7,206.6,556.6,3.67,1.25,2.42,18.02,0.0,day_charging
Yazd,Yazd,31.8974,54.3569,Winter,4 Feb,12,41.87,357.61,739.9,84.3,578.1,48.13,357.61,-177.61,48.13,0.0,810.1,218.0,578.1,3.71,1.25,2.46,20.36,0.0,day_charging
Yazd,Yazd,31.8974,54.3569,Winter,4 Feb,13,39.26,338.92,730.3,80.5,542.6,50.74,338.92,-158.92,50.74,0.0,796.0,199.1,542.6,3.64,1.25,2.39,22.63,0.0,day_charging
Yazd,Yazd,31.8974,54.3569,Winter,4 Feb,14,33.03,322.8,701.4,70.9,453.2,56.97,322.8,-142.8,56.97,0.0,756.1,152.2,453.2,3.46,1.25,2.21,24.73,0.0,day_charging
Yazd,Yazd,31.8974,54.3569,Winter,4 Feb,15,24.21,309.8,637.5,56.4,317.8,65.79,309.8,-129.8,65.79,0.0,677.2,84.7,317.8,3.1,1.25,1.85,26.49,0.0,day_charging
Yazd,Yazd,31.8974,54.3569,Winter,4 Feb,16,13.72,299.35,483.9,38.8,153.5,76.28,299.35,-119.35,76.28,0.0,507.9,36.0,153.5,2.32,1.25,1.07,27.51,0.0,day_charging
Yazd,Yazd,31.8974,54.3569,Winter,4 Feb,17,2.18,290.64,48.4,25.2,27.1,85.0,290.64,-110.64,85.0,0.0,61.5,23.4,27.1,0.28,1.25,-0.97,26.49,0.0,day_discharging
Yazd,Yazd,31.8974,54.3569,Winter,4 Feb,18,-10.01,282.93,0.0,0.0,0.0,0.0,180.0,0.0,0.0,0.0,0.0,0.0,0.0,0.0,1.44,-1.44,24.97,0.0,night_discharging
Yazd,Yazd,31.8974,54.3569,Winter,4 Feb,19,-22.57,275.58,0.0,0.0,0.0,0.0,180.0,0.0,0.0,0.0,0.0,0.0,0.0,0.0,1.44,-1.44,23.45,0.0,night_discharging
Yazd,Yazd,31.8974,54.3569,Winter,4 Feb,20,-35.29,267.83,0.0,0.0,0.0,0.0,180.0,0.0,0.0,0.0,0.0,0.0,0.0,0.0,1.8,-1.8,21.56,0.0,night_discharging
Yazd,Yazd,31.8974,54.3569,Winter,4 Feb,21,-47.93,258.52,0.0,0.0,0.0,0.0,180.0,0.0,0.0,0.0,0.0,0.0,0.0,0.0,1.8,-1.8,19.67,0.0,night_discharging
Yazd,Yazd,31.8974,54.3569,Winter,4 Feb,22,-60.03,245.07,0.0,0.0,0.0,0.0,180.0,0.0,0.0,0.0,0.0,0.0,0.0,0.0,1.8,-1.8,17.78,0.0,night_discharging
Yazd,Yazd,31.8974,54.3569,Winter,4 Feb,23,-70.28,220.32,0.0,0.0,0.0,0.0,180.0,0.0,0.0,0.0,0.0,0.0,0.0,0.0,1.8,-1.8,15.89,0.0,night_discharging
Kerman,Kerman,30.2839,57.0834,Spring,5 May,0,-43.21,173.96,0.0,0.0,0.0,0.0,180.0,0.0,0.0,0.0,0.0,0.0,0.0,0.0,1.98,-1.98,21.19,0.0,night_discharging
Kerman,Kerman,30.2839,57.0834,Spring,5 May,1,-39.74,155.27,0.0,0.0,0.0,0.0,180.0,0.0,0.0,0.0,0.0,0.0,0.0,0.0,1.98,-1.98,19.11,0.0,night_discharging
Kerman,Kerman,30.2839,57.0834,Spring,5 May,2,-32.74,139.63,0.0,0.0,0.0,0.0,180.0,0.0,0.0,0.0,0.0,0.0,0.0,0.0,1.98,-1.98,17.03,0.0,night_discharging
Kerman,Kerman,30.2839,57.0834,Spring,5 May,3,-23.32,127.27,0.0,0.0,0.0,0.0,180.0,0.0,0.0,0.0,0.0,0.0,0.0,0.0,1.98,-1.98,14.95,0.0,night_discharging
Kerman,Kerman,30.2839,57.0834,Spring,5 May,4,-12.37,117.44,0.0,0.0,0.0,0.0,180.0,0.0,0.0,0.0,0.0,0.0,0.0,0.0,1.98,-1.98,12.87,0.0,night_discharging
Kerman,Kerman,30.2839,57.0834,Spring,5 May,5,-0.48,109.26,0.0,0.0,0.0,0.0,180.0,0.0,0.0,0.0,0.0,0.0,0.0,0.0,1.58,-1.58,11.21,0.0,night_discharging
Kerman,Kerman,30.2839,57.0834,Spring,5 May,6,11.99,102.02,442.3,36.0,127.9,78.01,102.02,77.98,78.01,0.0,464.0,158.2,127.9,2.12,1.58,0.54,11.72,0.0,day_charging
Kerman,Kerman,30.2839,57.0834,Spring,5 May,7,24.79,95.06,642.9,57.4,326.9,65.21,95.06,84.94,65.21,0.0,683.6,312.7,326.9,3.13,1.16,1.97,13.59,0.0,day_charging
Kerman,Kerman,30.2839,57.0834,Spring,5 May,8,37.73,87.65,724.1,78.2,521.3,52.27,87.65,92.35,52.27,0.0,787.1,445.0,521.3,3.6,1.16,2.44,15.91,0.0,day_charging
Kerman,Kerman,30.2839,57.0834,Spring,5 May,9,50.58,78.54,764.3,95.9,686.3,39.42,78.54,101.46,39.42,0.0,849.3,552.6,686.3,3.89,1.16,2.73,18.5,0.0,day_charging
Kerman,Kerman,30.2839,57.0834,Spring,5 May,10,62.89,64.69,785.4,108.9,808.0,27.11,64.69,115.31,27.11,0.0,888.3,630.6,808.0,4.07,1.16,2.91,21.26,0.0,day_charging
Kerman,Kerman,30.2839,57.0834,Spring,5 May,11,73.08,36.6,795.3,116.3,877.2,16.92,36.6,143.4,16.92,0.0,909.1,674.5,877.2,4.16,1.16,3.0,24.11,0.0,day_charging
Kerman,Kerman,30.2839,57.0834,Spring,5 May,12,75.4,342.28,796.8,117.5,888.6,14.6,342.28,-162.28,14.6,0.0,912.4,681.8,888.6,4.18,1.16,3.02,26.98,0.0,day_charging
Kerman,Kerman,30.2839,57.0834,Spring,5 May,13,67.28,303.59,790.4,112.5,841.5,22.72,303.59,-123.59,22.72,0.0,898.5,651.9,841.5,4.11,1.16,2.95,29.78,0.0,day_charging
Kerman,Kerman,30.2839,57.0834,Spring,5 May,14,55.48,285.99,774.2,101.5,739.4,34.52,285.99,-105.99,34.52,0.0,866.8,586.7,739.4,3.97,1.16,2.81,32.45,0.0,day_charging
Kerman,Kerman,30.2839,57.0834,Spring,5 May,15,42.76,275.58,742.9,85.5,589.8,47.24,275.58,-95.58,47.24,0.0,814.6,490.0,589.8,3.73,1.16,2.57,34.89,0.0,day_charging
Kerman,Kerman,30.2839,57.0834,Spring,5 May,16,29.82,267.71,682.0,65.7,404.8,60.18,267.71,-87.71,60.18,0.0,731.2,366.8,404.8,3.35,1.16,0.91,35.75,0.0,day_charging
Kerman,Kerman,30.2839,57.0834,Spring,5 May,17,16.94,260.68,545.9,44.1,203.1,73.06,260.68,-80.68,73.06,0.0,574.3,221.1,203.1,2.63,1.16,0.05,35.8,0.0,day_idle
Kerman,Kerman,30.2839,57.0834,Spring,5 May,18,4.32,253.63,147.1,26.3,37.4,85.0,253.63,-73.63,85.0,0.0,161.2,54.8,37.4,0.74,1.58,-0.84,34.92,0.0,day_discharging
Kerman,Kerman,30.2839,57.0834,Spring,5 May,19,-7.83,245.9,0.0,0.0,0.0,0.0,180.0,0.0,0.0,0.0,0.0,0.0,0.0,0.0,1.58,-1.58,33.26,0.0,night_discharging
Kerman,Kerman,30.2839,57.0834,Spring,5 May,20,-19.2,236.8,0.0,0.0,0.0,0.0,180.0,0.0,0.0,0.0,0.0,0.0,0.0,0.0,1.98,-1.98,31.18,0.0,night_discharging
Kerman,Kerman,30.2839,57.0834,Spring,5 May,21,-29.31,225.53,0.0,0.0,0.0,0.0,180.0,0.0,0.0,0.0,0.0,0.0,0.0,0.0,1.98,-1.98,29.1,0.0,night_discharging
Kerman,Kerman,30.2839,57.0834,Spring,5 May,22,-37.38,211.22,0.0,0.0,0.0,0.0,180.0,0.0,0.0,0.0,0.0,0.0,0.0,0.0,1.98,-1.98,27.02,0.0,night_discharging
Kerman,Kerman,30.2839,57.0834,Spring,5 May,23,-42.35,193.58,0.0,0.0,0.0,0.0,180.0,0.0,0.0,0.0,0.0,0.0,0.0,0.0,1.98,-1.98,24.94,0.0,night_discharging
Kerman,Kerman,30.2839,57.0834,Summer,6 Aug,0,-42.91,174.0,0.0,0.0,0.0,0.0,180.0,0.0,0.0,0.0,0.0,0.0,0.0,0.0,1.98,-1.98,21.19,0.0,night_discharging
Kerman,Kerman,30.2839,57.0834,Summer,6 Aug,1,-39.47,155.41,0.0,0.0,0.0,0.0,180.0,0.0,0.0,0.0,0.0,0.0,0.0,0.0,1.98,-1.98,19.11,0.0,night_discharging
Kerman,Kerman,30.2839,57.0834,Summer,6 Aug,2,-32.5,139.84,0.0,0.0,0.0,0.0,180.0,0.0,0.0,0.0,0.0,0.0,0.0,0.0,1.98,-1.98,17.03,0.0,night_discharging
Kerman,Kerman,30.2839,57.0834,Summer,6 Aug,3,-23.11,127.51,0.0,0.0,0.0,0.0,180.0,0.0,0.0,0.0,0.0,0.0,0.0,0.0,1.98,-1.98,14.95,0.0,night_discharging
Kerman,Kerman,30.2839,57.0834,Summer,6 Aug,4,-12.19,117.68,0.0,0.0,0.0,0.0,180.0,0.0,0.0,0.0,0.0,0.0,0.0,0.0,1.98,-1.98,12.87,0.0,night_discharging
Kerman,Kerman,30.2839,57.0834,Summer,6 Aug,5,-0.32,109.52,0.0,0.0,0.0,0.0,180.0,0.0,0.0,0.0,0.0,0.0,0.0,0.0,1.58,-1.58,11.21,0.0,night_discharging
Kerman,Kerman,30.2839,57.0834,Summer,6 Aug,6,12.13,102.29,446.0,36.2,130.0,77.87,102.29,77.71,77.87,0.0,467.9,161.4,130.0,2.14,1.58,0.56,11.74,0.0,day_charging
Kerman,Kerman,30.2839,57.0834,Summer,6 Aug,7,24.93,95.36,644.1,57.6,329.0,65.07,95.36,84.64,65.07,0.0,685.0,316.1,329.0,3.13,1.16,1.97,13.61,0.0,day_charging
Kerman,Kerman,30.2839,57.0834,Summer,6 Aug,8,37.86,88.0,724.6,78.4,523.1,52.14,88.0,92.0,52.14,0.0,787.9,448.3,523.1,3.61,1.16,2.45,15.94,0.0,day_charging
Kerman,Kerman,30.2839,57.0834,Summer,6 Aug,9,50.73,78.96,764.6,96.0,687.9,39.27,78.96,101.04,39.27,0.0,849.8,555.9,687.9,3.89,1.16,2.73,18.53,0.0,day_charging
Kerman,Kerman,30.2839,57.0834,Summer,6 Aug,10,63.06,65.23,785.6,109.1,809.5,26.94,65.23,114.77,26.94,0.0,888.8,633.8,809.5,4.07,1.16,2.91,21.29,0.0,day_charging
Kerman,Kerman,30.2839,57.0834,Summer,6 Aug,11,73.33,37.16,795.5,116.4,878.5,16.67,37.16,142.84,16.67,0.0,909.5,677.7,878.5,4.16,1.16,3.0,24.14,0.0,day_charging
Kerman,Kerman,30.2839,57.0834,Summer,6 Aug,12,75.69,341.95,797.0,117.7,889.9,14.31,341.95,-161.95,14.31,0.0,912.8,684.9,889.9,4.18,1.16,3.02,27.01,0.0,day_charging
Kerman,Kerman,30.2839,57.0834,Summer,6 Aug,13,67.48,303.0,790.6,112.6,842.9,22.52,303.0,-123.0,22.52,0.0,898.9,655.1,842.9,4.11,1.16,2.95,29.81,0.0,day_charging
Kerman,Kerman,30.2839,57.0834,Summer,6 Aug,14,55.63,285.53,774.5,101.7,740.9,34.37,285.53,-105.53,34.37,0.0,867.3,589.9,740.9,3.97,1.16,2.81,32.48,0.0,day_charging
Kerman,Kerman,30.2839,57.0834,Summer,6 Aug,15,42.89,275.22,743.3,85.7,591.6,47.11,275.22,-95.22,47.11,0.0,815.3,493.3,591.6,3.73,1.16,2.57,34.92,0.0,day_charging
Kerman,Kerman,30.2839,57.0834,Summer,6 Aug,16,29.95,267.4,682.9,65.9,406.8,60.05,267.4,-87.4,60.05,0.0,732.3,370.2,406.8,3.35,1.16,0.88,35.76,0.0,day_charging
Kerman,Kerman,30.2839,57.0834,Summer,6 Aug,17,17.08,260.41,548.1,44.3,205.3,72.92,260.41,-80.41,72.92,0.0,576.8,224.4,205.3,2.64,1.16,0.04,35.8,0.0,day_idle
Kerman,Kerman,30.2839,57.0834,Summer,6 Aug,18,4.47,253.37,154.6,26.4,38.5,85.0,253.37,-73.37,85.0,0.0,168.9,57.2,38.5,0.77,1.58,-0.81,34.95,0.0,day_discharging
Kerman,Kerman,30.2839,57.0834,Summer,6 Aug,19,-7.66,245.65,0.0,0.0,0.0,0.0,180.0,0.0,0.0,0.0,0.0,0.0,0.0,0.0,1.58,-1.58,33.29,0.0,night_discharging
Kerman,Kerman,30.2839,57.0834,Summer,6 Aug,20,-19.01,236.56,0.0,0.0,0.0,0.0,180.0,0.0,0.0,0.0,0.0,0.0,0.0,0.0,1.98,-1.98,31.21,0.0,night_discharging
Kerman,Kerman,30.2839,57.0834,Summer,6 Aug,21,-29.08,225.31,0.0,0.0,0.0,0.0,180.0,0.0,0.0,0.0,0.0,0.0,0.0,0.0,1.98,-1.98,29.13,0.0,night_discharging
Kerman,Kerman,30.2839,57.0834,Summer,6 Aug,22,-37.11,211.05,0.0,0.0,0.0,0.0,180.0,0.0,0.0,0.0,0.0,0.0,0.0,0.0,1.98,-1.98,27.05,0.0,night_discharging
Kerman,Kerman,30.2839,57.0834,Summer,6 Aug,23,-42.05,193.49,0.0,0.0,0.0,0.0,180.0,0.0,0.0,0.0,0.0,0.0,0.0,0.0,1.98,-1.98,24.97,0.0,night_discharging
Kerman,Kerman,30.2839,57.0834,Autumn,6 Nov,0,-75.11,162.6,0.0,0.0,0.0,0.0,180.0,0.0,0.0,0.0,0.0,0.0,0.0,0.0,1.98,-1.98,21.19,0.0,night_discharging
Kerman,Kerman,30.2839,57.0834,Autumn,6 Nov,1,-67.08,124.17,0.0,0.0,0.0,0.0,180.0,0.0,0.0,0.0,0.0,0.0,0.0,0.0,1.98,-1.98,19.11,0.0,night_discharging
Kerman,Kerman,30.2839,57.0834,Autumn,6 Nov,2,-55.33,106.45,0.0,0.0,0.0,0.0,180.0,0.0,0.0,0.0,0.0,0.0,0.0,0.0,1.98,-1.98,17.03,0.0,night_discharging
Kerman,Kerman,30.2839,57.0834,Autumn,6 Nov,3,-42.62,95.95,0.0,0.0,0.0,0.0,180.0,0.0,0.0,0.0,0.0,0.0,0.0,0.0,1.98,-1.98,14.95,0.0,night_discharging
Kerman,Kerman,30.2839,57.0834,Autumn,6 Nov,4,-29.69,88.02,0.0,0.0,0.0,0.0,180.0,0.0,0.0,0.0,0.0,0.0,0.0,0.0,1.98,-1.98,12.87,0.0,night_discharging
Kerman,Kerman,30.2839,57.0834,Autumn,6 Nov,5,-16.8,80.96,0.0,0.0,0.0,0.0,180.0,0.0,0.0,0.0,0.0,0.0,0.0,0.0,1.58,-1.58,11.21,0.0,night_discharging
Kerman,Kerman,30.2839,57.0834,Autumn,6 Nov,6,-4.17,73.89,0.0,0.0,0.0,0.0,180.0,0.0,0.0,0.0,0.0,0.0,0.0,0.0,1.58,-1.58,9.55,0.0,night_discharging
Kerman,Kerman,30.2839,57.0834,Autumn,6 Nov,7,8.0,66.14,313.9,30.2,74.0,82.0,66.14,113.86,82.0,0.0,331.2,28.2,74.0,1.52,1.16,0.36,9.89,0.0,day_charging
Kerman,Kerman,30.2839,57.0834,Autumn,6 Nov,8,19.4,57.04,582.8,48.2,241.8,70.6,57.04,122.96,70.6,0.0,614.9,63.1,241.8,2.81,1.16,1.65,11.46,0.0,day_charging
Kerman,Kerman,30.2839,57.0834,Autumn,6 Nov,9,29.54,45.75,680.1,65.2,400.5,60.46,45.75,134.25,60.46,0.0,728.8,144.8,400.5,3.34,1.16,2.18,13.53,0.0,day_charging
Kerman,Kerman,30.2839,57.0834,Autumn,6 Nov,10,37.64,31.4,723.7,78.0,520.0,52.36,31.4,148.6,52.36,0.0,786.5,211.0,520.0,3.6,1.16,2.44,15.85,0.0,day_charging
Kerman,Kerman,30.2839,57.0834,Autumn,6 Nov,11,42.64,13.67,742.5,85.4,588.3,47.36,13.67,166.33,47.36,0.0,814.1,249.9,588.3,3.73,1.16,2.57,18.29,0.0,day_charging
Kerman,Kerman,30.2839,57.0834,Autumn,6 Nov,12,43.51,353.92,745.3,86.6,599.6,46.49,353.92,-173.92,46.49,0.0,818.4,256.3,599.6,3.74,1.16,2.58,20.74,0.0,day_charging
Kerman,Kerman,30.2839,57.0834,Autumn,6 Nov,13,40.02,335.12,733.2,81.6,553.1,49.98,335.12,-155.12,49.98,0.0,800.2,229.8,553.1,3.66,1.16,2.5,23.11,0.0,day_charging
Kerman,Kerman,30.2839,57.0834,Autumn,6 Nov,14,32.98,319.42,701.1,70.8,452.5,57.02,319.42,-139.42,57.02,0.0,755.8,173.3,452.5,3.46,1.16,2.3,25.29,0.0,day_charging
Kerman,Kerman,30.2839,57.0834,Autumn,6 Nov,15,23.53,307.04,630.8,55.2,307.0,66.47,307.04,-127.04,66.47,0.0,669.5,95.4,307.0,3.06,1.16,1.9,27.09,0.0,day_charging
Kerman,Kerman,30.2839,57.0834,Autumn,6 Nov,16,12.55,297.19,456.5,36.9,136.1,77.45,297.19,-117.19,77.45,0.0,478.9,34.4,136.1,2.19,1.16,1.03,28.07,0.0,day_charging
Kerman,Kerman,30.2839,57.0834,Autumn,6 Nov,17,0.64,289.01,7.9,25.0,25.1,85.0,289.01,-109.01,85.0,0.0,20.6,23.3,25.1,0.09,1.16,-1.07,26.94,0.0,day_discharging
Kerman,Kerman,30.2839,57.0834,Autumn,6 Nov,18,-11.85,281.75,0.0,0.0,0.0,0.0,180.0,0.0,0.0,0.0,0.0,0.0,0.0,0.0,1.58,-1.58,25.28,0.0,night_discharging
Kerman,Kerman,30.2839,57.0834,Autumn,6 Nov,19,-24.66,274.77,0.0,0.0,0.0,0.0,180.0,0.0,0.0,0.0,0.0,0.0,0.0,0.0,1.58,-1.58,23.62,0.0,night_discharging
Kerman,Kerman,30.2839,57.0834,Autumn,6 Nov,20,-37.6,267.31,0.0,0.0,0.0,0.0,180.0,0.0,0.0,0.0,0.0,0.0,0.0,0.0,1.98,-1.98,21.54,0.0,night_discharging
Kerman,Kerman,30.2839,57.0834,Autumn,6 Nov,21,-50.44,258.13,0.0,0.0,0.0,0.0,180.0,0.0,0.0,0.0,0.0,0.0,0.0,0.0,1.98,-1.98,19.46,0.0,night_discharging
Kerman,Kerman,30.2839,57.0834,Autumn,6 Nov,22,-62.72,244.16,0.0,0.0,0.0,0.0,180.0,0.0,0.0,0.0,0.0,0.0,0.0,0.0,1.98,-1.98,17.38,0.0,night_discharging
Kerman,Kerman,30.2839,57.0834,Autumn,6 Nov,23,-72.82,216.05,0.0,0.0,0.0,0.0,180.0,0.0,0.0,0.0,0.0,0.0,0.0,0.0,1.98,-1.98,15.3,0.0,night_discharging
Kerman,Kerman,30.2839,57.0834,Winter,4 Feb,0,-75.3,162.39,0.0,0.0,0.0,0.0,180.0,0.0,0.0,0.0,0.0,0.0,0.0,0.0,1.98,-1.98,21.19,0.0,night_discharging
Kerman,Kerman,30.2839,57.0834,Winter,4 Feb,1,-67.22,123.78,0.0,0.0,0.0,0.0,180.0,0.0,0.0,0.0,0.0,0.0,0.0,0.0,1.98,-1.98,19.11,0.0,night_discharging
Kerman,Kerman,30.2839,57.0834,Winter,4 Feb,2,-55.43,106.14,0.0,0.0,0.0,0.0,180.0,0.0,0.0,0.0,0.0,0.0,0.0,0.0,1.98,-1.98,17.03,0.0,night_discharging
Kerman,Kerman,30.2839,57.0834,Winter,4 Feb,3,-42.71,95.71,0.0,0.0,0.0,0.0,180.0,0.0,0.0,0.0,0.0,0.0,0.0,0.0,1.98,-1.98,14.95,0.0,night_discharging
Kerman,Kerman,30.2839,57.0834,Winter,4 Feb,4,-29.78,87.82,0.0,0.0,0.0,0.0,180.0,0.0,0.0,0.0,0.0,0.0,0.0,0.0,1.98,-1.98,12.87,0.0,night_discharging
Kerman,Kerman,30.2839,57.0834,Winter,4 Feb,5,-16.9,80.78,0.0,0.0,0.0,0.0,180.0,0.0,0.0,0.0,0.0,0.0,0.0,0.0,1.58,-1.58,11.21,0.0,night_discharging
Kerman,Kerman,30.2839,57.0834,Winter,4 Feb,6,-4.27,73.72,0.0,0.0,0.0,0.0,180.0,0.0,0.0,0.0,0.0,0.0,0.0,0.0,1.58,-1.58,9.55,0.0,night_discharging
Kerman,Kerman,30.2839,57.0834,Winter,4 Feb,7,7.89,65.98,309.5,30.1,72.6,82.11,65.98,114.02,82.11,0.0,326.6,28.1,72.6,1.49,1.16,0.33,9.86,0.0,day_charging
Kerman,Kerman,30.2839,57.0834,Winter,4 Feb,8,19.27,56.88,581.0,48.0,239.7,70.73,56.88,123.12,70.73,0.0,612.9,61.0,239.7,2.8,1.16,1.64,11.42,0.0,day_charging
Kerman,Kerman,30.2839,57.0834,Winter,4 Feb,9,29.38,45.6,679.1,65.0,398.2,60.62,45.6,134.4,60.62,0.0,727.5,142.2,398.2,3.33,1.16,2.17,13.48,0.0,day_charging
Kerman,Kerman,30.2839,57.0834,Winter,4 Feb,10,37.47,31.28,722.9,77.8,517.5,52.53,31.28,148.72,52.53,0.0,785.5,208.2,517.5,3.59,1.16,2.43,15.79,0.0,day_charging
Kerman,Kerman,30.2839,57.0834,Winter,4 Feb,11,42.45,13.61,741.8,85.1,585.7,47.55,13.61,166.39,47.55,0.0,813.1,246.9,585.7,3.72,1.16,2.56,18.22,0.0,day_charging
Kerman,Kerman,30.2839,57.0834,Winter,4 Feb,12,43.31,353.95,744.6,86.3,597.0,46.69,353.95,-173.95,46.69,0.0,817.4,253.4,597.0,3.74,1.16,2.58,20.67,0.0,day_charging
Kerman,Kerman,30.2839,57.0834,Winter,4 Feb,13,39.84,335.22,732.5,81.3,550.6,50.16,335.22,-155.22,50.16,0.0,799.2,226.9,550.6,3.66,1.16,2.5,23.05,0.0,day_charging
Kerman,Kerman,30.2839,57.0834,Winter,4 Feb,14,32.82,319.56,700.2,70.5,450.1,57.18,319.56,-139.56,57.18,0.0,754.6,170.6,450.1,3.45,1.16,2.29,25.23,0.0,day_charging
Kerman,Kerman,30.2839,57.0834,Winter,4 Feb,15,23.39,307.2,629.4,55.0,304.8,66.61,307.2,-127.2,66.61,0.0,667.8,93.0,304.8,3.06,1.16,1.9,27.04,0.0,day_charging
Kerman,Kerman,30.2839,57.0834,Winter,4 Feb,16,12.43,297.36,453.5,36.7,134.3,77.57,297.36,-117.36,77.57,0.0,475.8,34.3,134.3,2.18,1.16,1.02,28.01,0.0,day_charging
Kerman,Kerman,30.2839,57.0834,Winter,4 Feb,17,0.53,289.18,6.6,25.0,25.1,85.0,289.18,-109.18,85.0,0.0,19.2,23.3,25.1,0.09,1.16,-1.07,26.88,0.0,day_discharging
Kerman,Kerman,30.2839,57.0834,Winter,4 Feb,18,-11.94,281.93,0.0,0.0,0.0,0.0,180.0,0.0,0.0,0.0,0.0,0.0,0.0,0.0,1.58,-1.58,25.22,0.0,night_discharging
Kerman,Kerman,30.2839,57.0834,Winter,4 Feb,19,-24.75,274.97,0.0,0.0,0.0,0.0,180.0,0.0,0.0,0.0,0.0,0.0,0.0,0.0,1.58,-1.58,23.56,0.0,night_discharging
Kerman,Kerman,30.2839,57.0834,Winter,4 Feb,20,-37.69,267.54,0.0,0.0,0.0,0.0,180.0,0.0,0.0,0.0,0.0,0.0,0.0,0.0,1.98,-1.98,21.48,0.0,night_discharging
Kerman,Kerman,30.2839,57.0834,Winter,4 Feb,21,-50.54,258.4,0.0,0.0,0.0,0.0,180.0,0.0,0.0,0.0,0.0,0.0,0.0,0.0,1.98,-1.98,19.4,0.0,night_discharging
Kerman,Kerman,30.2839,57.0834,Winter,4 Feb,22,-62.83,244.51,0.0,0.0,0.0,0.0,180.0,0.0,0.0,0.0,0.0,0.0,0.0,0.0,1.98,-1.98,17.32,0.0,night_discharging
Kerman,Kerman,30.2839,57.0834,Winter,4 Feb,23,-72.99,216.42,0.0,0.0,0.0,0.0,180.0,0.0,0.0,0.0,0.0,0.0,0.0,0.0,1.98,-1.98,15.24,0.0,night_discharging
Hormozgan,Bandar Abbas,27.1832,56.2666,Spring,5 May,0,-46.36,174.76,0.0,0.0,0.0,0.0,180.0,0.0,0.0,0.0,0.0,0.0,0.0,0.0,1.8,-1.8,21.51,0.0,night_discharging
Hormozgan,Bandar Abbas,27.1832,56.2666,Spring,5 May,1,-42.86,155.09,0.0,0.0,0.0,0.0,180.0,0.0,0.0,0.0,0.0,0.0,0.0,0.0,1.8,-1.8,19.62,0.0,night_discharging
Hormozgan,Bandar Abbas,27.1832,56.2666,Spring,5 May,2,-35.56,139.02,0.0,0.0,0.0,0.0,180.0,0.0,0.0,0.0,0.0,0.0,0.0,0.0,1.8,-1.8,17.73,0.0,night_discharging
Hormozgan,Bandar Abbas,27.1832,56.2666,Spring,5 May,3,-25.76,126.73,0.0,0.0,0.0,0.0,180.0,0.0,0.0,0.0,0.0,0.0,0.0,0.0,1.8,-1.8,15.84,0.0,night_discharging
Hormozgan,Bandar Abbas,27.1832,56.2666,Spring,5 May,4,-14.43,117.25,0.0,0.0,0.0,0.0,180.0,0.0,0.0,0.0,0.0,0.0,0.0,0.0,1.8,-1.8,13.95,0.0,night_discharging
Hormozgan,Bandar Abbas,27.1832,56.2666,Spring,5 May,5,-2.18,109.59,0.0,0.0,0.0,0.0,180.0,0.0,0.0,0.0,0.0,0.0,0.0,0.0,1.44,-1.44,12.43,0.0,night_discharging
Hormozgan,Bandar Abbas,27.1832,56.2666,Spring,5 May,6,10.62,102.99,403.8,33.9,108.4,79.38,102.99,77.01,79.38,0.0,423.9,138.9,108.4,2.05,1.44,0.61,13.01,0.0,day_charging
Hormozgan,Bandar Abbas,27.1832,56.2666,Spring,5 May,7,23.76,96.81,633.1,55.6,310.7,66.24,96.81,83.19,66.24,0.0,672.1,311.1,310.7,3.25,1.25,2.0,14.91,0.0,day_charging
Hormozgan,Bandar Abbas,27.1832,56.2666,Spring,5 May,8,37.07,90.43,721.2,77.2,511.9,52.93,90.43,89.57,52.93,0.0,783.0,462.2,511.9,3.79,1.25,2.54,17.32,0.0,day_charging
Hormozgan,Bandar Abbas,27.1832,56.2666,Spring,5 May,9,50.38,82.79,763.8,95.6,684.0,39.62,82.79,97.21,39.62,0.0,848.5,586.9,684.0,4.11,1.25,2.86,20.04,0.0,day_charging
Hormozgan,Bandar Abbas,27.1832,56.2666,Spring,5 May,10,63.39,71.3,786.1,109.3,812.1,26.61,71.3,108.7,26.61,0.0,889.6,678.3,812.1,4.31,1.25,3.06,22.95,0.0,day_charging
Hormozgan,Bandar Abbas,27.1832,56.2666,Spring,5 May,11,74.94,46.02,796.5,117.3,886.5,15.06,46.02,133.98,15.06,0.0,911.8,731.0,886.5,4.41,1.25,3.16,25.95,0.0,day_charging
Hormozgan,Bandar Abbas,27.1832,56.2666,Spring,5 May,12,78.57,341.45,798.5,118.9,901.6,11.43,341.45,-161.45,11.43,0.0,916.2,741.7,901.6,4.43,1.25,3.18,28.97,0.0,day_charging
Hormozgan,Bandar Abbas,27.1832,56.2666,Spring,5 May,13,69.49,298.19,792.5,114.1,856.3,20.51,298.19,-118.19,20.51,0.0,902.9,709.6,856.3,4.37,1.25,3.12,31.93,0.0,day_charging
Hormozgan,Bandar Abbas,27.1832,56.2666,Spring,5 May,14,56.93,282.15,776.7,103.1,754.0,33.07,282.15,-102.15,33.07,0.0,871.5,636.9,754.0,4.22,1.25,2.97,34.75,0.0,day_charging
Hormozgan,Bandar Abbas,27.1832,56.2666,Spring,5 May,15,43.71,273.12,745.9,86.8,602.3,46.29,273.12,-93.12,46.29,0.0,819.3,528.0,602.3,3.97,1.25,1.25,35.94,0.0,day_charging
Hormozgan,Bandar Abbas,27.1832,56.2666,Spring,5 May,16,30.37,266.29,685.6,66.6,413.3,59.63,266.29,-86.29,59.63,0.0,735.8,389.2,413.3,3.56,1.25,0.06,36.0,0.0,day_charging
Hormozgan,Bandar Abbas,27.1832,56.2666,Spring,5 May,17,17.13,260.1,549.0,44.4,206.1,72.87,260.1,-80.1,72.87,0.0,577.7,227.0,206.1,2.8,1.25,0.0,36.0,0.0,day_idle
Hormozgan,Bandar Abbas,27.1832,56.2666,Spring,5 May,18,4.14,253.79,138.1,26.2,36.2,85.0,253.79,-73.79,85.0,0.0,152.1,51.1,36.2,0.74,1.44,-0.7,35.26,0.0,day_discharging
Hormozgan,Bandar Abbas,27.1832,56.2666,Spring,5 May,19,-8.42,246.73,0.0,0.0,0.0,0.0,180.0,0.0,0.0,0.0,0.0,0.0,0.0,0.0,1.44,-1.44,33.74,0.0,night_discharging
Hormozgan,Bandar Abbas,27.1832,56.2666,Spring,5 May,20,-20.26,238.27,0.0,0.0,0.0,0.0,180.0,0.0,0.0,0.0,0.0,0.0,0.0,0.0,1.8,-1.8,31.85,0.0,night_discharging
Hormozgan,Bandar Abbas,27.1832,56.2666,Spring,5 May,21,-30.92,227.51,0.0,0.0,0.0,0.0,180.0,0.0,0.0,0.0,0.0,0.0,0.0,0.0,1.8,-1.8,29.96,0.0,night_discharging
Hormozgan,Bandar Abbas,27.1832,56.2666,Spring,5 May,22,-39.62,213.42,0.0,0.0,0.0,0.0,180.0,0.0,0.0,0.0,0.0,0.0,0.0,0.0,1.8,-1.8,28.07,0.0,night_discharging
Hormozgan,Bandar Abbas,27.1832,56.2666,Spring,5 May,23,-45.17,195.38,0.0,0.0,0.0,0.0,180.0,0.0,0.0,0.0,0.0,0.0,0.0,0.0,1.8,-1.8,26.18,0.0,night_discharging
Hormozgan,Bandar Abbas,27.1832,56.2666,Summer,6 Aug,0,-46.06,174.79,0.0,0.0,0.0,0.0,180.0,0.0,0.0,0.0,0.0,0.0,0.0,0.0,1.8,-1.8,21.51,0.0,night_discharging
Hormozgan,Bandar Abbas,27.1832,56.2666,Summer,6 Aug,1,-42.58,155.25,0.0,0.0,0.0,0.0,180.0,0.0,0.0,0.0,0.0,0.0,0.0,0.0,1.8,-1.8,19.62,0.0,night_discharging
Hormozgan,Bandar Abbas,27.1832,56.2666,Summer,6 Aug,2,-35.32,139.25,0.0,0.0,0.0,0.0,180.0,0.0,0.0,0.0,0.0,0.0,0.0,0.0,1.8,-1.8,17.73,0.0,night_discharging
Hormozgan,Bandar Abbas,27.1832,56.2666,Summer,6 Aug,3,-25.56,126.98,0.0,0.0,0.0,0.0,180.0,0.0,0.0,0.0,0.0,0.0,0.0,0.0,1.8,-1.8,15.84,0.0,night_discharging
Hormozgan,Bandar Abbas,27.1832,56.2666,Summer,6 Aug,4,-14.26,117.51,0.0,0.0,0.0,0.0,180.0,0.0,0.0,0.0,0.0,0.0,0.0,0.0,1.8,-1.8,13.95,0.0,night_discharging
Hormozgan,Bandar Abbas,27.1832,56.2666,Summer,6 Aug,5,-2.04,109.85,0.0,0.0,0.0,0.0,180.0,0.0,0.0,0.0,0.0,0.0,0.0,0.0,1.44,-1.44,12.43,0.0,night_discharging
Hormozgan,Bandar Abbas,27.1832,56.2666,Summer,6 Aug,6,10.75,103.26,407.6,34.1,110.2,79.25,103.26,76.74,79.25,0.0,427.9,141.7,110.2,2.07,1.44,0.63,13.03,0.0,day_charging
Hormozgan,Bandar Abbas,27.1832,56.2666,Summer,6 Aug,7,23.88,97.12,634.3,55.8,312.5,66.12,97.12,82.88,66.12,0.0,673.5,314.1,312.5,3.26,1.25,2.01,14.94,0.0,day_charging
Hormozgan,Bandar Abbas,27.1832,56.2666,Summer,6 Aug,8,37.18,90.78,721.7,77.3,513.5,52.82,90.78,89.22,52.82,0.0,783.7,465.3,513.5,3.79,1.25,2.54,17.35,0.0,day_charging
Hormozgan,Bandar Abbas,27.1832,56.2666,Summer,6 Aug,9,50.5,83.22,764.1,95.7,685.3,39.5,83.22,96.78,39.5,0.0,848.9,589.8,685.3,4.11,1.25,2.86,20.07,0.0,day_charging
Hormozgan,Bandar Abbas,27.1832,56.2666,Summer,6 Aug,10,63.53,71.89,786.2,109.5,813.3,26.47,71.89,108.11,26.47,0.0,889.9,681.1,813.3,4.31,1.25,3.06,22.98,0.0,day_charging
Hormozgan,Bandar Abbas,27.1832,56.2666,Summer,6 Aug,11,75.16,46.81,796.7,117.4,887.5,14.84,46.81,133.19,14.84,0.0,912.1,733.8,887.5,4.41,1.25,3.16,25.98,0.0,day_charging
Hormozgan,Bandar Abbas,27.1832,56.2666,Summer,6 Aug,12,78.86,340.99,798.6,119.0,902.6,11.14,340.99,-160.99,11.14,0.0,916.5,744.4,902.6,4.44,1.25,3.19,29.01,0.0,day_charging
Hormozgan,Bandar Abbas,27.1832,56.2666,Summer,6 Aug,13,69.66,297.48,792.6,114.2,857.4,20.34,297.48,-117.48,20.34,0.0,903.2,712.4,857.4,4.37,1.25,3.12,31.97,0.0,day_charging
Hormozgan,Bandar Abbas,27.1832,56.2666,Summer,6 Aug,14,57.05,281.65,776.9,103.2,755.2,32.95,281.65,-101.65,32.95,0.0,871.9,639.8,755.2,4.22,1.25,2.97,34.79,0.0,day_charging
Hormozgan,Bandar Abbas,27.1832,56.2666,Summer,6 Aug,15,43.82,272.74,746.3,87.0,603.7,46.18,272.74,-92.74,46.18,0.0,819.9,531.0,603.7,3.97,1.25,1.21,35.94,0.0,day_charging
Hormozgan,Bandar Abbas,27.1832,56.2666,Summer,6 Aug,16,30.49,265.97,686.3,66.8,415.0,59.51,265.97,-85.97,59.51,0.0,736.7,392.3,415.0,3.57,1.25,0.06,36.0,0.0,day_charging
Hormozgan,Bandar Abbas,27.1832,56.2666,Summer,6 Aug,17,17.25,259.82,551.0,44.6,208.0,72.75,259.82,-79.82,72.75,0.0,579.9,230.0,208.0,2.81,1.25,0.0,36.0,0.0,day_idle
Hormozgan,Bandar Abbas,27.1832,56.2666,Summer,6 Aug,18,4.27,253.52,144.8,26.3,37.1,85.0,253.52,-73.52,85.0,0.0,159.0,53.1,37.1,0.77,1.44,-0.67,35.29,0.0,day_discharging
Hormozgan,Bandar Abbas,27.1832,56.2666,Summer,6 Aug,19,-8.26,246.48,0.0,0.0,0.0,0.0,180.0,0.0,0.0,0.0,0.0,0.0,0.0,0.0,1.44,-1.44,33.77,0.0,night_discharging
Hormozgan,Bandar Abbas,27.1832,56.2666,Summer,6 Aug,20,-20.08,238.02,0.0,0.0,0.0,0.0,180.0,0.0,0.0,0.0,0.0,0.0,0.0,0.0,1.8,-1.8,31.88,0.0,night_discharging
Hormozgan,Bandar Abbas,27.1832,56.2666,Summer,6 Aug,21,-30.7,227.28,0.0,0.0,0.0,0.0,180.0,0.0,0.0,0.0,0.0,0.0,0.0,0.0,1.8,-1.8,29.99,0.0,night_discharging
Hormozgan,Bandar Abbas,27.1832,56.2666,Summer,6 Aug,22,-39.36,213.22,0.0,0.0,0.0,0.0,180.0,0.0,0.0,0.0,0.0,0.0,0.0,0.0,1.8,-1.8,28.1,0.0,night_discharging
Hormozgan,Bandar Abbas,27.1832,56.2666,Summer,6 Aug,23,-44.88,195.28,0.0,0.0,0.0,0.0,180.0,0.0,0.0,0.0,0.0,0.0,0.0,0.0,1.8,-1.8,26.21,0.0,night_discharging
Hormozgan,Bandar Abbas,27.1832,56.2666,Autumn,6 Nov,0,-78.28,161.88,0.0,0.0,0.0,0.0,180.0,0.0,0.0,0.0,0.0,0.0,0.0,0.0,1.8,-1.8,21.51,0.0,night_discharging
Hormozgan,Bandar Abbas,27.1832,56.2666,Autumn,6 Nov,1,-69.32,118.88,0.0,0.0,0.0,0.0,180.0,0.0,0.0,0.0,0.0,0.0,0.0,0.0,1.8,-1.8,19.62,0.0,night_discharging
Hormozgan,Bandar Abbas,27.1832,56.2666,Autumn,6 Nov,2,-56.8,102.65,0.0,0.0,0.0,0.0,180.0,0.0,0.0,0.0,0.0,0.0,0.0,0.0,1.8,-1.8,17.73,0.0,night_discharging
Hormozgan,Bandar Abbas,27.1832,56.2666,Autumn,6 Nov,3,-43.59,93.5,0.0,0.0,0.0,0.0,180.0,0.0,0.0,0.0,0.0,0.0,0.0,0.0,1.8,-1.8,15.84,0.0,night_discharging
Hormozgan,Bandar Abbas,27.1832,56.2666,Autumn,6 Nov,4,-30.26,86.61,0.0,0.0,0.0,0.0,180.0,0.0,0.0,0.0,0.0,0.0,0.0,0.0,1.8,-1.8,13.95,0.0,night_discharging
Hormozgan,Bandar Abbas,27.1832,56.2666,Autumn,6 Nov,5,-17.01,80.39,0.0,0.0,0.0,0.0,180.0,0.0,0.0,0.0,0.0,0.0,0.0,0.0,1.44,-1.44,12.43,0.0,night_discharging
Hormozgan,Bandar Abbas,27.1832,56.2666,Autumn,6 Nov,6,-4.0,74.06,0.0,0.0,0.0,0.0,180.0,0.0,0.0,0.0,0.0,0.0,0.0,0.0,1.44,-1.44,10.91,0.0,night_discharging
Hormozgan,Bandar Abbas,27.1832,56.2666,Autumn,6 Nov,7,8.58,66.99,335.8,31.0,81.1,81.42,66.99,113.01,81.42,0.0,353.6,29.3,81.1,1.71,1.25,0.46,11.35,0.0,day_charging
Hormozgan,Bandar Abbas,27.1832,56.2666,Autumn,6 Nov,8,20.45,58.52,596.4,50.0,258.4,69.55,58.52,121.48,69.55,0.0,630.2,100.4,258.4,3.05,1.25,1.8,13.06,0.0,day_charging
Hormozgan,Bandar Abbas,27.1832,56.2666,Autumn,6 Nov,9,31.14,47.75,690.4,67.8,424.9,58.86,47.75,132.25,58.86,0.0,741.9,201.9,424.9,3.59,1.25,2.34,15.28,0.0,day_charging
Hormozgan,Bandar Abbas,27.1832,56.2666,Autumn,6 Nov,10,39.87,33.62,732.7,81.4,551.1,50.13,33.62,146.38,50.13,0.0,799.4,282.9,551.1,3.87,1.25,2.62,17.77,0.0,day_charging
Hormozgan,Bandar Abbas,27.1832,56.2666,Autumn,6 Nov,11,45.46,15.49,751.2,89.3,624.7,44.54,15.49,164.51,44.54,0.0,827.6,331.0,624.7,4.01,1.25,2.76,20.39,0.0,day_charging
Hormozgan,Bandar Abbas,27.1832,56.2666,Autumn,6 Nov,12,46.66,354.72,754.6,90.9,639.7,43.34,354.72,-174.72,43.34,0.0,833.0,340.8,639.7,4.03,1.25,2.78,23.03,0.0,day_charging
Hormozgan,Bandar Abbas,27.1832,56.2666,Autumn,6 Nov,13,43.13,334.93,744.1,86.0,594.8,46.87,334.93,-154.93,46.87,0.0,816.5,311.4,594.8,3.95,1.25,2.7,25.6,0.0,day_charging
Hormozgan,Bandar Abbas,27.1832,56.2666,Autumn,6 Nov,14,35.8,318.8,715.4,75.2,493.7,54.2,318.8,-138.8,54.2,0.0,775.0,245.8,493.7,3.75,1.25,2.5,27.98,0.0,day_charging
Hormozgan,Bandar Abbas,27.1832,56.2666,Autumn,6 Nov,15,25.96,306.49,653.1,59.3,345.2,64.04,306.49,-126.49,64.04,0.0,695.8,152.3,345.2,3.37,1.25,2.12,29.99,0.0,day_charging
Hormozgan,Bandar Abbas,27.1832,56.2666,Autumn,6 Nov,16,14.6,297.0,502.7,40.2,166.9,75.4,297.0,-117.0,75.4,0.0,527.8,50.7,166.9,2.55,1.25,1.3,31.22,0.0,day_charging
Hormozgan,Bandar Abbas,27.1832,56.2666,Autumn,6 Nov,17,2.33,289.33,54.4,25.3,27.5,85.0,289.33,-109.33,85.0,0.0,67.6,23.9,27.5,0.33,1.25,-0.92,30.25,0.0,day_discharging
Hormozgan,Bandar Abbas,27.1832,56.2666,Autumn,6 Nov,18,-10.49,282.71,0.0,0.0,0.0,0.0,180.0,0.0,0.0,0.0,0.0,0.0,0.0,0.0,1.44,-1.44,28.73,0.0,night_discharging
Hormozgan,Bandar Abbas,27.1832,56.2666,Autumn,6 Nov,19,-23.64,276.51,0.0,0.0,0.0,0.0,180.0,0.0,0.0,0.0,0.0,0.0,0.0,0.0,1.44,-1.44,27.21,0.0,night_discharging
Hormozgan,Bandar Abbas,27.1832,56.2666,Autumn,6 Nov,20,-36.96,270.08,0.0,0.0,0.0,0.0,180.0,0.0,0.0,0.0,0.0,0.0,0.0,0.0,1.8,-1.8,25.32,0.0,night_discharging
Hormozgan,Bandar Abbas,27.1832,56.2666,Autumn,6 Nov,21,-50.26,262.35,0.0,0.0,0.0,0.0,180.0,0.0,0.0,0.0,0.0,0.0,0.0,0.0,1.8,-1.8,23.43,0.0,night_discharging
Hormozgan,Bandar Abbas,27.1832,56.2666,Autumn,6 Nov,22,-63.24,250.71,0.0,0.0,0.0,0.0,180.0,0.0,0.0,0.0,0.0,0.0,0.0,0.0,1.8,-1.8,21.54,0.0,night_discharging
Hormozgan,Bandar Abbas,27.1832,56.2666,Autumn,6 Nov,23,-74.72,225.27,0.0,0.0,0.0,0.0,180.0,0.0,0.0,0.0,0.0,0.0,0.0,0.0,1.8,-1.8,19.65,0.0,night_discharging
Hormozgan,Bandar Abbas,27.1832,56.2666,Winter,4 Feb,0,-78.48,161.59,0.0,0.0,0.0,0.0,180.0,0.0,0.0,0.0,0.0,0.0,0.0,0.0,1.8,-1.8,21.51,0.0,night_discharging
Hormozgan,Bandar Abbas,27.1832,56.2666,Winter,4 Feb,1,-69.43,118.42,0.0,0.0,0.0,0.0,180.0,0.0,0.0,0.0,0.0,0.0,0.0,0.0,1.8,-1.8,19.62,0.0,night_discharging
Hormozgan,Bandar Abbas,27.1832,56.2666,Winter,4 Feb,2,-56.89,102.31,0.0,0.0,0.0,0.0,180.0,0.0,0.0,0.0,0.0,0.0,0.0,0.0,1.8,-1.8,17.73,0.0,night_discharging
Hormozgan,Bandar Abbas,27.1832,56.2666,Winter,4 Feb,3,-43.67,93.25,0.0,0.0,0.0,0.0,180.0,0.0,0.0,0.0,0.0,0.0,0.0,0.0,1.8,-1.8,15.84,0.0,night_discharging
Hormozgan,Bandar Abbas,27.1832,56.2666,Winter,4 Feb,4,-30.33,86.4,0.0,0.0,0.0,0.0,180.0,0.0,0.0,0.0,0.0,0.0,0.0,0.0,1.8,-1.8,13.95,0.0,night_discharging
Hormozgan,Bandar Abbas,27.1832,56.2666,Winter,4 Feb,5,-17.09,80.2,0.0,0.0,0.0,0.0,180.0,0.0,0.0,0.0,0.0,0.0,0.0,0.0,1.44,-1.44,12.43,0.0,night_discharging
Hormozgan,Bandar Abbas,27.1832,56.2666,Winter,4 Feb,6,-4.09,73.88,0.0,0.0,0.0,0.0,180.0,0.0,0.0,0.0,0.0,0.0,0.0,0.0,1.44,-1.44,10.91,0.0,night_discharging
Hormozgan,Bandar Abbas,27.1832,56.2666,Winter,4 Feb,7,8.47,66.82,331.9,30.9,79.8,81.53,66.82,113.18,81.53,0.0,349.6,29.2,79.8,1.69,1.25,0.44,11.33,0.0,day_charging
Hormozgan,Bandar Abbas,27.1832,56.2666,Winter,4 Feb,8,20.32,58.35,594.9,49.8,256.4,69.68,58.35,121.65,69.68,0.0,628.4,98.3,256.4,3.04,1.25,1.79,13.03,0.0,day_charging
Hormozgan,Bandar Abbas,27.1832,56.2666,Winter,4 Feb,9,30.99,47.59,689.5,67.6,422.7,59.01,47.59,132.41,59.01,0.0,740.7,199.3,422.7,3.59,1.25,2.34,15.25,0.0,day_charging
Hormozgan,Bandar Abbas,27.1832,56.2666,Winter,4 Feb,10,39.7,33.48,732.0,81.1,548.7,50.3,33.48,146.52,50.3,0.0,798.5,280.1,548.7,3.86,1.25,2.61,17.73,0.0,day_charging
Hormozgan,Bandar Abbas,27.1832,56.2666,Winter,4 Feb,11,45.27,15.41,750.6,89.0,622.2,44.73,15.41,164.59,44.73,0.0,826.7,328.1,622.2,4.0,1.25,2.75,20.34,0.0,day_charging
Hormozgan,Bandar Abbas,27.1832,56.2666,Winter,4 Feb,12,46.46,354.75,754.0,90.6,637.2,43.54,354.75,-174.75,43.54,0.0,832.1,337.9,637.2,4.03,1.25,2.78,22.98,0.0,day_charging
Hormozgan,Bandar Abbas,27.1832,56.2666,Winter,4 Feb,13,42.95,335.03,743.5,85.8,592.4,47.05,335.03,-155.03,47.05,0.0,815.6,308.5,592.4,3.95,1.25,2.7,25.55,0.0,day_charging
Hormozgan,Bandar Abbas,27.1832,56.2666,Winter,4 Feb,14,35.64,318.95,714.7,75.0,491.4,54.36,318.95,-138.95,54.36,0.0,774.0,243.1,491.4,3.75,1.25,2.5,27.93,0.0,day_charging
Hormozgan,Bandar Abbas,27.1832,56.2666,Winter,4 Feb,15,25.82,306.65,652.0,59.1,343.1,64.18,306.65,-126.65,64.18,0.0,694.4,149.9,343.1,3.36,1.25,2.11,29.93,0.0,day_charging
Hormozgan,Bandar Abbas,27.1832,56.2666,Winter,4 Feb,16,14.49,297.17,500.3,40.0,165.2,75.51,297.17,-117.17,75.51,0.0,525.4,48.9,165.2,2.54,1.25,1.29,31.16,0.0,day_charging
Hormozgan,Bandar Abbas,27.1832,56.2666,Winter,4 Feb,17,2.23,289.51,50.6,25.2,27.2,85.0,289.51,-109.51,85.0,0.0,63.7,23.9,27.2,0.31,1.25,-0.94,30.17,0.0,day_discharging
Hormozgan,Bandar Abbas,27.1832,56.2666,Winter,4 Feb,18,-10.58,282.89,0.0,0.0,0.0,0.0,180.0,0.0,0.0,0.0,0.0,0.0,0.0,0.0,1.44,-1.44,28.65,0.0,night_discharging
Hormozgan,Bandar Abbas,27.1832,56.2666,Winter,4 Feb,19,-23.72,276.71,0.0,0.0,0.0,0.0,180.0,0.0,0.0,0.0,0.0,0.0,0.0,0.0,1.44,-1.44,27.13,0.0,night_discharging
Hormozgan,Bandar Abbas,27.1832,56.2666,Winter,4 Feb,20,-37.03,270.31,0.0,0.0,0.0,0.0,180.0,0.0,0.0,0.0,0.0,0.0,0.0,0.0,1.8,-1.8,25.24,0.0,night_discharging
Hormozgan,Bandar Abbas,27.1832,56.2666,Winter,4 Feb,21,-50.34,262.64,0.0,0.0,0.0,0.0,180.0,0.0,0.0,0.0,0.0,0.0,0.0,0.0,1.8,-1.8,23.35,0.0,night_discharging
Hormozgan,Bandar Abbas,27.1832,56.2666,Winter,4 Feb,22,-63.34,251.1,0.0,0.0,0.0,0.0,180.0,0.0,0.0,0.0,0.0,0.0,0.0,0.0,1.8,-1.8,21.46,0.0,night_discharging
Hormozgan,Bandar Abbas,27.1832,56.2666,Winter,4 Feb,23,-74.87,225.77,0.0,0.0,0.0,0.0,180.0,0.0,0.0,0.0,0.0,0.0,0.0,0.0,1.8,-1.8,19.57,0.0,night_discharging
Markazi,Arak,34.0917,49.6892,Spring,5 May,0,-39.54,176.5,0.0,0.0,0.0,0.0,180.0,0.0,0.0,0.0,0.0,0.0,0.0,0.0,1.8,-1.8,21.38,0.0,night_discharging
Markazi,Arak,34.0917,49.6892,Spring,5 May,1,-38.29,165.04,0.0,0.0,0.0,0.0,180.0,0.0,0.0,0.0,0.0,0.0,0.0,0.0,1.8,-1.8,19.49,0.0,night_discharging
Markazi,Arak,34.0917,49.6892,Spring,5 May,2,-33.35,148.33,0.0,0.0,0.0,0.0,180.0,0.0,0.0,0.0,0.0,0.0,0.0,0.0,1.8,-1.8,17.6,0.0,night_discharging
Markazi,Arak,34.0917,49.6892,Spring,5 May,3,-25.57,134.39,0.0,0.0,0.0,0.0,180.0,0.0,0.0,0.0,0.0,0.0,0.0,0.0,1.8,-1.8,15.71,0.0,night_discharging
Markazi,Arak,34.0917,49.6892,Spring,5 May,4,-15.87,123.0,0.0,0.0,0.0,0.0,180.0,0.0,0.0,0.0,0.0,0.0,0.0,0.0,1.8,-1.8,13.82,0.0,night_discharging
Markazi,Arak,34.0917,49.6892,Spring,5 May,5,-4.92,113.48,0.0,0.0,0.0,0.0,180.0,0.0,0.0,0.0,0.0,0.0,0.0,0.0,1.44,-1.44,12.3,0.0,night_discharging
Markazi,Arak,34.0917,49.6892,Spring,5 May,6,6.8,105.11,264.2,28.8,60.0,83.2,105.11,74.89,83.2,0.0,280.3,89.9,60.0,1.23,1.44,-0.21,12.08,0.0,day_discharging
Markazi,Arak,34.0917,49.6892,Spring,5 May,7,18.97,97.22,576.9,47.5,235.1,71.03,97.22,82.78,71.03,0.0,608.4,238.3,235.1,2.68,1.25,1.43,13.44,0.0,day_charging
Markazi,Arak,34.0917,49.6892,Spring,5 May,8,31.37,89.1,691.8,68.2,428.3,58.63,89.1,90.9,58.63,0.0,743.6,359.7,428.3,3.27,1.25,2.02,15.36,0.0,day_charging
Markazi,Arak,34.0917,49.6892,Spring,5 May,9,43.72,79.73,745.9,86.9,602.4,46.28,79.73,100.27,46.28,0.0,819.4,459.9,602.4,3.61,1.25,2.36,17.6,0.0,day_charging
Markazi,Arak,34.0917,49.6892,Spring,5 May,10,55.63,67.1,774.5,101.7,740.9,34.37,67.1,112.9,34.37,0.0,867.3,536.9,740.9,3.82,1.25,2.57,20.04,0.0,day_charging
Markazi,Arak,34.0917,49.6892,Spring,5 May,11,66.08,46.38,789.1,111.6,832.9,23.92,46.38,133.62,23.92,0.0,895.9,587.3,832.9,3.94,1.25,2.69,22.6,0.0,day_charging
Markazi,Arak,34.0917,49.6892,Spring,5 May,12,72.03,8.78,794.5,115.7,871.5,17.97,8.78,171.22,17.97,0.0,907.4,608.3,871.5,3.99,1.25,2.74,25.2,0.0,day_charging
Markazi,Arak,34.0917,49.6892,Spring,5 May,13,69.11,325.37,792.1,113.8,853.8,20.89,325.37,-145.37,20.89,0.0,902.2,598.7,853.8,3.97,1.25,2.72,27.78,0.0,day_charging
Markazi,Arak,34.0917,49.6892,Spring,5 May,14,59.81,299.3,781.2,106.0,781.3,30.19,299.3,-119.3,30.19,0.0,880.1,559.1,781.3,3.87,1.25,2.62,30.27,0.0,day_charging
Markazi,Arak,34.0917,49.6892,Spring,5 May,15,48.27,284.46,758.8,92.9,659.2,41.73,284.46,-104.46,41.73,0.0,839.9,491.7,659.2,3.7,1.25,2.45,32.6,0.0,day_charging
Markazi,Arak,34.0917,49.6892,Spring,5 May,16,36.02,274.19,716.4,75.6,496.8,53.98,274.19,-94.19,53.98,0.0,776.4,399.7,496.8,3.42,1.25,2.17,34.66,0.0,day_charging
Markazi,Arak,34.0917,49.6892,Spring,5 May,17,23.61,265.75,631.6,55.4,308.3,66.39,265.75,-85.75,66.39,0.0,670.4,286.4,308.3,2.95,1.25,1.14,35.74,0.0,day_charging
Markazi,Arak,34.0917,49.6892,Spring,5 May,18,11.32,257.87,424.1,35.0,118.2,78.68,257.87,-77.87,78.68,0.0,445.0,149.6,118.2,1.96,1.44,0.06,35.8,0.0,day_charging
Markazi,Arak,34.0917,49.6892,Spring,5 May,19,-0.6,249.75,0.0,0.0,0.0,0.0,180.0,0.0,0.0,0.0,0.0,0.0,0.0,0.0,1.44,-1.44,34.28,0.0,night_discharging
Markazi,Arak,34.0917,49.6892,Spring,5 May,20,-11.88,240.74,0.0,0.0,0.0,0.0,180.0,0.0,0.0,0.0,0.0,0.0,0.0,0.0,1.8,-1.8,32.39,0.0,night_discharging
Markazi,Arak,34.0917,49.6892,Spring,5 May,21,-22.12,230.14,0.0,0.0,0.0,0.0,180.0,0.0,0.0,0.0,0.0,0.0,0.0,0.0,1.8,-1.8,30.5,0.0,night_discharging
Markazi,Arak,34.0917,49.6892,Spring,5 May,22,-30.71,217.22,0.0,0.0,0.0,0.0,180.0,0.0,0.0,0.0,0.0,0.0,0.0,0.0,1.8,-1.8,28.61,0.0,night_discharging
Markazi,Arak,34.0917,49.6892,Spring,5 May,23,-36.83,201.52,0.0,0.0,0.0,0.0,180.0,0.0,0.0,0.0,0.0,0.0,0.0,0.0,1.8,-1.8,26.72,0.0,night_discharging
Markazi,Arak,34.0917,49.6892,Summer,6 Aug,0,-39.24,176.52,0.0,0.0,0.0,0.0,180.0,0.0,0.0,0.0,0.0,0.0,0.0,0.0,1.8,-1.8,21.38,0.0,night_discharging
Markazi,Arak,34.0917,49.6892,Summer,6 Aug,1,-38.0,165.12,0.0,0.0,0.0,0.0,180.0,0.0,0.0,0.0,0.0,0.0,0.0,0.0,1.8,-1.8,19.49,0.0,night_discharging
Markazi,Arak,34.0917,49.6892,Summer,6 Aug,2,-33.08,148.49,0.0,0.0,0.0,0.0,180.0,0.0,0.0,0.0,0.0,0.0,0.0,0.0,1.8,-1.8,17.6,0.0,night_discharging
Markazi,Arak,34.0917,49.6892,Summer,6 Aug,3,-25.33,134.6,0.0,0.0,0.0,0.0,180.0,0.0,0.0,0.0,0.0,0.0,0.0,0.0,1.8,-1.8,15.71,0.0,night_discharging
Markazi,Arak,34.0917,49.6892,Summer,6 Aug,4,-15.66,123.23,0.0,0.0,0.0,0.0,180.0,0.0,0.0,0.0,0.0,0.0,0.0,0.0,1.8,-1.8,13.82,0.0,night_discharging
Markazi,Arak,34.0917,49.6892,Summer,6 Aug,5,-4.74,113.72,0.0,0.0,0.0,0.0,180.0,0.0,0.0,0.0,0.0,0.0,0.0,0.0,1.44,-1.44,12.3,0.0,night_discharging
Markazi,Arak,34.0917,49.6892,Summer,6 Aug,6,6.96,105.36,271.4,28.9,61.8,83.04,105.36,74.64,83.04,0.0,287.6,93.1,61.8,1.27,1.44,-0.17,12.12,0.0,day_discharging
Markazi,Arak,34.0917,49.6892,Summer,6 Aug,7,19.13,97.49,579.1,47.8,237.5,70.87,97.49,82.51,70.87,0.0,610.8,241.9,237.5,2.69,1.25,1.44,13.49,0.0,day_charging
Markazi,Arak,34.0917,49.6892,Summer,6 Aug,8,31.52,89.4,692.7,68.5,430.6,58.48,89.4,90.6,58.48,0.0,744.8,363.3,430.6,3.28,1.25,2.03,15.42,0.0,day_charging
Markazi,Arak,34.0917,49.6892,Summer,6 Aug,9,43.88,80.08,746.4,87.1,604.5,46.12,80.08,99.92,46.12,0.0,820.2,463.5,604.5,3.61,1.25,2.36,17.66,0.0,day_charging
Markazi,Arak,34.0917,49.6892,Summer,6 Aug,10,55.81,67.52,774.8,101.9,742.8,34.19,67.52,112.48,34.19,0.0,867.9,540.5,742.8,3.82,1.25,2.57,20.1,0.0,day_charging
Markazi,Arak,34.0917,49.6892,Summer,6 Aug,11,66.31,46.85,789.4,111.7,834.6,23.69,46.85,133.15,23.69,0.0,896.4,590.8,834.6,3.94,1.25,2.69,22.66,0.0,day_charging
Markazi,Arak,34.0917,49.6892,Summer,6 Aug,12,72.33,8.91,794.7,115.9,873.1,17.67,8.91,171.09,17.67,0.0,907.9,611.8,873.1,3.99,1.25,2.74,25.26,0.0,day_charging
Markazi,Arak,34.0917,49.6892,Summer,6 Aug,13,69.37,324.95,792.3,114.0,855.5,20.63,324.95,-144.95,20.63,0.0,902.7,602.2,855.5,3.97,1.25,2.72,27.84,0.0,day_charging
Markazi,Arak,34.0917,49.6892,Summer,6 Aug,14,60.0,298.85,781.5,106.2,783.1,30.0,298.85,-118.85,30.0,0.0,880.6,562.6,783.1,3.87,1.25,2.62,30.33,0.0,day_charging
Markazi,Arak,34.0917,49.6892,Summer,6 Aug,15,48.43,284.08,759.2,93.2,661.1,41.57,284.08,-104.08,41.57,0.0,840.6,495.3,661.1,3.7,1.25,2.45,32.66,0.0,day_charging
Markazi,Arak,34.0917,49.6892,Summer,6 Aug,16,36.17,273.87,717.1,75.8,499.0,53.83,273.87,-93.87,53.83,0.0,777.4,403.4,499.0,3.42,1.25,2.17,34.72,0.0,day_charging
Markazi,Arak,34.0917,49.6892,Summer,6 Aug,17,23.76,265.47,633.1,55.6,310.7,66.24,265.47,-85.47,66.24,0.0,672.1,290.0,310.7,2.96,1.25,1.08,35.75,0.0,day_charging
Markazi,Arak,34.0917,49.6892,Summer,6 Aug,18,11.48,257.61,428.6,35.2,120.5,78.52,257.61,-77.61,78.52,0.0,449.7,153.0,120.5,1.98,1.44,0.05,35.8,0.0,day_idle
Markazi,Arak,34.0917,49.6892,Summer,6 Aug,19,-0.43,249.51,0.0,0.0,0.0,0.0,180.0,0.0,0.0,0.0,0.0,0.0,0.0,0.0,1.44,-1.44,34.28,0.0,night_discharging
Markazi,Arak,34.0917,49.6892,Summer,6 Aug,20,-11.68,240.51,0.0,0.0,0.0,0.0,180.0,0.0,0.0,0.0,0.0,0.0,0.0,0.0,1.8,-1.8,32.39,0.0,night_discharging
Markazi,Arak,34.0917,49.6892,Summer,6 Aug,21,-21.89,229.93,0.0,0.0,0.0,0.0,180.0,0.0,0.0,0.0,0.0,0.0,0.0,0.0,1.8,-1.8,30.5,0.0,night_discharging
Markazi,Arak,34.0917,49.6892,Summer,6 Aug,22,-30.46,217.04,0.0,0.0,0.0,0.0,180.0,0.0,0.0,0.0,0.0,0.0,0.0,0.0,1.8,-1.8,28.61,0.0,night_discharging
Markazi,Arak,34.0917,49.6892,Summer,6 Aug,23,-36.55,201.4,0.0,0.0,0.0,0.0,180.0,0.0,0.0,0.0,0.0,0.0,0.0,0.0,1.8,-1.8,26.72,0.0,night_discharging
Markazi,Arak,34.0917,49.6892,Autumn,6 Nov,0,-71.73,171.35,0.0,0.0,0.0,0.0,180.0,0.0,0.0,0.0,0.0,0.0,0.0,0.0,1.8,-1.8,21.38,0.0,night_discharging
Markazi,Arak,34.0917,49.6892,Autumn,6 Nov,1,-68.85,145.78,0.0,0.0,0.0,0.0,180.0,0.0,0.0,0.0,0.0,0.0,0.0,0.0,1.8,-1.8,19.49,0.0,night_discharging
Markazi,Arak,34.0917,49.6892,Autumn,6 Nov,2,-59.61,119.75,0.0,0.0,0.0,0.0,180.0,0.0,0.0,0.0,0.0,0.0,0.0,0.0,1.8,-1.8,17.6,0.0,night_discharging
Markazi,Arak,34.0917,49.6892,Autumn,6 Nov,3,-48.1,104.83,0.0,0.0,0.0,0.0,180.0,0.0,0.0,0.0,0.0,0.0,0.0,0.0,1.8,-1.8,15.71,0.0,night_discharging
Markazi,Arak,34.0917,49.6892,Autumn,6 Nov,4,-35.86,94.51,0.0,0.0,0.0,0.0,180.0,0.0,0.0,0.0,0.0,0.0,0.0,0.0,1.8,-1.8,13.82,0.0,night_discharging
Markazi,Arak,34.0917,49.6892,Autumn,6 Nov,5,-23.45,86.03,0.0,0.0,0.0,0.0,180.0,0.0,0.0,0.0,0.0,0.0,0.0,0.0,1.44,-1.44,12.3,0.0,night_discharging
Markazi,Arak,34.0917,49.6892,Autumn,6 Nov,6,-11.16,78.13,0.0,0.0,0.0,0.0,180.0,0.0,0.0,0.0,0.0,0.0,0.0,0.0,1.44,-1.44,10.78,0.0,night_discharging
Markazi,Arak,34.0917,49.6892,Autumn,6 Nov,7,0.78,70.0,10.0,25.0,25.2,85.0,70.0,110.0,85.0,0.0,22.7,23.0,25.2,0.1,1.25,-1.15,9.57,0.0,day_discharging
Markazi,Arak,34.0917,49.6892,Autumn,6 Nov,8,12.08,60.97,444.5,36.2,129.2,77.92,60.97,119.03,77.92,0.0,466.4,33.2,129.2,2.05,1.25,0.8,10.33,0.0,day_charging
Markazi,Arak,34.0917,49.6892,Autumn,6 Nov,9,22.34,50.36,618.5,53.2,288.3,67.66,50.36,129.64,67.66,0.0,655.2,48.9,288.3,2.88,1.25,1.63,11.88,0.0,day_charging
Markazi,Arak,34.0917,49.6892,Autumn,6 Nov,10,30.97,37.41,689.4,67.6,422.3,59.03,37.41,142.59,59.03,0.0,740.5,103.9,422.3,3.26,1.25,2.01,13.79,0.0,day_charging
Markazi,Arak,34.0917,49.6892,Autumn,6 Nov,11,37.11,21.64,721.4,77.2,512.5,52.89,21.64,158.36,52.89,0.0,783.3,144.8,512.5,3.45,1.25,2.2,15.88,0.0,day_charging
Markazi,Arak,34.0917,49.6892,Autumn,6 Nov,12,39.84,3.52,732.5,81.3,550.6,50.16,3.52,176.48,50.16,0.0,799.2,162.5,550.6,3.52,1.25,2.27,18.04,0.0,day_charging
Markazi,Arak,34.0917,49.6892,Autumn,6 Nov,13,38.58,344.95,727.6,79.4,533.2,51.42,344.95,-164.95,51.42,0.0,792.1,154.4,533.2,3.49,1.25,2.24,20.17,0.0,day_charging
Markazi,Arak,34.0917,49.6892,Autumn,6 Nov,14,33.61,328.17,704.5,71.8,461.8,56.39,328.17,-148.17,56.39,0.0,760.3,121.6,461.8,3.35,1.25,2.1,22.17,0.0,day_charging
Markazi,Arak,34.0917,49.6892,Autumn,6 Nov,15,25.81,314.19,651.8,59.1,342.8,64.19,314.19,-134.19,64.19,0.0,694.2,69.5,342.8,3.05,1.25,1.8,23.88,0.0,day_charging
Markazi,Arak,34.0917,49.6892,Autumn,6 Nov,16,16.07,302.78,530.9,42.6,189.6,73.93,302.78,-122.78,73.93,0.0,558.1,39.2,189.6,2.46,1.25,1.21,25.03,0.0,day_charging
Markazi,Arak,34.0917,49.6892,Autumn,6 Nov,17,5.11,293.24,185.9,27.0,43.5,84.89,293.24,-113.24,84.89,0.0,200.6,24.8,43.5,0.88,1.25,-0.37,24.64,0.0,day_discharging
Markazi,Arak,34.0917,49.6892,Autumn,6 Nov,18,-6.63,284.86,0.0,0.0,0.0,0.0,180.0,0.0,0.0,0.0,0.0,0.0,0.0,0.0,1.44,-1.44,23.12,0.0,night_discharging
Markazi,Arak,34.0917,49.6892,Autumn,6 Nov,19,-18.82,276.95,0.0,0.0,0.0,0.0,180.0,0.0,0.0,0.0,0.0,0.0,0.0,0.0,1.44,-1.44,21.6,0.0,night_discharging
Markazi,Arak,34.0917,49.6892,Autumn,6 Nov,20,-31.21,268.8,0.0,0.0,0.0,0.0,180.0,0.0,0.0,0.0,0.0,0.0,0.0,0.0,1.8,-1.8,19.71,0.0,night_discharging
Markazi,Arak,34.0917,49.6892,Autumn,6 Nov,21,-43.56,259.38,0.0,0.0,0.0,0.0,180.0,0.0,0.0,0.0,0.0,0.0,0.0,0.0,1.8,-1.8,17.82,0.0,night_discharging
Markazi,Arak,34.0917,49.6892,Autumn,6 Nov,22,-55.44,246.68,0.0,0.0,0.0,0.0,180.0,0.0,0.0,0.0,0.0,0.0,0.0,0.0,1.8,-1.8,15.93,0.0,night_discharging
Markazi,Arak,34.0917,49.6892,Autumn,6 Nov,23,-65.84,225.92,0.0,0.0,0.0,0.0,180.0,0.0,0.0,0.0,0.0,0.0,0.0,0.0,1.8,-1.8,14.04,0.0,night_discharging
Markazi,Arak,34.0917,49.6892,Winter,4 Feb,0,-71.93,171.27,0.0,0.0,0.0,0.0,180.0,0.0,0.0,0.0,0.0,0.0,0.0,0.0,1.8,-1.8,21.38,0.0,night_discharging
Markazi,Arak,34.0917,49.6892,Winter,4 Feb,1,-69.02,145.51,0.0,0.0,0.0,0.0,180.0,0.0,0.0,0.0,0.0,0.0,0.0,0.0,1.8,-1.8,19.49,0.0,night_discharging
Markazi,Arak,34.0917,49.6892,Winter,4 Feb,2,-59.74,119.45,0.0,0.0,0.0,0.0,180.0,0.0,0.0,0.0,0.0,0.0,0.0,0.0,1.8,-1.8,17.6,0.0,night_discharging
Markazi,Arak,34.0917,49.6892,Winter,4 Feb,3,-48.21,104.58,0.0,0.0,0.0,0.0,180.0,0.0,0.0,0.0,0.0,0.0,0.0,0.0,1.8,-1.8,15.71,0.0,night_discharging
Markazi,Arak,34.0917,49.6892,Winter,4 Feb,4,-35.97,94.3,0.0,0.0,0.0,0.0,180.0,0.0,0.0,0.0,0.0,0.0,0.0,0.0,1.8,-1.8,13.82,0.0,night_discharging
Markazi,Arak,34.0917,49.6892,Winter,4 Feb,5,-23.56,85.85,0.0,0.0,0.0,0.0,180.0,0.0,0.0,0.0,0.0,0.0,0.0,0.0,1.44,-1.44,12.3,0.0,night_discharging
Markazi,Arak,34.0917,49.6892,Winter,4 Feb,6,-11.27,77.96,0.0,0.0,0.0,0.0,180.0,0.0,0.0,0.0,0.0,0.0,0.0,0.0,1.44,-1.44,10.78,0.0,night_discharging
Markazi,Arak,34.0917,49.6892,Winter,4 Feb,7,0.66,69.84,8.3,25.0,25.1,85.0,69.84,110.16,85.0,0.0,20.9,23.0,25.1,0.09,1.25,-1.16,9.56,0.0,day_discharging
Markazi,Arak,34.0917,49.6892,Winter,4 Feb,8,11.95,60.82,441.1,36.0,127.3,78.05,60.82,119.18,78.05,0.0,462.8,33.1,127.3,2.04,1.25,0.79,10.31,0.0,day_charging
Markazi,Arak,34.0917,49.6892,Winter,4 Feb,9,22.19,50.21,616.9,53.0,285.9,67.81,50.21,129.79,67.81,0.0,653.3,48.7,285.9,2.87,1.25,1.62,11.85,0.0,day_charging
Markazi,Arak,34.0917,49.6892,Winter,4 Feb,10,30.8,37.28,688.3,67.3,419.7,59.2,37.28,142.72,59.2,0.0,739.2,101.2,419.7,3.25,1.25,2.0,13.75,0.0,day_charging
Markazi,Arak,34.0917,49.6892,Winter,4 Feb,11,36.92,21.56,720.6,76.9,509.8,53.08,21.56,158.44,53.08,0.0,782.1,142.0,509.8,3.44,1.25,2.19,15.83,0.0,day_charging
Markazi,Arak,34.0917,49.6892,Winter,4 Feb,12,39.64,3.51,731.8,81.0,547.8,50.36,3.51,176.49,50.36,0.0,798.1,159.6,547.8,3.51,1.25,2.26,17.98,0.0,day_charging
Markazi,Arak,34.0917,49.6892,Winter,4 Feb,13,38.39,345.01,726.8,79.2,530.5,51.61,345.01,-165.01,51.61,0.0,790.9,151.5,530.5,3.48,1.25,2.23,20.1,0.0,day_charging
Markazi,Arak,34.0917,49.6892,Winter,4 Feb,14,33.44,328.28,703.6,71.5,459.2,56.56,328.28,-148.28,56.56,0.0,759.0,118.9,459.2,3.34,1.25,2.09,22.09,0.0,day_charging
Markazi,Arak,34.0917,49.6892,Winter,4 Feb,15,25.65,314.32,650.5,58.8,340.4,64.35,314.32,-134.32,64.35,0.0,692.6,67.0,340.4,3.05,1.25,1.8,23.8,0.0,day_charging
Markazi,Arak,34.0917,49.6892,Winter,4 Feb,16,15.93,302.93,528.4,42.4,187.5,74.07,302.93,-122.93,74.07,0.0,555.4,39.0,187.5,2.44,1.25,1.19,24.93,0.0,day_charging
Markazi,Arak,34.0917,49.6892,Winter,4 Feb,17,4.98,293.4,179.9,26.9,42.5,85.0,293.4,-113.4,85.0,0.0,194.5,24.7,42.5,0.86,1.25,-0.39,24.52,0.0,day_discharging
Markazi,Arak,34.0917,49.6892,Winter,4 Feb,18,-6.74,285.02,0.0,0.0,0.0,0.0,180.0,0.0,0.0,0.0,0.0,0.0,0.0,0.0,1.44,-1.44,23.0,0.0,night_discharging
Markazi,Arak,34.0917,49.6892,Winter,4 Feb,19,-18.92,277.13,0.0,0.0,0.0,0.0,180.0,0.0,0.0,0.0,0.0,0.0,0.0,0.0,1.44,-1.44,21.48,0.0,night_discharging
Markazi,Arak,34.0917,49.6892,Winter,4 Feb,20,-31.32,269.0,0.0,0.0,0.0,0.0,180.0,0.0,0.0,0.0,0.0,0.0,0.0,0.0,1.8,-1.8,19.59,0.0,night_discharging
Markazi,Arak,34.0917,49.6892,Winter,4 Feb,21,-43.67,259.61,0.0,0.0,0.0,0.0,180.0,0.0,0.0,0.0,0.0,0.0,0.0,0.0,1.8,-1.8,17.7,0.0,night_discharging
Markazi,Arak,34.0917,49.6892,Winter,4 Feb,22,-55.56,246.96,0.0,0.0,0.0,0.0,180.0,0.0,0.0,0.0,0.0,0.0,0.0,0.0,1.8,-1.8,15.81,0.0,night_discharging
Markazi,Arak,34.0917,49.6892,Winter,4 Feb,23,-66.0,226.23,0.0,0.0,0.0,0.0,180.0,0.0,0.0,0.0,0.0,0.0,0.0,0.0,1.8,-1.8,13.92,0.0,night_discharging
Ardabil,Ardabil,38.2498,48.2933,Spring,5 May,0,-35.31,175.05,0.0,0.0,0.0,0.0,180.0,0.0,0.0,0.0,0.0,0.0,0.0,0.0,1.98,-1.98,20.02,0.0,night_discharging
Ardabil,Ardabil,38.2498,48.2933,Spring,5 May,1,-34.52,167.4,0.0,0.0,0.0,0.0,180.0,0.0,0.0,0.0,0.0,0.0,0.0,0.0,1.98,-1.98,17.94,0.0,night_discharging
Ardabil,Ardabil,38.2498,48.2933,Spring,5 May,2,-30.32,151.06,0.0,0.0,0.0,0.0,180.0,0.0,0.0,0.0,0.0,0.0,0.0,0.0,1.98,-1.98,15.86,0.0,night_discharging
Ardabil,Ardabil,38.2498,48.2933,Spring,5 May,3,-23.38,136.91,0.0,0.0,0.0,0.0,180.0,0.0,0.0,0.0,0.0,0.0,0.0,0.0,1.98,-1.98,13.78,0.0,night_discharging
Ardabil,Ardabil,38.2498,48.2933,Spring,5 May,4,-14.48,124.93,0.0,0.0,0.0,0.0,180.0,0.0,0.0,0.0,0.0,0.0,0.0,0.0,1.98,-1.98,11.7,0.0,night_discharging
Ardabil,Ardabil,38.2498,48.2933,Spring,5 May,5,-4.26,114.65,0.0,0.0,0.0,0.0,180.0,0.0,0.0,0.0,0.0,0.0,0.0,0.0,1.58,-1.58,10.04,0.0,night_discharging
Ardabil,Ardabil,38.2498,48.2933,Spring,5 May,6,6.8,105.42,264.5,28.8,60.1,83.2,105.42,74.58,83.2,0.0,280.6,92.9,60.1,1.23,1.58,-0.35,9.67,0.0,day_discharging
Ardabil,Ardabil,38.2498,48.2933,Spring,5 May,7,18.36,96.6,568.0,46.5,225.3,71.64,96.6,83.4,71.64,0.0,598.6,221.9,225.3,2.63,1.16,1.47,11.07,0.0,day_charging
Ardabil,Ardabil,38.2498,48.2933,Spring,5 May,8,30.11,87.47,684.0,66.2,409.3,59.89,87.47,92.53,59.89,0.0,733.6,317.9,409.3,3.23,1.16,2.07,13.04,0.0,day_charging
Ardabil,Ardabil,38.2498,48.2933,Spring,5 May,9,41.78,77.0,739.5,84.1,576.8,48.22,77.0,103.0,48.22,0.0,809.6,394.5,576.8,3.56,1.16,2.4,15.32,0.0,day_charging
Ardabil,Ardabil,38.2498,48.2933,Spring,5 May,10,52.86,63.33,769.2,98.6,711.7,37.14,63.33,116.67,37.14,0.0,857.8,452.9,711.7,3.77,1.16,2.61,17.8,0.0,day_charging
Ardabil,Ardabil,38.2498,48.2933,Spring,5 May,11,62.32,42.82,784.7,108.4,803.3,27.68,42.82,137.18,27.68,0.0,886.9,491.5,803.3,3.9,1.16,2.74,20.4,0.0,day_charging
Ardabil,Ardabil,38.2498,48.2933,Spring,5 May,12,67.74,10.71,790.8,112.8,844.7,22.26,10.71,169.29,22.26,0.0,899.5,508.8,844.7,3.96,1.16,2.8,23.06,0.0,day_charging
Ardabil,Ardabil,38.2498,48.2933,Spring,5 May,13,66.09,333.68,789.1,111.6,833.0,23.91,333.68,-153.68,23.91,0.0,895.9,504.0,833.0,3.94,1.16,2.78,25.7,0.0,day_charging
Ardabil,Ardabil,38.2498,48.2933,Spring,5 May,14,58.48,306.99,779.2,104.7,768.9,31.52,306.99,-126.99,31.52,0.0,876.2,477.1,768.9,3.86,1.16,2.7,28.27,0.0,day_charging
Ardabil,Ardabil,38.2498,48.2933,Spring,5 May,15,48.11,290.1,758.4,92.7,657.3,41.89,290.1,-110.1,41.89,0.0,839.2,429.5,657.3,3.69,1.16,2.53,30.67,0.0,day_charging
Ardabil,Ardabil,38.2498,48.2933,Spring,5 May,16,36.69,278.15,719.5,76.6,506.5,53.31,278.15,-98.15,53.31,0.0,780.7,363.0,506.5,3.44,1.16,2.28,32.84,0.0,day_charging
Ardabil,Ardabil,38.2498,48.2933,Spring,5 May,17,24.94,268.42,644.3,57.6,329.3,65.06,268.42,-88.42,65.06,0.0,685.2,278.5,329.3,3.01,1.16,1.16,33.94,0.0,day_charging
Ardabil,Ardabil,38.2498,48.2933,Spring,5 May,18,13.24,259.53,473.1,38.0,146.4,76.76,259.53,-79.53,76.76,0.0,496.4,171.1,146.4,2.18,1.58,0.06,34.0,0.0,day_charging
Ardabil,Ardabil,38.2498,48.2933,Spring,5 May,19,1.87,250.62,37.4,25.1,26.4,85.0,250.62,-70.62,85.0,0.0,50.4,31.0,26.4,0.22,1.58,-1.36,32.57,0.0,day_discharging
Ardabil,Ardabil,38.2498,48.2933,Spring,5 May,20,-8.87,241.0,0.0,0.0,0.0,0.0,180.0,0.0,0.0,0.0,0.0,0.0,0.0,0.0,1.98,-1.98,30.49,0.0,night_discharging
Ardabil,Ardabil,38.2498,48.2933,Spring,5 May,21,-18.58,230.05,0.0,0.0,0.0,0.0,180.0,0.0,0.0,0.0,0.0,0.0,0.0,0.0,1.98,-1.98,28.41,0.0,night_discharging
Ardabil,Ardabil,38.2498,48.2933,Spring,5 May,22,-26.72,217.16,0.0,0.0,0.0,0.0,180.0,0.0,0.0,0.0,0.0,0.0,0.0,0.0,1.98,-1.98,26.33,0.0,night_discharging
Ardabil,Ardabil,38.2498,48.2933,Spring,5 May,23,-32.55,202.0,0.0,0.0,0.0,0.0,180.0,0.0,0.0,0.0,0.0,0.0,0.0,0.0,1.98,-1.98,24.25,0.0,night_discharging
Ardabil,Ardabil,38.2498,48.2933,Summer,6 Aug,0,-35.01,175.08,0.0,0.0,0.0,0.0,180.0,0.0,0.0,0.0,0.0,0.0,0.0,0.0,1.98,-1.98,20.02,0.0,night_discharging
Ardabil,Ardabil,38.2498,48.2933,Summer,6 Aug,1,-34.22,167.46,0.0,0.0,0.0,0.0,180.0,0.0,0.0,0.0,0.0,0.0,0.0,0.0,1.98,-1.98,17.94,0.0,night_discharging
Ardabil,Ardabil,38.2498,48.2933,Summer,6 Aug,2,-30.05,151.2,0.0,0.0,0.0,0.0,180.0,0.0,0.0,0.0,0.0,0.0,0.0,0.0,1.98,-1.98,15.86,0.0,night_discharging
Ardabil,Ardabil,38.2498,48.2933,Summer,6 Aug,3,-23.13,137.09,0.0,0.0,0.0,0.0,180.0,0.0,0.0,0.0,0.0,0.0,0.0,0.0,1.98,-1.98,13.78,0.0,night_discharging
Ardabil,Ardabil,38.2498,48.2933,Summer,6 Aug,4,-14.25,125.14,0.0,0.0,0.0,0.0,180.0,0.0,0.0,0.0,0.0,0.0,0.0,0.0,1.98,-1.98,11.7,0.0,night_discharging
Ardabil,Ardabil,38.2498,48.2933,Summer,6 Aug,5,-4.06,114.87,0.0,0.0,0.0,0.0,180.0,0.0,0.0,0.0,0.0,0.0,0.0,0.0,1.58,-1.58,10.04,0.0,night_discharging
Ardabil,Ardabil,38.2498,48.2933,Summer,6 Aug,6,6.99,105.66,272.5,29.0,62.1,83.01,105.66,74.34,83.01,0.0,288.7,96.5,62.1,1.27,1.58,-0.31,9.71,0.0,day_discharging
Ardabil,Ardabil,38.2498,48.2933,Summer,6 Aug,7,18.53,96.86,570.6,46.8,228.1,71.47,96.86,83.14,71.47,0.0,601.4,225.8,228.1,2.65,1.16,1.49,11.13,0.0,day_charging
Ardabil,Ardabil,38.2498,48.2933,Summer,6 Aug,8,30.29,87.76,685.1,66.5,412.0,59.71,87.76,92.24,59.71,0.0,735.1,321.8,412.0,3.23,1.16,2.07,13.1,0.0,day_charging
Ardabil,Ardabil,38.2498,48.2933,Summer,6 Aug,9,41.96,77.32,740.2,84.4,579.2,48.04,77.32,102.68,48.04,0.0,810.6,398.4,579.2,3.57,1.16,2.41,15.39,0.0,day_charging
Ardabil,Ardabil,38.2498,48.2933,Summer,6 Aug,10,53.06,63.7,769.6,98.8,713.9,36.94,63.7,116.3,36.94,0.0,858.5,456.8,713.9,3.78,1.16,2.62,17.88,0.0,day_charging
Ardabil,Ardabil,38.2498,48.2933,Summer,6 Aug,11,62.57,43.18,785.0,108.6,805.4,27.43,43.18,136.82,27.43,0.0,887.5,495.4,805.4,3.91,1.16,2.75,20.49,0.0,day_charging
Ardabil,Ardabil,38.2498,48.2933,Summer,6 Aug,12,68.04,10.83,791.1,113.0,846.7,21.96,10.83,169.17,21.96,0.0,900.1,512.7,846.7,3.96,1.16,2.8,23.15,0.0,day_charging
Ardabil,Ardabil,38.2498,48.2933,Summer,6 Aug,13,66.37,333.4,789.4,111.8,835.0,23.63,333.4,-153.4,23.63,0.0,896.5,507.8,835.0,3.94,1.16,2.78,25.79,0.0,day_charging
Ardabil,Ardabil,38.2498,48.2933,Summer,6 Aug,14,58.7,306.61,779.6,104.9,771.1,31.3,306.61,-126.61,31.3,0.0,876.9,481.0,771.1,3.86,1.16,2.7,28.36,0.0,day_charging
Ardabil,Ardabil,38.2498,48.2933,Summer,6 Aug,15,48.3,289.75,758.8,93.0,659.6,41.7,289.75,-109.75,41.7,0.0,840.1,433.4,659.6,3.7,1.16,2.54,30.77,0.0,day_charging
Ardabil,Ardabil,38.2498,48.2933,Summer,6 Aug,16,36.87,277.84,720.3,76.9,509.0,53.13,277.84,-97.84,53.13,0.0,781.8,366.9,509.0,3.44,1.16,2.28,32.94,0.0,day_charging
Ardabil,Ardabil,38.2498,48.2933,Summer,6 Aug,17,25.12,268.15,645.8,57.9,332.0,64.88,268.15,-88.15,64.88,0.0,687.1,282.3,332.0,3.02,1.16,1.06,33.95,0.0,day_charging
Ardabil,Ardabil,38.2498,48.2933,Summer,6 Aug,18,13.42,259.29,477.2,38.3,149.0,76.58,259.29,-79.29,76.58,0.0,500.8,174.8,149.0,2.2,1.58,0.05,34.0,0.0,day_idle
Ardabil,Ardabil,38.2498,48.2933,Summer,6 Aug,19,2.06,250.39,44.1,25.2,26.8,85.0,250.39,-70.39,85.0,0.0,57.1,32.8,26.8,0.25,1.58,-1.33,32.6,0.0,day_discharging
Ardabil,Ardabil,38.2498,48.2933,Summer,6 Aug,20,-8.66,240.79,0.0,0.0,0.0,0.0,180.0,0.0,0.0,0.0,0.0,0.0,0.0,0.0,1.98,-1.98,30.52,0.0,night_discharging
Ardabil,Ardabil,38.2498,48.2933,Summer,6 Aug,21,-18.35,229.85,0.0,0.0,0.0,0.0,180.0,0.0,0.0,0.0,0.0,0.0,0.0,0.0,1.98,-1.98,28.44,0.0,night_discharging
Ardabil,Ardabil,38.2498,48.2933,Summer,6 Aug,22,-26.46,217.0,0.0,0.0,0.0,0.0,180.0,0.0,0.0,0.0,0.0,0.0,0.0,0.0,1.98,-1.98,26.36,0.0,night_discharging
Ardabil,Ardabil,38.2498,48.2933,Summer,6 Aug,23,-32.26,201.89,0.0,0.0,0.0,0.0,180.0,0.0,0.0,0.0,0.0,0.0,0.0,0.0,1.98,-1.98,24.28,0.0,night_discharging
Ardabil,Ardabil,38.2498,48.2933,Autumn,6 Nov,0,-67.44,169.41,0.0,0.0,0.0,0.0,180.0,0.0,0.0,0.0,0.0,0.0,0.0,0.0,1.98,-1.98,20.02,0.0,night_discharging
Ardabil,Ardabil,38.2498,48.2933,Autumn,6 Nov,1,-65.81,153.94,0.0,0.0,0.0,0.0,180.0,0.0,0.0,0.0,0.0,0.0,0.0,0.0,1.98,-1.98,17.94,0.0,night_discharging
Ardabil,Ardabil,38.2498,48.2933,Autumn,6 Nov,2,-58.25,127.36,0.0,0.0,0.0,0.0,180.0,0.0,0.0,0.0,0.0,0.0,0.0,0.0,1.98,-1.98,15.86,0.0,night_discharging
Ardabil,Ardabil,38.2498,48.2933,Autumn,6 Nov,3,-47.92,110.44,0.0,0.0,0.0,0.0,180.0,0.0,0.0,0.0,0.0,0.0,0.0,0.0,1.98,-1.98,13.78,0.0,night_discharging
Ardabil,Ardabil,38.2498,48.2933,Autumn,6 Nov,4,-36.51,98.45,0.0,0.0,0.0,0.0,180.0,0.0,0.0,0.0,0.0,0.0,0.0,0.0,1.98,-1.98,11.7,0.0,night_discharging
Ardabil,Ardabil,38.2498,48.2933,Autumn,6 Nov,5,-24.77,88.69,0.0,0.0,0.0,0.0,180.0,0.0,0.0,0.0,0.0,0.0,0.0,0.0,1.58,-1.58,10.04,0.0,night_discharging
Ardabil,Ardabil,38.2498,48.2933,Autumn,6 Nov,6,-13.06,79.78,0.0,0.0,0.0,0.0,180.0,0.0,0.0,0.0,0.0,0.0,0.0,0.0,1.58,-1.58,8.38,0.0,night_discharging
Ardabil,Ardabil,38.2498,48.2933,Autumn,6 Nov,7,-1.68,70.85,0.0,0.0,0.0,0.0,180.0,0.0,0.0,0.0,0.0,0.0,0.0,0.0,1.16,-1.16,7.17,0.0,night_discharging
Ardabil,Ardabil,38.2498,48.2933,Autumn,6 Nov,8,9.08,61.22,353.8,31.7,87.5,80.92,61.22,118.78,80.92,0.0,372.2,28.5,87.5,1.64,1.16,0.48,7.63,0.0,day_charging
Ardabil,Ardabil,38.2498,48.2933,Autumn,6 Nov,9,18.82,50.25,574.7,47.2,232.6,71.18,50.25,129.75,71.18,0.0,605.9,42.5,232.6,2.67,1.16,1.51,9.06,0.0,day_charging
Ardabil,Ardabil,38.2498,48.2933,Autumn,6 Nov,10,26.98,37.33,661.5,61.0,361.1,63.02,37.33,142.67,63.02,0.0,705.8,54.9,361.1,3.11,1.16,1.95,10.91,0.0,day_charging
Ardabil,Ardabil,38.2498,48.2933,Autumn,6 Nov,11,32.84,22.11,700.3,70.6,450.3,57.16,22.11,157.89,57.16,0.0,754.7,63.5,450.3,3.32,1.16,2.16,12.96,0.0,day_charging
Ardabil,Ardabil,38.2498,48.2933,Autumn,6 Nov,12,35.61,4.98,714.5,74.9,490.9,54.39,4.98,175.02,54.39,0.0,773.8,67.4,490.9,3.4,1.16,2.24,15.09,0.0,day_charging
Ardabil,Ardabil,38.2498,48.2933,Autumn,6 Nov,13,34.81,347.33,710.7,73.7,479.4,55.19,347.33,-167.33,55.19,0.0,768.5,66.3,479.4,3.38,1.16,2.22,17.2,0.0,day_charging
Ardabil,Ardabil,38.2498,48.2933,Autumn,6 Nov,14,30.6,330.93,687.1,67.0,416.7,59.4,330.93,-150.93,59.4,0.0,737.6,60.2,416.7,3.25,1.16,2.09,19.19,0.0,day_charging
Ardabil,Ardabil,38.2498,48.2933,Autumn,6 Nov,15,23.63,316.72,631.9,55.4,308.7,66.37,316.72,-136.72,66.37,0.0,670.7,49.8,308.7,2.95,1.16,1.79,20.89,0.0,day_charging
Ardabil,Ardabil,38.2498,48.2933,Autumn,6 Nov,16,14.7,304.73,504.7,40.4,168.4,75.3,304.73,-124.73,75.3,0.0,530.0,36.3,168.4,2.33,1.16,1.17,22.0,0.0,day_charging
Ardabil,Ardabil,38.2498,48.2933,Autumn,6 Nov,17,4.46,294.42,153.9,26.4,38.4,85.0,294.42,-114.42,85.0,0.0,168.2,23.8,38.4,0.74,1.16,-0.42,21.56,0.0,day_discharging
Ardabil,Ardabil,38.2498,48.2933,Autumn,6 Nov,18,-6.62,285.18,0.0,0.0,0.0,0.0,180.0,0.0,0.0,0.0,0.0,0.0,0.0,0.0,1.58,-1.58,19.9,0.0,night_discharging
Ardabil,Ardabil,38.2498,48.2933,Autumn,6 Nov,19,-18.18,276.35,0.0,0.0,0.0,0.0,180.0,0.0,0.0,0.0,0.0,0.0,0.0,0.0,1.58,-1.58,18.24,0.0,night_discharging
Ardabil,Ardabil,38.2498,48.2933,Autumn,6 Nov,20,-29.94,267.19,0.0,0.0,0.0,0.0,180.0,0.0,0.0,0.0,0.0,0.0,0.0,0.0,1.98,-1.98,16.16,0.0,night_discharging
Ardabil,Ardabil,38.2498,48.2933,Autumn,6 Nov,21,-41.59,256.68,0.0,0.0,0.0,0.0,180.0,0.0,0.0,0.0,0.0,0.0,0.0,0.0,1.98,-1.98,14.08,0.0,night_discharging
Ardabil,Ardabil,38.2498,48.2933,Autumn,6 Nov,22,-52.65,242.97,0.0,0.0,0.0,0.0,180.0,0.0,0.0,0.0,0.0,0.0,0.0,0.0,1.98,-1.98,12.0,0.0,night_discharging
Ardabil,Ardabil,38.2498,48.2933,Autumn,6 Nov,23,-62.07,222.47,0.0,0.0,0.0,0.0,180.0,0.0,0.0,0.0,0.0,0.0,0.0,0.0,1.98,-1.98,9.92,0.0,night_discharging
Ardabil,Ardabil,38.2498,48.2933,Winter,4 Feb,0,-67.64,169.33,0.0,0.0,0.0,0.0,180.0,0.0,0.0,0.0,0.0,0.0,0.0,0.0,1.98,-1.98,20.02,0.0,night_discharging
Ardabil,Ardabil,38.2498,48.2933,Winter,4 Feb,1,-66.0,153.76,0.0,0.0,0.0,0.0,180.0,0.0,0.0,0.0,0.0,0.0,0.0,0.0,1.98,-1.98,17.94,0.0,night_discharging
Ardabil,Ardabil,38.2498,48.2933,Winter,4 Feb,2,-58.4,127.11,0.0,0.0,0.0,0.0,180.0,0.0,0.0,0.0,0.0,0.0,0.0,0.0,1.98,-1.98,15.86,0.0,night_discharging
Ardabil,Ardabil,38.2498,48.2933,Winter,4 Feb,3,-48.04,110.21,0.0,0.0,0.0,0.0,180.0,0.0,0.0,0.0,0.0,0.0,0.0,0.0,1.98,-1.98,13.78,0.0,night_discharging
Ardabil,Ardabil,38.2498,48.2933,Winter,4 Feb,4,-36.63,98.25,0.0,0.0,0.0,0.0,180.0,0.0,0.0,0.0,0.0,0.0,0.0,0.0,1.98,-1.98,11.7,0.0,night_discharging
Ardabil,Ardabil,38.2498,48.2933,Winter,4 Feb,5,-24.89,88.51,0.0,0.0,0.0,0.0,180.0,0.0,0.0,0.0,0.0,0.0,0.0,0.0,1.58,-1.58,10.04,0.0,night_discharging
Ardabil,Ardabil,38.2498,48.2933,Winter,4 Feb,6,-13.18,79.62,0.0,0.0,0.0,0.0,180.0,0.0,0.0,0.0,0.0,0.0,0.0,0.0,1.58,-1.58,8.38,0.0,night_discharging
Ardabil,Ardabil,38.2498,48.2933,Winter,4 Feb,7,-1.8,70.7,0.0,0.0,0.0,0.0,180.0,0.0,0.0,0.0,0.0,0.0,0.0,0.0,1.16,-1.16,7.17,0.0,night_discharging
Ardabil,Ardabil,38.2498,48.2933,Winter,4 Feb,8,8.94,61.08,348.9,31.5,85.7,81.06,61.08,118.92,81.06,0.0,367.1,28.3,85.7,1.62,1.16,0.46,7.61,0.0,day_charging
Ardabil,Ardabil,38.2498,48.2933,Winter,4 Feb,9,18.66,50.12,572.5,47.0,230.2,71.34,50.12,129.88,71.34,0.0,603.5,42.3,230.2,2.66,1.16,1.5,9.04,0.0,day_charging
Ardabil,Ardabil,38.2498,48.2933,Winter,4 Feb,10,26.81,37.22,660.1,60.7,358.4,63.19,37.22,142.78,63.19,0.0,704.1,54.6,358.4,3.1,1.16,1.94,10.88,0.0,day_charging
Ardabil,Ardabil,38.2498,48.2933,Winter,4 Feb,11,32.65,22.04,699.2,70.3,447.5,57.35,22.04,157.96,57.35,0.0,753.3,63.2,447.5,3.31,1.16,2.15,12.92,0.0,day_charging
Ardabil,Ardabil,38.2498,48.2933,Winter,4 Feb,12,35.41,4.96,713.6,74.6,488.0,54.59,4.96,175.04,54.59,0.0,772.5,67.1,488.0,3.4,1.16,2.24,15.05,0.0,day_charging
Ardabil,Ardabil,38.2498,48.2933,Winter,4 Feb,13,34.62,347.38,709.7,73.4,476.5,55.38,347.38,-167.38,55.38,0.0,767.2,66.0,476.5,3.38,1.16,2.22,17.16,0.0,day_charging
Ardabil,Ardabil,38.2498,48.2933,Winter,4 Feb,14,30.42,331.02,685.9,66.7,413.9,59.58,331.02,-151.02,59.58,0.0,736.1,60.0,413.9,3.24,1.16,2.08,19.14,0.0,day_charging
Ardabil,Ardabil,38.2498,48.2933,Winter,4 Feb,15,23.47,316.85,630.2,55.1,306.1,66.53,316.85,-136.85,66.53,0.0,668.8,49.6,306.1,2.94,1.16,1.78,20.83,0.0,day_charging
Ardabil,Ardabil,38.2498,48.2933,Winter,4 Feb,16,14.55,304.87,501.7,40.1,166.2,75.45,304.87,-124.87,75.45,0.0,526.8,36.1,166.2,2.32,1.16,1.16,21.93,0.0,day_charging
Ardabil,Ardabil,38.2498,48.2933,Winter,4 Feb,17,4.32,294.57,147.3,26.3,37.4,85.0,294.57,-114.57,85.0,0.0,161.4,23.7,37.4,0.71,1.16,-0.45,21.46,0.0,day_discharging
Ardabil,Ardabil,38.2498,48.2933,Winter,4 Feb,18,-6.74,285.34,0.0,0.0,0.0,0.0,180.0,0.0,0.0,0.0,0.0,0.0,0.0,0.0,1.58,-1.58,19.8,0.0,night_discharging
Ardabil,Ardabil,38.2498,48.2933,Winter,4 Feb,19,-18.3,276.52,0.0,0.0,0.0,0.0,180.0,0.0,0.0,0.0,0.0,0.0,0.0,0.0,1.58,-1.58,18.14,0.0,night_discharging
Ardabil,Ardabil,38.2498,48.2933,Winter,4 Feb,20,-30.06,267.38,0.0,0.0,0.0,0.0,180.0,0.0,0.0,0.0,0.0,0.0,0.0,0.0,1.98,-1.98,16.06,0.0,night_discharging
Ardabil,Ardabil,38.2498,48.2933,Winter,4 Feb,21,-41.71,256.89,0.0,0.0,0.0,0.0,180.0,0.0,0.0,0.0,0.0,0.0,0.0,0.0,1.98,-1.98,13.98,0.0,night_discharging
Ardabil,Ardabil,38.2498,48.2933,Winter,4 Feb,22,-52.79,243.21,0.0,0.0,0.0,0.0,180.0,0.0,0.0,0.0,0.0,0.0,0.0,0.0,1.98,-1.98,11.9,0.0,night_discharging
Ardabil,Ardabil,38.2498,48.2933,Winter,4 Feb,23,-62.24,222.7,0.0,0.0,0.0,0.0,180.0,0.0,0.0,0.0,0.0,0.0,0.0,0.0,1.98,-1.98,9.82,0.0,night_discharging
South Khorasan,Birjand,32.8649,59.2262,Spring,5 May,0,-40.42,171.51,0.0,0.0,0.0,0.0,180.0,0.0,0.0,0.0,0.0,0.0,0.0,0.0,1.98,-1.98,21.19,0.0,night_discharging
South Khorasan,Birjand,32.8649,59.2262,Spring,5 May,1,-36.63,153.72,0.0,0.0,0.0,0.0,180.0,0.0,0.0,0.0,0.0,0.0,0.0,0.0,1.98,-1.98,19.11,0.0,night_discharging
South Khorasan,Birjand,32.8649,59.2262,Spring,5 May,2,-29.59,138.7,0.0,0.0,0.0,0.0,180.0,0.0,0.0,0.0,0.0,0.0,0.0,0.0,1.98,-1.98,17.03,0.0,night_discharging
South Khorasan,Birjand,32.8649,59.2262,Spring,5 May,3,-20.31,126.54,0.0,0.0,0.0,0.0,180.0,0.0,0.0,0.0,0.0,0.0,0.0,0.0,1.98,-1.98,14.95,0.0,night_discharging
South Khorasan,Birjand,32.8649,59.2262,Spring,5 May,4,-9.57,116.6,0.0,0.0,0.0,0.0,180.0,0.0,0.0,0.0,0.0,0.0,0.0,0.0,1.98,-1.98,12.87,0.0,night_discharging
South Khorasan,Birjand,32.8649,59.2262,Spring,5 May,5,2.08,108.11,44.8,25.2,26.8,85.0,108.11,71.89,85.0,0.0,57.9,32.0,26.8,0.26,1.58,-1.32,11.48,0.0,day_discharging
South Khorasan,Birjand,32.8649,59.2262,Spring,5 May,6,14.28,100.39,496.1,39.7,162.1,75.72,100.39,79.61,75.72,0.0,520.9,186.4,162.1,2.38,1.58,0.8,12.24,0.0,day_charging
South Khorasan,Birjand,32.8649,59.2262,Spring,5 May,7,26.79,92.76,660.0,60.7,358.2,63.21,92.76,87.24,63.21,0.0,704.0,323.4,358.2,3.22,1.16,2.06,14.2,0.0,day_charging
South Khorasan,Birjand,32.8649,59.2262,Spring,5 May,8,39.38,84.38,730.7,80.6,544.2,50.62,84.38,95.62,50.62,0.0,796.6,438.3,544.2,3.65,1.16,2.49,16.57,0.0,day_charging
South Khorasan,Birjand,32.8649,59.2262,Spring,5 May,9,51.74,73.76,766.8,97.3,699.4,38.26,73.76,106.24,38.26,0.0,853.7,530.1,699.4,3.91,1.16,2.75,19.18,0.0,day_charging
South Khorasan,Birjand,32.8649,59.2262,Spring,5 May,10,63.24,57.38,785.9,109.2,810.9,26.76,57.38,122.62,26.76,0.0,889.2,594.9,810.9,4.07,1.16,2.91,21.94,0.0,day_charging
South Khorasan,Birjand,32.8649,59.2262,Spring,5 May,11,71.82,26.28,794.4,115.6,870.3,18.18,26.28,153.72,18.18,0.0,907.1,629.1,870.3,4.15,1.16,2.99,24.78,0.0,day_charging
South Khorasan,Birjand,32.8649,59.2262,Spring,5 May,12,72.35,338.23,794.8,115.9,873.3,17.65,338.23,-158.23,17.65,0.0,907.9,630.8,873.3,4.15,1.16,2.99,27.62,0.0,day_charging
South Khorasan,Birjand,32.8649,59.2262,Spring,5 May,13,64.32,304.93,787.2,110.1,819.5,25.68,304.93,-124.93,25.68,0.0,891.9,599.9,819.5,4.08,1.16,2.92,30.39,0.0,day_charging
South Khorasan,Birjand,32.8649,59.2262,Spring,5 May,14,52.98,287.57,769.4,98.7,713.1,37.02,287.57,-107.57,37.02,0.0,858.2,538.1,713.1,3.93,1.16,2.77,33.02,0.0,day_charging
South Khorasan,Birjand,32.8649,59.2262,Spring,5 May,15,40.67,276.58,735.6,82.5,561.9,49.33,276.58,-96.58,49.33,0.0,803.8,448.9,561.9,3.68,1.16,2.52,35.41,0.0,day_charging
South Khorasan,Birjand,32.8649,59.2262,Spring,5 May,16,28.09,268.05,669.9,62.9,378.3,61.91,268.05,-88.05,61.91,0.0,716.2,336.2,378.3,3.28,1.16,0.39,35.78,0.0,day_charging
South Khorasan,Birjand,32.8649,59.2262,Spring,5 May,17,15.56,260.39,521.6,41.8,181.7,74.44,260.39,-80.39,74.44,0.0,548.1,201.7,181.7,2.51,1.16,0.02,35.8,0.0,day_idle
South Khorasan,Birjand,32.8649,59.2262,Spring,5 May,18,3.32,252.71,98.1,25.7,31.4,85.0,252.71,-72.71,85.0,0.0,111.7,44.0,31.4,0.51,1.58,-1.07,34.67,0.0,day_discharging
South Khorasan,Birjand,32.8649,59.2262,Spring,5 May,19,-8.4,244.33,0.0,0.0,0.0,0.0,180.0,0.0,0.0,0.0,0.0,0.0,0.0,0.0,1.58,-1.58,33.01,0.0,night_discharging
South Khorasan,Birjand,32.8649,59.2262,Spring,5 May,20,-19.26,234.57,0.0,0.0,0.0,0.0,180.0,0.0,0.0,0.0,0.0,0.0,0.0,0.0,1.98,-1.98,30.93,0.0,night_discharging
South Khorasan,Birjand,32.8649,59.2262,Spring,5 May,21,-28.72,222.68,0.0,0.0,0.0,0.0,180.0,0.0,0.0,0.0,0.0,0.0,0.0,0.0,1.98,-1.98,28.85,0.0,night_discharging
South Khorasan,Birjand,32.8649,59.2262,Spring,5 May,22,-36.04,207.97,0.0,0.0,0.0,0.0,180.0,0.0,0.0,0.0,0.0,0.0,0.0,0.0,1.98,-1.98,26.77,0.0,night_discharging
South Khorasan,Birjand,32.8649,59.2262,Spring,5 May,23,-40.2,190.42,0.0,0.0,0.0,0.0,180.0,0.0,0.0,0.0,0.0,0.0,0.0,0.0,1.98,-1.98,24.69,0.0,night_discharging
South Khorasan,Birjand,32.8649,59.2262,Summer,6 Aug,0,-40.12,171.56,0.0,0.0,0.0,0.0,180.0,0.0,0.0,0.0,0.0,0.0,0.0,0.0,1.98,-1.98,21.19,0.0,night_discharging
South Khorasan,Birjand,32.8649,59.2262,Summer,6 Aug,1,-36.35,153.87,0.0,0.0,0.0,0.0,180.0,0.0,0.0,0.0,0.0,0.0,0.0,0.0,1.98,-1.98,19.11,0.0,night_discharging
South Khorasan,Birjand,32.8649,59.2262,Summer,6 Aug,2,-29.35,138.89,0.0,0.0,0.0,0.0,180.0,0.0,0.0,0.0,0.0,0.0,0.0,0.0,1.98,-1.98,17.03,0.0,night_discharging
South Khorasan,Birjand,32.8649,59.2262,Summer,6 Aug,3,-20.09,126.76,0.0,0.0,0.0,0.0,180.0,0.0,0.0,0.0,0.0,0.0,0.0,0.0,1.98,-1.98,14.95,0.0,night_discharging
South Khorasan,Birjand,32.8649,59.2262,Summer,6 Aug,4,-9.38,116.84,0.0,0.0,0.0,0.0,180.0,0.0,0.0,0.0,0.0,0.0,0.0,0.0,1.98,-1.98,12.87,0.0,night_discharging
South Khorasan,Birjand,32.8649,59.2262,Summer,6 Aug,5,2.25,108.36,51.1,25.2,27.2,85.0,108.36,71.64,85.0,0.0,64.3,33.6,27.2,0.29,1.58,-1.29,11.51,0.0,day_discharging
South Khorasan,Birjand,32.8649,59.2262,Summer,6 Aug,6,14.44,100.65,499.3,39.9,164.4,75.56,100.65,79.35,75.56,0.0,524.3,189.9,164.4,2.4,1.58,0.82,12.29,0.0,day_charging
South Khorasan,Birjand,32.8649,59.2262,Summer,6 Aug,7,26.94,93.05,661.1,60.9,360.4,63.06,93.05,86.95,63.06,0.0,705.4,326.9,360.4,3.23,1.16,2.07,14.26,0.0,day_charging
South Khorasan,Birjand,32.8649,59.2262,Summer,6 Aug,8,39.52,84.72,731.3,80.8,546.2,50.48,84.72,95.28,50.48,0.0,797.5,441.9,546.2,3.65,1.16,2.49,16.63,0.0,day_charging
South Khorasan,Birjand,32.8649,59.2262,Summer,6 Aug,9,51.9,74.17,767.2,97.5,701.2,38.1,74.17,105.83,38.1,0.0,854.3,533.6,701.2,3.91,1.16,2.75,19.24,0.0,day_charging
South Khorasan,Birjand,32.8649,59.2262,Summer,6 Aug,10,63.44,57.88,786.1,109.4,812.5,26.56,57.88,122.12,26.56,0.0,889.7,598.3,812.5,4.07,1.16,2.91,22.0,0.0,day_charging
South Khorasan,Birjand,32.8649,59.2262,Summer,6 Aug,11,72.1,26.66,794.6,115.7,871.9,17.9,26.66,153.34,17.9,0.0,907.5,632.5,871.9,4.15,1.16,2.99,24.84,0.0,day_charging
South Khorasan,Birjand,32.8649,59.2262,Summer,6 Aug,12,72.64,337.91,795.0,116.1,874.8,17.36,337.91,-157.91,17.36,0.0,908.4,634.2,874.8,4.16,1.16,3.0,27.69,0.0,day_charging
South Khorasan,Birjand,32.8649,59.2262,Summer,6 Aug,13,64.53,304.43,787.4,110.3,821.2,25.47,304.43,-124.43,25.47,0.0,892.4,603.3,821.2,4.08,1.16,2.92,30.46,0.0,day_charging
South Khorasan,Birjand,32.8649,59.2262,Summer,6 Aug,14,53.15,287.15,769.8,98.9,714.9,36.85,287.15,-107.15,36.85,0.0,858.8,541.6,714.9,3.93,1.16,2.77,33.09,0.0,day_charging
South Khorasan,Birjand,32.8649,59.2262,Summer,6 Aug,15,40.82,276.23,736.2,82.7,563.9,49.18,276.23,-96.23,49.18,0.0,804.6,452.5,563.9,3.68,1.16,2.52,35.48,0.0,day_charging
South Khorasan,Birjand,32.8649,59.2262,Summer,6 Aug,16,28.23,267.76,671.0,63.1,380.5,61.77,267.76,-87.76,61.77,0.0,717.5,339.8,380.5,3.28,1.16,0.32,35.78,0.0,day_charging
South Khorasan,Birjand,32.8649,59.2262,Summer,6 Aug,17,15.72,260.12,524.4,42.0,184.1,74.28,260.12,-80.12,74.28,0.0,551.1,205.2,184.1,2.52,1.16,0.02,35.8,0.0,day_idle
South Khorasan,Birjand,32.8649,59.2262,Summer,6 Aug,18,3.48,252.46,106.0,25.8,32.2,85.0,252.46,-72.46,85.0,0.0,119.7,46.2,32.2,0.55,1.58,-1.03,34.72,0.0,day_discharging
South Khorasan,Birjand,32.8649,59.2262,Summer,6 Aug,19,-8.22,244.09,0.0,0.0,0.0,0.0,180.0,0.0,0.0,0.0,0.0,0.0,0.0,0.0,1.58,-1.58,33.06,0.0,night_discharging
South Khorasan,Birjand,32.8649,59.2262,Summer,6 Aug,20,-19.05,234.35,0.0,0.0,0.0,0.0,180.0,0.0,0.0,0.0,0.0,0.0,0.0,0.0,1.98,-1.98,30.98,0.0,night_discharging
South Khorasan,Birjand,32.8649,59.2262,Summer,6 Aug,21,-28.48,222.48,0.0,0.0,0.0,0.0,180.0,0.0,0.0,0.0,0.0,0.0,0.0,0.0,1.98,-1.98,28.9,0.0,night_discharging
South Khorasan,Birjand,32.8649,59.2262,Summer,6 Aug,22,-35.76,207.82,0.0,0.0,0.0,0.0,180.0,0.0,0.0,0.0,0.0,0.0,0.0,0.0,1.98,-1.98,26.82,0.0,night_discharging
South Khorasan,Birjand,32.8649,59.2262,Summer,6 Aug,23,-39.91,190.36,0.0,0.0,0.0,0.0,180.0,0.0,0.0,0.0,0.0,0.0,0.0,0.0,1.98,-1.98,24.74,0.0,night_discharging
South Khorasan,Birjand,32.8649,59.2262,Autumn,6 Nov,0,-72.07,158.55,0.0,0.0,0.0,0.0,180.0,0.0,0.0,0.0,0.0,0.0,0.0,0.0,1.98,-1.98,21.19,0.0,night_discharging
South Khorasan,Birjand,32.8649,59.2262,Autumn,6 Nov,1,-64.11,125.42,0.0,0.0,0.0,0.0,180.0,0.0,0.0,0.0,0.0,0.0,0.0,0.0,1.98,-1.98,19.11,0.0,night_discharging
South Khorasan,Birjand,32.8649,59.2262,Autumn,6 Nov,2,-52.82,107.98,0.0,0.0,0.0,0.0,180.0,0.0,0.0,0.0,0.0,0.0,0.0,0.0,1.98,-1.98,17.03,0.0,night_discharging
South Khorasan,Birjand,32.8649,59.2262,Autumn,6 Nov,3,-40.52,96.92,0.0,0.0,0.0,0.0,180.0,0.0,0.0,0.0,0.0,0.0,0.0,0.0,1.98,-1.98,14.95,0.0,night_discharging
South Khorasan,Birjand,32.8649,59.2262,Autumn,6 Nov,4,-27.94,88.35,0.0,0.0,0.0,0.0,180.0,0.0,0.0,0.0,0.0,0.0,0.0,0.0,1.98,-1.98,12.87,0.0,night_discharging
South Khorasan,Birjand,32.8649,59.2262,Autumn,6 Nov,5,-15.41,80.66,0.0,0.0,0.0,0.0,180.0,0.0,0.0,0.0,0.0,0.0,0.0,0.0,1.58,-1.58,11.21,0.0,night_discharging
South Khorasan,Birjand,32.8649,59.2262,Autumn,6 Nov,6,-3.15,72.96,0.0,0.0,0.0,0.0,180.0,0.0,0.0,0.0,0.0,0.0,0.0,0.0,1.58,-1.58,9.55,0.0,night_discharging
South Khorasan,Birjand,32.8649,59.2262,Autumn,6 Nov,7,8.59,64.57,336.0,31.0,81.2,81.41,64.57,115.43,81.41,0.0,353.9,28.7,81.2,1.62,1.16,0.46,9.99,0.0,day_charging
South Khorasan,Birjand,32.8649,59.2262,Autumn,6 Nov,8,19.47,54.8,583.7,48.3,242.9,70.53,54.8,125.2,70.53,0.0,615.9,44.7,242.9,2.82,1.16,1.66,11.57,0.0,day_charging
South Khorasan,Birjand,32.8649,59.2262,Autumn,6 Nov,9,28.97,42.89,676.2,64.3,391.8,61.03,42.89,137.11,61.03,0.0,723.9,107.4,391.8,3.31,1.16,2.15,13.61,0.0,day_charging
South Khorasan,Birjand,32.8649,59.2262,Autumn,6 Nov,10,36.31,28.12,717.8,76.0,501.0,53.69,28.12,151.88,53.69,0.0,778.3,160.3,501.0,3.56,1.16,2.4,15.89,0.0,day_charging
South Khorasan,Birjand,32.8649,59.2262,Autumn,6 Nov,11,40.5,10.48,735.0,82.3,559.6,49.5,10.48,169.52,49.5,0.0,802.9,189.6,559.6,3.67,1.16,2.51,18.27,0.0,day_charging
South Khorasan,Birjand,32.8649,59.2262,Autumn,6 Nov,12,40.71,351.46,735.8,82.6,562.5,49.29,351.46,-171.46,49.29,0.0,804.0,191.1,562.5,3.68,1.16,2.52,20.66,0.0,day_charging
South Khorasan,Birjand,32.8649,59.2262,Autumn,6 Nov,13,36.9,333.58,720.5,76.9,509.5,53.1,333.58,-153.58,53.1,0.0,782.0,164.6,509.5,3.58,1.16,2.42,22.96,0.0,day_charging
South Khorasan,Birjand,32.8649,59.2262,Autumn,6 Nov,14,29.84,318.5,682.1,65.7,405.1,60.16,318.5,-138.5,60.16,0.0,731.4,113.7,405.1,3.35,1.16,2.19,25.04,0.0,day_charging
South Khorasan,Birjand,32.8649,59.2262,Autumn,6 Nov,15,20.52,306.31,597.3,50.1,259.5,69.48,306.31,-126.31,69.48,0.0,631.2,48.3,259.5,2.89,1.16,1.73,26.68,0.0,day_charging
South Khorasan,Birjand,32.8649,59.2262,Autumn,6 Nov,16,9.76,296.36,376.7,32.7,96.5,80.24,296.36,-116.36,80.24,0.0,395.8,30.2,96.5,1.81,1.16,0.65,27.3,0.0,day_charging
South Khorasan,Birjand,32.8649,59.2262,Autumn,6 Nov,17,-1.91,287.86,0.0,0.0,0.0,0.0,180.0,0.0,0.0,0.0,0.0,0.0,0.0,0.0,1.16,-1.16,26.08,0.0,night_discharging
South Khorasan,Birjand,32.8649,59.2262,Autumn,6 Nov,18,-14.13,280.12,0.0,0.0,0.0,0.0,180.0,0.0,0.0,0.0,0.0,0.0,0.0,0.0,1.58,-1.58,24.42,0.0,night_discharging
South Khorasan,Birjand,32.8649,59.2262,Autumn,6 Nov,19,-26.64,272.46,0.0,0.0,0.0,0.0,180.0,0.0,0.0,0.0,0.0,0.0,0.0,0.0,1.58,-1.58,22.76,0.0,night_discharging
South Khorasan,Birjand,32.8649,59.2262,Autumn,6 Nov,20,-39.23,264.04,0.0,0.0,0.0,0.0,180.0,0.0,0.0,0.0,0.0,0.0,0.0,0.0,1.98,-1.98,20.68,0.0,night_discharging
South Khorasan,Birjand,32.8649,59.2262,Autumn,6 Nov,21,-51.58,253.36,0.0,0.0,0.0,0.0,180.0,0.0,0.0,0.0,0.0,0.0,0.0,0.0,1.98,-1.98,18.6,0.0,night_discharging
South Khorasan,Birjand,32.8649,59.2262,Autumn,6 Nov,22,-63.04,236.89,0.0,0.0,0.0,0.0,180.0,0.0,0.0,0.0,0.0,0.0,0.0,0.0,1.98,-1.98,16.52,0.0,night_discharging
South Khorasan,Birjand,32.8649,59.2262,Autumn,6 Nov,23,-71.55,205.92,0.0,0.0,0.0,0.0,180.0,0.0,0.0,0.0,0.0,0.0,0.0,0.0,1.98,-1.98,14.44,0.0,night_discharging
South Khorasan,Birjand,32.8649,59.2262,Winter,4 Feb,0,-72.26,158.34,0.0,0.0,0.0,0.0,180.0,0.0,0.0,0.0,0.0,0.0,0.0,0.0,1.98,-1.98,21.19,0.0,night_discharging
South Khorasan,Birjand,32.8649,59.2262,Winter,4 Feb,1,-64.25,125.09,0.0,0.0,0.0,0.0,180.0,0.0,0.0,0.0,0.0,0.0,0.0,0.0,1.98,-1.98,19.11,0.0,night_discharging
South Khorasan,Birjand,32.8649,59.2262,Winter,4 Feb,2,-52.93,107.71,0.0,0.0,0.0,0.0,180.0,0.0,0.0,0.0,0.0,0.0,0.0,0.0,1.98,-1.98,17.03,0.0,night_discharging
South Khorasan,Birjand,32.8649,59.2262,Winter,4 Feb,3,-40.62,96.69,0.0,0.0,0.0,0.0,180.0,0.0,0.0,0.0,0.0,0.0,0.0,0.0,1.98,-1.98,14.95,0.0,night_discharging
South Khorasan,Birjand,32.8649,59.2262,Winter,4 Feb,4,-28.04,88.15,0.0,0.0,0.0,0.0,180.0,0.0,0.0,0.0,0.0,0.0,0.0,0.0,1.98,-1.98,12.87,0.0,night_discharging
South Khorasan,Birjand,32.8649,59.2262,Winter,4 Feb,5,-15.51,80.48,0.0,0.0,0.0,0.0,180.0,0.0,0.0,0.0,0.0,0.0,0.0,0.0,1.58,-1.58,11.21,0.0,night_discharging
South Khorasan,Birjand,32.8649,59.2262,Winter,4 Feb,6,-3.26,72.79,0.0,0.0,0.0,0.0,180.0,0.0,0.0,0.0,0.0,0.0,0.0,0.0,1.58,-1.58,9.55,0.0,night_discharging
South Khorasan,Birjand,32.8649,59.2262,Winter,4 Feb,7,8.46,64.41,331.5,30.9,79.6,81.54,64.41,115.59,81.54,0.0,349.2,28.5,79.6,1.6,1.16,0.44,9.97,0.0,day_charging
South Khorasan,Birjand,32.8649,59.2262,Winter,4 Feb,8,19.33,54.65,581.8,48.1,240.6,70.67,54.65,125.35,70.67,0.0,613.8,44.4,240.6,2.81,1.16,1.65,11.54,0.0,day_charging
South Khorasan,Birjand,32.8649,59.2262,Winter,4 Feb,9,28.81,42.75,675.1,64.0,389.3,61.19,42.75,137.25,61.19,0.0,722.5,104.8,389.3,3.31,1.16,2.15,13.58,0.0,day_charging
South Khorasan,Birjand,32.8649,59.2262,Winter,4 Feb,10,36.13,28.02,716.9,75.7,498.4,53.87,28.02,151.98,53.87,0.0,777.1,157.5,498.4,3.56,1.16,2.4,15.86,0.0,day_charging
South Khorasan,Birjand,32.8649,59.2262,Winter,4 Feb,11,40.3,10.44,734.3,82.0,556.9,49.7,10.44,169.56,49.7,0.0,801.8,186.7,556.9,3.67,1.16,2.51,18.24,0.0,day_charging
South Khorasan,Birjand,32.8649,59.2262,Winter,4 Feb,12,40.52,351.49,735.1,82.3,559.8,49.48,351.49,-171.49,49.48,0.0,802.9,188.2,559.8,3.67,1.16,2.51,20.62,0.0,day_charging
South Khorasan,Birjand,32.8649,59.2262,Winter,4 Feb,13,36.72,333.67,719.6,76.6,506.9,53.28,333.67,-153.67,53.28,0.0,780.9,161.7,506.9,3.57,1.16,2.41,22.91,0.0,day_charging
South Khorasan,Birjand,32.8649,59.2262,Winter,4 Feb,14,29.68,318.63,681.1,65.5,402.7,60.32,318.63,-138.63,60.32,0.0,730.0,111.1,402.7,3.34,1.16,2.18,24.98,0.0,day_charging
South Khorasan,Birjand,32.8649,59.2262,Winter,4 Feb,15,20.38,306.46,595.6,49.9,257.3,69.62,306.46,-126.46,69.62,0.0,629.2,46.1,257.3,2.88,1.16,1.72,26.61,0.0,day_charging
South Khorasan,Birjand,32.8649,59.2262,Winter,4 Feb,16,9.63,296.52,372.6,32.5,94.8,80.37,296.52,-116.52,80.37,0.0,391.5,30.0,94.8,1.79,1.16,0.63,27.21,0.0,day_charging
South Khorasan,Birjand,32.8649,59.2262,Winter,4 Feb,17,-2.02,288.03,0.0,0.0,0.0,0.0,180.0,0.0,0.0,0.0,0.0,0.0,0.0,0.0,1.16,-1.16,25.99,0.0,night_discharging
South Khorasan,Birjand,32.8649,59.2262,Winter,4 Feb,18,-14.23,280.3,0.0,0.0,0.0,0.0,180.0,0.0,0.0,0.0,0.0,0.0,0.0,0.0,1.58,-1.58,24.33,0.0,night_discharging
South Khorasan,Birjand,32.8649,59.2262,Winter,4 Feb,19,-26.74,272.66,0.0,0.0,0.0,0.0,180.0,0.0,0.0,0.0,0.0,0.0,0.0,0.0,1.58,-1.58,22.67,0.0,night_discharging
South Khorasan,Birjand,32.8649,59.2262,Winter,4 Feb,20,-39.33,264.27,0.0,0.0,0.0,0.0,180.0,0.0,0.0,0.0,0.0,0.0,0.0,0.0,1.98,-1.98,20.59,0.0,night_discharging
South Khorasan,Birjand,32.8649,59.2262,Winter,4 Feb,21,-51.69,253.63,0.0,0.0,0.0,0.0,180.0,0.0,0.0,0.0,0.0,0.0,0.0,0.0,1.98,-1.98,18.51,0.0,night_discharging
South Khorasan,Birjand,32.8649,59.2262,Winter,4 Feb,22,-63.17,237.22,0.0,0.0,0.0,0.0,180.0,0.0,0.0,0.0,0.0,0.0,0.0,0.0,1.98,-1.98,16.43,0.0,night_discharging
South Khorasan,Birjand,32.8649,59.2262,Winter,4 Feb,23,-71.73,206.16,0.0,0.0,0.0,0.0,180.0,0.0,0.0,0.0,0.0,0.0,0.0,0.0,1.98,-1.98,14.35,0.0,night_discharging
North Khorasan,Bojnord,37.4747,57.329,Spring,5 May,0,-36.03,174.27,0.0,0.0,0.0,0.0,180.0,0.0,0.0,0.0,0.0,0.0,0.0,0.0,1.98,-1.98,19.37,0.0,night_discharging
North Khorasan,Bojnord,37.4747,57.329,Spring,5 May,1,-33.08,157.14,0.0,0.0,0.0,0.0,180.0,0.0,0.0,0.0,0.0,0.0,0.0,0.0,1.98,-1.98,17.29,0.0,night_discharging
North Khorasan,Bojnord,37.4747,57.329,Spring,5 May,2,-27.03,142.02,0.0,0.0,0.0,0.0,180.0,0.0,0.0,0.0,0.0,0.0,0.0,0.0,1.98,-1.98,15.21,0.0,night_discharging
North Khorasan,Bojnord,37.4747,57.329,Spring,5 May,3,-18.7,129.26,0.0,0.0,0.0,0.0,180.0,0.0,0.0,0.0,0.0,0.0,0.0,0.0,1.98,-1.98,13.13,0.0,night_discharging
North Khorasan,Bojnord,37.4747,57.329,Spring,5 May,4,-8.81,118.47,0.0,0.0,0.0,0.0,180.0,0.0,0.0,0.0,0.0,0.0,0.0,0.0,1.98,-1.98,11.05,0.0,night_discharging
North Khorasan,Bojnord,37.4747,57.329,Spring,5 May,5,2.08,109.03,44.8,25.2,26.8,85.0,109.03,70.97,85.0,0.0,57.8,32.7,26.8,0.25,1.58,-1.33,9.65,0.0,day_discharging
North Khorasan,Bojnord,37.4747,57.329,Spring,5 May,6,13.58,100.29,480.9,38.6,151.5,76.42,100.29,79.71,76.42,0.0,504.7,175.3,151.5,2.22,1.58,0.64,10.26,0.0,day_charging
North Khorasan,Bojnord,37.4747,57.329,Spring,5 May,7,25.41,91.56,648.5,58.4,336.7,64.59,91.56,88.44,64.59,0.0,690.2,287.4,336.7,3.04,1.16,1.88,12.05,0.0,day_charging
North Khorasan,Bojnord,37.4747,57.329,Spring,5 May,8,37.29,82.0,722.1,77.5,515.0,52.71,82.0,98.0,52.71,0.0,784.4,377.0,515.0,3.45,1.16,2.29,14.23,0.0,day_charging
North Khorasan,Bojnord,37.4747,57.329,Spring,5 May,9,48.83,70.15,760.2,93.7,665.9,41.17,70.15,109.85,41.17,0.0,842.3,447.8,665.9,3.71,1.16,2.55,16.65,0.0,day_charging
North Khorasan,Bojnord,37.4747,57.329,Spring,5 May,10,59.33,53.17,780.5,105.6,776.9,30.67,53.17,126.83,30.67,0.0,878.7,498.4,776.9,3.87,1.16,2.71,19.22,0.0,day_charging
North Khorasan,Bojnord,37.4747,57.329,Spring,5 May,11,67.0,25.71,790.1,112.3,839.6,23.0,25.71,154.29,23.0,0.0,897.9,526.5,839.6,3.95,1.16,2.79,21.87,0.0,day_charging
North Khorasan,Bojnord,37.4747,57.329,Spring,5 May,12,68.4,347.32,791.5,113.3,849.2,21.6,347.32,-167.32,21.6,0.0,900.8,530.8,849.2,3.96,1.16,2.8,24.53,0.0,day_charging
North Khorasan,Bojnord,37.4747,57.329,Spring,5 May,13,62.54,315.09,785.0,108.6,805.1,27.46,315.09,-135.09,27.46,0.0,887.5,511.0,805.1,3.9,1.16,2.74,27.13,0.0,day_charging
North Khorasan,Bojnord,37.4747,57.329,Spring,5 May,14,52.75,295.08,769.0,98.5,710.6,37.25,295.08,-115.08,37.25,0.0,857.4,468.3,710.6,3.77,1.16,2.61,29.61,0.0,day_charging
North Khorasan,Bojnord,37.4747,57.329,Spring,5 May,15,41.46,281.85,738.5,83.7,572.6,48.54,281.85,-101.85,48.54,0.0,808.0,404.4,572.6,3.56,1.16,2.4,31.89,0.0,day_charging
North Khorasan,Bojnord,37.4747,57.329,Spring,5 May,16,29.65,271.69,680.9,65.4,402.3,60.35,271.69,-91.69,60.35,0.0,729.8,321.5,402.3,3.21,1.16,1.11,32.94,0.0,day_charging
North Khorasan,Bojnord,37.4747,57.329,Spring,5 May,17,17.77,262.78,559.2,45.5,216.2,72.23,262.78,-82.78,72.23,0.0,588.9,218.6,216.2,2.59,1.16,0.06,33.0,0.0,day_charging
North Khorasan,Bojnord,37.4747,57.329,Spring,5 May,18,6.12,254.13,234.0,28.0,53.0,83.88,254.13,-74.13,83.88,0.0,249.5,82.9,53.0,1.1,1.58,-0.48,32.49,0.0,day_discharging
North Khorasan,Bojnord,37.4747,57.329,Spring,5 May,19,-5.03,245.01,0.0,0.0,0.0,0.0,180.0,0.0,0.0,0.0,0.0,0.0,0.0,0.0,1.58,-1.58,30.83,0.0,night_discharging
North Khorasan,Bojnord,37.4747,57.329,Spring,5 May,20,-15.32,234.78,0.0,0.0,0.0,0.0,180.0,0.0,0.0,0.0,0.0,0.0,0.0,0.0,1.98,-1.98,28.75,0.0,night_discharging
North Khorasan,Bojnord,37.4747,57.329,Spring,5 May,21,-24.29,222.79,0.0,0.0,0.0,0.0,180.0,0.0,0.0,0.0,0.0,0.0,0.0,0.0,1.98,-1.98,26.67,0.0,night_discharging
North Khorasan,Bojnord,37.4747,57.329,Spring,5 May,22,-31.24,208.52,0.0,0.0,0.0,0.0,180.0,0.0,0.0,0.0,0.0,0.0,0.0,0.0,1.98,-1.98,24.59,0.0,night_discharging
North Khorasan,Bojnord,37.4747,57.329,Spring,5 May,23,-35.38,192.0,0.0,0.0,0.0,0.0,180.0,0.0,0.0,0.0,0.0,0.0,0.0,0.0,1.98,-1.98,22.51,0.0,night_discharging
North Khorasan,Bojnord,37.4747,57.329,Summer,6 Aug,0,-35.73,174.3,0.0,0.0,0.0,0.0,180.0,0.0,0.0,0.0,0.0,0.0,0.0,0.0,1.98,-1.98,19.37,0.0,night_discharging
North Khorasan,Bojnord,37.4747,57.329,Summer,6 Aug,1,-32.8,157.25,0.0,0.0,0.0,0.0,180.0,0.0,0.0,0.0,0.0,0.0,0.0,0.0,1.98,-1.98,17.29,0.0,night_discharging
North Khorasan,Bojnord,37.4747,57.329,Summer,6 Aug,2,-26.77,142.19,0.0,0.0,0.0,0.0,180.0,0.0,0.0,0.0,0.0,0.0,0.0,0.0,1.98,-1.98,15.21,0.0,night_discharging
North Khorasan,Bojnord,37.4747,57.329,Summer,6 Aug,3,-18.47,129.46,0.0,0.0,0.0,0.0,180.0,0.0,0.0,0.0,0.0,0.0,0.0,0.0,1.98,-1.98,13.13,0.0,night_discharging
North Khorasan,Bojnord,37.4747,57.329,Summer,6 Aug,4,-8.61,118.69,0.0,0.0,0.0,0.0,180.0,0.0,0.0,0.0,0.0,0.0,0.0,0.0,1.98,-1.98,11.05,0.0,night_discharging
North Khorasan,Bojnord,37.4747,57.329,Summer,6 Aug,5,2.26,109.27,51.9,25.2,27.3,85.0,109.27,70.73,85.0,0.0,65.0,34.5,27.3,0.29,1.58,-1.29,9.69,0.0,day_discharging
North Khorasan,Bojnord,37.4747,57.329,Summer,6 Aug,6,13.76,100.54,484.8,38.8,154.1,76.24,100.54,79.46,76.24,0.0,508.8,179.0,154.1,2.24,1.58,0.66,10.32,0.0,day_charging
North Khorasan,Bojnord,37.4747,57.329,Summer,6 Aug,7,25.58,91.84,649.9,58.7,339.3,64.42,91.84,88.16,64.42,0.0,691.9,291.2,339.3,3.04,1.16,1.88,12.11,0.0,day_charging
North Khorasan,Bojnord,37.4747,57.329,Summer,6 Aug,8,37.46,82.31,722.9,77.8,517.4,52.54,82.31,97.69,52.54,0.0,785.4,380.9,517.4,3.46,1.16,2.3,14.29,0.0,day_charging
North Khorasan,Bojnord,37.4747,57.329,Summer,6 Aug,9,49.02,70.51,760.6,93.9,668.2,40.98,70.51,109.49,40.98,0.0,843.0,451.7,668.2,3.71,1.16,2.55,16.71,0.0,day_charging
North Khorasan,Bojnord,37.4747,57.329,Summer,6 Aug,10,59.56,53.56,780.9,105.8,779.0,30.44,53.56,126.44,30.44,0.0,879.4,502.2,779.0,3.87,1.16,2.71,19.28,0.0,day_charging
North Khorasan,Bojnord,37.4747,57.329,Summer,6 Aug,11,67.28,25.99,790.4,112.5,841.5,22.72,25.99,154.01,22.72,0.0,898.5,530.3,841.5,3.95,1.16,2.79,21.93,0.0,day_charging
North Khorasan,Bojnord,37.4747,57.329,Summer,6 Aug,12,68.7,347.17,791.7,113.5,851.1,21.3,347.17,-167.17,21.3,0.0,901.4,534.6,851.1,3.97,1.16,2.81,24.6,0.0,day_charging
North Khorasan,Bojnord,37.4747,57.329,Summer,6 Aug,13,62.78,314.71,785.3,108.8,807.1,27.22,314.71,-134.71,27.22,0.0,888.1,514.9,807.1,3.91,1.16,2.75,27.21,0.0,day_charging
North Khorasan,Bojnord,37.4747,57.329,Summer,6 Aug,14,52.95,294.71,769.4,98.7,712.7,37.05,294.71,-114.71,37.05,0.0,858.1,472.1,712.7,3.78,1.16,2.62,29.7,0.0,day_charging
North Khorasan,Bojnord,37.4747,57.329,Summer,6 Aug,15,41.64,281.53,739.1,83.9,575.0,48.36,281.53,-101.53,48.36,0.0,808.9,408.3,575.0,3.56,1.16,2.4,31.98,0.0,day_charging
North Khorasan,Bojnord,37.4747,57.329,Summer,6 Aug,16,29.82,271.4,682.0,65.7,404.9,60.18,271.4,-91.4,60.18,0.0,731.2,325.3,404.9,3.22,1.16,1.02,32.95,0.0,day_charging
North Khorasan,Bojnord,37.4747,57.329,Summer,6 Aug,17,17.95,262.52,561.9,45.8,218.9,72.05,262.52,-82.52,72.05,0.0,591.8,222.3,218.9,2.6,1.16,0.05,33.0,0.0,day_idle
North Khorasan,Bojnord,37.4747,57.329,Summer,6 Aug,18,6.3,253.89,242.3,28.2,54.8,83.7,253.89,-73.89,83.7,0.0,258.0,86.3,54.8,1.14,1.58,-0.44,32.54,0.0,day_discharging
North Khorasan,Bojnord,37.4747,57.329,Summer,6 Aug,19,-4.83,244.78,0.0,0.0,0.0,0.0,180.0,0.0,0.0,0.0,0.0,0.0,0.0,0.0,1.58,-1.58,30.88,0.0,night_discharging
North Khorasan,Bojnord,37.4747,57.329,Summer,6 Aug,20,-15.1,234.57,0.0,0.0,0.0,0.0,180.0,0.0,0.0,0.0,0.0,0.0,0.0,0.0,1.98,-1.98,28.8,0.0,night_discharging
North Khorasan,Bojnord,37.4747,57.329,Summer,6 Aug,21,-24.04,222.6,0.0,0.0,0.0,0.0,180.0,0.0,0.0,0.0,0.0,0.0,0.0,0.0,1.98,-1.98,26.72,0.0,night_discharging
North Khorasan,Bojnord,37.4747,57.329,Summer,6 Aug,22,-30.96,208.38,0.0,0.0,0.0,0.0,180.0,0.0,0.0,0.0,0.0,0.0,0.0,0.0,1.98,-1.98,24.64,0.0,night_discharging
North Khorasan,Bojnord,37.4747,57.329,Summer,6 Aug,23,-35.08,191.93,0.0,0.0,0.0,0.0,180.0,0.0,0.0,0.0,0.0,0.0,0.0,0.0,1.98,-1.98,22.56,0.0,night_discharging
North Khorasan,Bojnord,37.4747,57.329,Autumn,6 Nov,0,-68.11,167.47,0.0,0.0,0.0,0.0,180.0,0.0,0.0,0.0,0.0,0.0,0.0,0.0,1.98,-1.98,19.37,0.0,night_discharging
North Khorasan,Bojnord,37.4747,57.329,Autumn,6 Nov,1,-62.29,135.47,0.0,0.0,0.0,0.0,180.0,0.0,0.0,0.0,0.0,0.0,0.0,0.0,1.98,-1.98,17.29,0.0,night_discharging
North Khorasan,Bojnord,37.4747,57.329,Autumn,6 Nov,2,-52.55,115.45,0.0,0.0,0.0,0.0,180.0,0.0,0.0,0.0,0.0,0.0,0.0,0.0,1.98,-1.98,15.21,0.0,night_discharging
North Khorasan,Bojnord,37.4747,57.329,Autumn,6 Nov,3,-41.29,102.18,0.0,0.0,0.0,0.0,180.0,0.0,0.0,0.0,0.0,0.0,0.0,0.0,1.98,-1.98,13.13,0.0,night_discharging
North Khorasan,Bojnord,37.4747,57.329,Autumn,6 Nov,4,-29.48,91.97,0.0,0.0,0.0,0.0,180.0,0.0,0.0,0.0,0.0,0.0,0.0,0.0,1.98,-1.98,11.05,0.0,night_discharging
North Khorasan,Bojnord,37.4747,57.329,Autumn,6 Nov,5,-17.6,83.04,0.0,0.0,0.0,0.0,180.0,0.0,0.0,0.0,0.0,0.0,0.0,0.0,1.58,-1.58,9.39,0.0,night_discharging
North Khorasan,Bojnord,37.4747,57.329,Autumn,6 Nov,6,-5.94,74.37,0.0,0.0,0.0,0.0,180.0,0.0,0.0,0.0,0.0,0.0,0.0,0.0,1.58,-1.58,7.73,0.0,night_discharging
North Khorasan,Bojnord,37.4747,57.329,Autumn,6 Nov,7,5.23,65.24,191.7,27.1,44.6,84.77,65.24,114.76,84.77,0.0,206.5,24.5,44.6,0.91,1.16,-0.25,7.47,0.0,day_discharging
North Khorasan,Bojnord,37.4747,57.329,Autumn,6 Nov,8,15.55,54.99,521.2,41.8,181.4,74.45,54.99,125.01,74.45,0.0,547.7,37.8,181.4,2.41,1.16,1.25,8.66,0.0,day_charging
North Khorasan,Bojnord,37.4747,57.329,Autumn,6 Nov,9,24.53,42.97,640.5,56.9,322.9,65.47,42.97,137.03,65.47,0.0,680.8,51.5,322.9,3.0,1.16,1.84,10.41,0.0,day_charging
North Khorasan,Bojnord,37.4747,57.329,Autumn,6 Nov,10,31.52,28.66,692.7,68.5,430.5,58.48,28.66,151.34,58.48,0.0,744.8,61.9,430.5,3.28,1.16,2.12,12.42,0.0,day_charging
North Khorasan,Bojnord,37.4747,57.329,Autumn,6 Nov,11,35.68,12.06,714.8,75.0,491.9,54.32,12.06,167.94,54.32,0.0,774.2,71.3,491.9,3.41,1.16,2.25,14.56,0.0,day_charging
North Khorasan,Bojnord,37.4747,57.329,Autumn,6 Nov,12,36.33,354.23,717.9,76.0,501.4,53.67,354.23,-174.23,53.67,0.0,778.4,74.7,501.4,3.43,1.16,2.27,16.72,0.0,day_charging
North Khorasan,Bojnord,37.4747,57.329,Autumn,6 Nov,13,33.36,337.02,703.2,71.4,458.1,56.64,337.02,-157.02,56.64,0.0,758.5,64.6,458.1,3.34,1.16,2.18,18.79,0.0,day_charging
North Khorasan,Bojnord,37.4747,57.329,Autumn,6 Nov,14,27.29,321.85,663.9,61.5,365.9,62.71,321.85,-141.85,62.71,0.0,708.8,55.7,365.9,3.12,1.16,1.96,20.65,0.0,day_charging
North Khorasan,Bojnord,37.4747,57.329,Autumn,6 Nov,15,18.93,309.06,576.3,47.4,234.4,71.07,309.06,-129.06,71.07,0.0,607.7,42.9,234.4,2.67,1.16,1.51,22.08,0.0,day_charging
North Khorasan,Bojnord,37.4747,57.329,Autumn,6 Nov,16,9.02,298.25,351.6,31.6,86.7,80.98,298.25,-118.25,80.98,0.0,369.9,28.6,86.7,1.63,1.16,0.47,22.53,0.0,day_charging
North Khorasan,Bojnord,37.4747,57.329,Autumn,6 Nov,17,-1.89,288.8,0.0,0.0,0.0,0.0,180.0,0.0,0.0,0.0,0.0,0.0,0.0,0.0,1.16,-1.16,21.31,0.0,night_discharging
North Khorasan,Bojnord,37.4747,57.329,Autumn,6 Nov,18,-13.41,280.04,0.0,0.0,0.0,0.0,180.0,0.0,0.0,0.0,0.0,0.0,0.0,0.0,1.58,-1.58,19.65,0.0,night_discharging
North Khorasan,Bojnord,37.4747,57.329,Autumn,6 Nov,19,-25.24,271.29,0.0,0.0,0.0,0.0,180.0,0.0,0.0,0.0,0.0,0.0,0.0,0.0,1.58,-1.58,17.99,0.0,night_discharging
North Khorasan,Bojnord,37.4747,57.329,Autumn,6 Nov,20,-37.11,261.69,0.0,0.0,0.0,0.0,180.0,0.0,0.0,0.0,0.0,0.0,0.0,0.0,1.98,-1.98,15.91,0.0,night_discharging
North Khorasan,Bojnord,37.4747,57.329,Autumn,6 Nov,21,-48.65,249.8,0.0,0.0,0.0,0.0,180.0,0.0,0.0,0.0,0.0,0.0,0.0,0.0,1.98,-1.98,13.83,0.0,night_discharging
North Khorasan,Bojnord,37.4747,57.329,Autumn,6 Nov,22,-59.11,232.78,0.0,0.0,0.0,0.0,180.0,0.0,0.0,0.0,0.0,0.0,0.0,0.0,1.98,-1.98,11.75,0.0,night_discharging
North Khorasan,Bojnord,37.4747,57.329,Autumn,6 Nov,23,-66.72,205.44,0.0,0.0,0.0,0.0,180.0,0.0,0.0,0.0,0.0,0.0,0.0,0.0,1.98,-1.98,9.67,0.0,night_discharging
North Khorasan,Bojnord,37.4747,57.329,Winter,4 Feb,0,-68.3,167.37,0.0,0.0,0.0,0.0,180.0,0.0,0.0,0.0,0.0,0.0,0.0,0.0,1.98,-1.98,19.37,0.0,night_discharging
North Khorasan,Bojnord,37.4747,57.329,Winter,4 Feb,1,-62.46,135.21,0.0,0.0,0.0,0.0,180.0,0.0,0.0,0.0,0.0,0.0,0.0,0.0,1.98,-1.98,17.29,0.0,night_discharging
North Khorasan,Bojnord,37.4747,57.329,Winter,4 Feb,2,-52.69,115.21,0.0,0.0,0.0,0.0,180.0,0.0,0.0,0.0,0.0,0.0,0.0,0.0,1.98,-1.98,15.21,0.0,night_discharging
North Khorasan,Bojnord,37.4747,57.329,Winter,4 Feb,3,-41.4,101.96,0.0,0.0,0.0,0.0,180.0,0.0,0.0,0.0,0.0,0.0,0.0,0.0,1.98,-1.98,13.13,0.0,night_discharging
North Khorasan,Bojnord,37.4747,57.329,Winter,4 Feb,4,-29.6,91.78,0.0,0.0,0.0,0.0,180.0,0.0,0.0,0.0,0.0,0.0,0.0,0.0,1.98,-1.98,11.05,0.0,night_discharging
North Khorasan,Bojnord,37.4747,57.329,Winter,4 Feb,5,-17.72,82.87,0.0,0.0,0.0,0.0,180.0,0.0,0.0,0.0,0.0,0.0,0.0,0.0,1.58,-1.58,9.39,0.0,night_discharging
North Khorasan,Bojnord,37.4747,57.329,Winter,4 Feb,6,-6.06,74.21,0.0,0.0,0.0,0.0,180.0,0.0,0.0,0.0,0.0,0.0,0.0,0.0,1.58,-1.58,7.73,0.0,night_discharging
North Khorasan,Bojnord,37.4747,57.329,Winter,4 Feb,7,5.09,65.09,185.3,27.0,43.4,84.91,65.09,114.91,84.91,0.0,200.0,24.4,43.4,0.88,1.16,-0.28,7.44,0.0,day_discharging
North Khorasan,Bojnord,37.4747,57.329,Winter,4 Feb,8,15.4,54.85,518.4,41.5,179.2,74.6,54.85,125.15,74.6,0.0,544.7,37.6,179.2,2.4,1.16,1.24,8.62,0.0,day_charging
North Khorasan,Bojnord,37.4747,57.329,Winter,4 Feb,9,24.37,42.85,639.0,56.6,320.3,65.63,42.85,137.15,65.63,0.0,679.0,51.2,320.3,2.99,1.16,1.83,10.36,0.0,day_charging
North Khorasan,Bojnord,37.4747,57.329,Winter,4 Feb,10,31.33,28.57,691.6,68.2,427.8,58.67,28.57,151.43,58.67,0.0,743.4,61.6,427.8,3.27,1.16,2.11,12.36,0.0,day_charging
North Khorasan,Bojnord,37.4747,57.329,Winter,4 Feb,11,35.48,12.02,713.9,74.7,489.1,54.52,12.02,167.98,54.52,0.0,772.9,68.6,489.1,3.4,1.16,2.24,14.49,0.0,day_charging
North Khorasan,Bojnord,37.4747,57.329,Winter,4 Feb,12,36.13,354.26,717.0,75.7,498.5,53.87,354.26,-174.26,53.87,0.0,777.2,71.9,498.5,3.42,1.16,2.26,16.64,0.0,day_charging
North Khorasan,Bojnord,37.4747,57.329,Winter,4 Feb,13,33.17,337.1,702.1,71.1,455.3,56.83,337.1,-157.1,56.83,0.0,757.1,64.3,455.3,3.33,1.16,2.17,18.7,0.0,day_charging
North Khorasan,Bojnord,37.4747,57.329,Winter,4 Feb,14,27.12,321.96,662.6,61.2,363.3,62.88,321.96,-141.96,62.88,0.0,707.2,55.4,363.3,3.11,1.16,1.95,20.55,0.0,day_charging
North Khorasan,Bojnord,37.4747,57.329,Winter,4 Feb,15,18.78,309.19,574.1,47.2,232.0,71.22,309.19,-129.19,71.22,0.0,605.3,42.7,232.0,2.66,1.16,1.5,21.98,0.0,day_charging
North Khorasan,Bojnord,37.4747,57.329,Winter,4 Feb,16,8.88,298.4,346.8,31.4,85.0,81.12,298.4,-118.4,81.12,0.0,364.9,28.4,85.0,1.61,1.16,0.45,22.41,0.0,day_charging
North Khorasan,Bojnord,37.4747,57.329,Winter,4 Feb,17,-2.02,288.95,0.0,0.0,0.0,0.0,180.0,0.0,0.0,0.0,0.0,0.0,0.0,0.0,1.16,-1.16,21.19,0.0,night_discharging
North Khorasan,Bojnord,37.4747,57.329,Winter,4 Feb,18,-13.53,280.2,0.0,0.0,0.0,0.0,180.0,0.0,0.0,0.0,0.0,0.0,0.0,0.0,1.58,-1.58,19.53,0.0,night_discharging
North Khorasan,Bojnord,37.4747,57.329,Winter,4 Feb,19,-25.36,271.47,0.0,0.0,0.0,0.0,180.0,0.0,0.0,0.0,0.0,0.0,0.0,0.0,1.58,-1.58,17.87,0.0,night_discharging
North Khorasan,Bojnord,37.4747,57.329,Winter,4 Feb,20,-37.23,261.89,0.0,0.0,0.0,0.0,180.0,0.0,0.0,0.0,0.0,0.0,0.0,0.0,1.98,-1.98,15.79,0.0,night_discharging
North Khorasan,Bojnord,37.4747,57.329,Winter,4 Feb,21,-48.77,250.04,0.0,0.0,0.0,0.0,180.0,0.0,0.0,0.0,0.0,0.0,0.0,0.0,1.98,-1.98,13.71,0.0,night_discharging
North Khorasan,Bojnord,37.4747,57.329,Winter,4 Feb,22,-59.26,233.04,0.0,0.0,0.0,0.0,180.0,0.0,0.0,0.0,0.0,0.0,0.0,0.0,1.98,-1.98,11.63,0.0,night_discharging
North Khorasan,Bojnord,37.4747,57.329,Winter,4 Feb,23,-66.91,205.62,0.0,0.0,0.0,0.0,180.0,0.0,0.0,0.0,0.0,0.0,0.0,0.0,1.98,-1.98,9.55,0.0,night_discharging
Bushehr,Bushehr,28.9234,50.8203,Spring,5 May,0,-44.75,177.73,0.0,0.0,0.0,0.0,180.0,0.0,0.0,0.0,0.0,0.0,0.0,0.0,1.8,-1.8,20.86,0.0,night_discharging
Bushehr,Bushehr,28.9234,50.8203,Spring,5 May,1,-42.98,162.41,0.0,0.0,0.0,0.0,180.0,0.0,0.0,0.0,0.0,0.0,0.0,0.0,1.8,-1.8,18.97,0.0,night_discharging
Bushehr,Bushehr,28.9234,50.8203,Spring,5 May,2,-37.14,145.17,0.0,0.0,0.0,0.0,180.0,0.0,0.0,0.0,0.0,0.0,0.0,0.0,1.8,-1.8,17.08,0.0,night_discharging
Bushehr,Bushehr,28.9234,50.8203,Spring,5 May,3,-28.39,131.54,0.0,0.0,0.0,0.0,180.0,0.0,0.0,0.0,0.0,0.0,0.0,0.0,1.8,-1.8,15.19,0.0,night_discharging
Bushehr,Bushehr,28.9234,50.8203,Spring,5 May,4,-17.79,120.93,0.0,0.0,0.0,0.0,180.0,0.0,0.0,0.0,0.0,0.0,0.0,0.0,1.8,-1.8,13.3,0.0,night_discharging
Bushehr,Bushehr,28.9234,50.8203,Spring,5 May,5,-6.05,112.4,0.0,0.0,0.0,0.0,180.0,0.0,0.0,0.0,0.0,0.0,0.0,0.0,1.44,-1.44,11.78,0.0,night_discharging
Bushehr,Bushehr,28.9234,50.8203,Spring,5 May,6,6.38,105.12,245.8,28.3,55.6,83.62,105.12,74.88,83.62,0.0,261.5,80.6,55.6,1.24,1.44,-0.2,11.57,0.0,day_discharging
Bushehr,Bushehr,28.9234,50.8203,Spring,5 May,7,19.23,98.45,580.4,47.9,239.1,70.77,98.45,81.55,70.77,0.0,612.3,251.7,239.1,2.91,1.25,1.66,13.15,0.0,day_charging
Bushehr,Bushehr,28.9234,50.8203,Spring,5 May,8,32.29,91.72,697.2,69.7,442.2,57.71,91.72,88.28,57.71,0.0,750.7,402.9,442.2,3.57,1.25,2.32,15.35,0.0,day_charging
Bushehr,Bushehr,28.9234,50.8203,Spring,5 May,9,45.41,84.05,751.0,89.2,624.0,44.59,84.05,95.95,44.59,0.0,827.4,530.5,624.0,3.93,1.25,2.68,17.9,0.0,day_charging
Bushehr,Bushehr,28.9234,50.8203,Spring,5 May,10,58.28,73.49,778.9,104.5,767.1,31.72,73.49,106.51,31.72,0.0,875.6,628.8,767.1,4.16,1.25,2.91,20.66,0.0,day_charging
Bushehr,Bushehr,28.9234,50.8203,Spring,5 May,11,70.13,54.16,793.0,114.5,860.3,19.87,54.16,125.84,19.87,0.0,904.1,692.2,860.3,4.3,1.25,3.05,23.56,0.0,day_charging
Bushehr,Bushehr,28.9234,50.8203,Spring,5 May,12,77.28,7.34,797.8,118.4,896.7,12.72,7.34,172.66,12.72,0.0,914.8,716.9,896.7,4.35,1.25,3.1,26.5,0.0,day_charging
Bushehr,Bushehr,28.9234,50.8203,Spring,5 May,13,72.41,312.98,794.8,115.9,873.5,17.59,312.98,-132.98,17.59,0.0,908.0,701.2,873.5,4.31,1.25,3.06,29.41,0.0,day_charging
Bushehr,Bushehr,28.9234,50.8203,Spring,5 May,14,61.08,289.69,783.0,107.2,792.6,28.92,289.69,-109.69,28.92,0.0,883.6,646.2,792.6,4.2,1.25,2.95,32.21,0.0,day_charging
Bushehr,Bushehr,28.9234,50.8203,Spring,5 May,15,48.33,277.96,758.9,93.0,659.9,41.67,277.96,-97.96,41.67,0.0,840.2,555.3,659.9,3.99,1.25,2.74,34.81,0.0,day_charging
Bushehr,Bushehr,28.9234,50.8203,Spring,5 May,16,35.23,269.87,712.7,74.3,485.5,54.77,269.87,-89.87,54.77,0.0,771.3,433.7,485.5,3.67,1.25,0.19,34.99,0.0,day_charging
Bushehr,Bushehr,28.9234,50.8203,Spring,5 May,17,22.14,263.03,616.3,52.9,285.1,67.86,263.03,-83.03,67.86,0.0,652.7,287.4,285.1,3.1,1.25,0.01,35.0,0.0,day_idle
Bushehr,Bushehr,28.9234,50.8203,Spring,5 May,18,9.23,256.4,358.9,31.9,89.5,80.77,256.4,-76.4,80.77,0.0,377.4,120.0,89.5,1.79,1.44,0.0,35.0,0.0,day_idle
Bushehr,Bushehr,28.9234,50.8203,Spring,5 May,19,-3.31,249.32,0.0,0.0,0.0,0.0,180.0,0.0,0.0,0.0,0.0,0.0,0.0,0.0,1.44,-1.44,33.48,0.0,night_discharging
Bushehr,Bushehr,28.9234,50.8203,Spring,5 May,20,-15.24,241.13,0.0,0.0,0.0,0.0,180.0,0.0,0.0,0.0,0.0,0.0,0.0,0.0,1.8,-1.8,31.59,0.0,night_discharging
Bushehr,Bushehr,28.9234,50.8203,Spring,5 May,21,-26.14,231.07,0.0,0.0,0.0,0.0,180.0,0.0,0.0,0.0,0.0,0.0,0.0,0.0,1.8,-1.8,29.7,0.0,night_discharging
Bushehr,Bushehr,28.9234,50.8203,Spring,5 May,22,-35.39,218.19,0.0,0.0,0.0,0.0,180.0,0.0,0.0,0.0,0.0,0.0,0.0,0.0,1.8,-1.8,27.81,0.0,night_discharging
Bushehr,Bushehr,28.9234,50.8203,Spring,5 May,23,-41.99,201.76,0.0,0.0,0.0,0.0,180.0,0.0,0.0,0.0,0.0,0.0,0.0,0.0,1.8,-1.8,25.92,0.0,night_discharging
Bushehr,Bushehr,28.9234,50.8203,Summer,6 Aug,0,-44.45,177.74,0.0,0.0,0.0,0.0,180.0,0.0,0.0,0.0,0.0,0.0,0.0,0.0,1.8,-1.8,20.86,0.0,night_discharging
Bushehr,Bushehr,28.9234,50.8203,Summer,6 Aug,1,-42.69,162.52,0.0,0.0,0.0,0.0,180.0,0.0,0.0,0.0,0.0,0.0,0.0,0.0,1.8,-1.8,18.97,0.0,night_discharging
Bushehr,Bushehr,28.9234,50.8203,Summer,6 Aug,2,-36.89,145.36,0.0,0.0,0.0,0.0,180.0,0.0,0.0,0.0,0.0,0.0,0.0,0.0,1.8,-1.8,17.08,0.0,night_discharging
Bushehr,Bushehr,28.9234,50.8203,Summer,6 Aug,3,-28.17,131.77,0.0,0.0,0.0,0.0,180.0,0.0,0.0,0.0,0.0,0.0,0.0,0.0,1.8,-1.8,15.19,0.0,night_discharging
Bushehr,Bushehr,28.9234,50.8203,Summer,6 Aug,4,-17.6,121.18,0.0,0.0,0.0,0.0,180.0,0.0,0.0,0.0,0.0,0.0,0.0,0.0,1.8,-1.8,13.3,0.0,night_discharging
Bushehr,Bushehr,28.9234,50.8203,Summer,6 Aug,5,-5.89,112.65,0.0,0.0,0.0,0.0,180.0,0.0,0.0,0.0,0.0,0.0,0.0,0.0,1.44,-1.44,11.78,0.0,night_discharging
Bushehr,Bushehr,28.9234,50.8203,Summer,6 Aug,6,6.52,105.39,252.1,28.4,57.1,83.48,105.39,74.61,83.48,0.0,268.0,83.3,57.1,1.27,1.44,-0.17,11.6,0.0,day_discharging
Bushehr,Bushehr,28.9234,50.8203,Summer,6 Aug,7,19.36,98.73,582.2,48.2,241.1,70.64,98.73,81.27,70.64,0.0,614.2,254.9,241.1,2.92,1.25,1.67,13.19,0.0,day_charging
Bushehr,Bushehr,28.9234,50.8203,Summer,6 Aug,8,32.42,92.05,697.9,69.9,444.1,57.58,92.05,87.95,57.58,0.0,751.6,406.1,444.1,3.57,1.25,2.32,15.39,0.0,day_charging
Bushehr,Bushehr,28.9234,50.8203,Summer,6 Aug,9,45.53,84.44,751.4,89.3,625.6,44.47,84.44,95.56,44.47,0.0,827.9,533.6,625.6,3.93,1.25,2.68,17.94,0.0,day_charging
Bushehr,Bushehr,28.9234,50.8203,Summer,6 Aug,10,58.43,73.99,779.1,104.7,768.5,31.57,73.99,106.01,31.57,0.0,876.1,631.8,768.5,4.16,1.25,2.91,20.7,0.0,day_charging
Bushehr,Bushehr,28.9234,50.8203,Summer,6 Aug,11,70.33,54.81,793.2,114.6,861.5,19.67,54.81,125.19,19.67,0.0,904.5,695.2,861.5,4.3,1.25,3.05,23.6,0.0,day_charging
Bushehr,Bushehr,28.9234,50.8203,Summer,6 Aug,12,77.58,7.5,798.0,118.5,897.8,12.42,7.5,172.5,12.42,0.0,915.1,719.8,897.8,4.35,1.25,3.1,26.55,0.0,day_charging
Bushehr,Bushehr,28.9234,50.8203,Summer,6 Aug,13,72.63,312.31,795.0,116.0,874.8,17.37,312.31,-132.31,17.37,0.0,908.4,704.2,874.8,4.32,1.25,3.07,29.47,0.0,day_charging
Bushehr,Bushehr,28.9234,50.8203,Summer,6 Aug,14,61.23,289.16,783.3,107.4,794.0,28.77,289.16,-109.16,28.77,0.0,884.0,649.2,794.0,4.2,1.25,2.95,32.27,0.0,day_charging
Bushehr,Bushehr,28.9234,50.8203,Summer,6 Aug,15,48.45,277.55,759.2,93.2,661.4,41.55,277.55,-97.55,41.55,0.0,840.7,558.4,661.4,3.99,1.25,2.73,34.86,0.0,day_charging
Bushehr,Bushehr,28.9234,50.8203,Summer,6 Aug,16,35.36,269.53,713.3,74.5,487.3,54.64,269.53,-89.53,54.64,0.0,772.2,436.9,487.3,3.67,1.25,0.14,34.99,0.0,day_charging
Bushehr,Bushehr,28.9234,50.8203,Summer,6 Aug,17,22.27,262.74,617.7,53.1,287.1,67.73,262.74,-82.74,67.73,0.0,654.3,290.6,287.1,3.11,1.25,0.01,35.0,0.0,day_idle
Bushehr,Bushehr,28.9234,50.8203,Summer,6 Aug,18,9.37,256.13,363.7,32.1,91.3,80.63,256.13,-76.13,80.63,0.0,382.3,122.9,91.3,1.82,1.44,0.0,35.0,0.0,day_idle
Bushehr,Bushehr,28.9234,50.8203,Summer,6 Aug,19,-3.16,249.06,0.0,0.0,0.0,0.0,180.0,0.0,0.0,0.0,0.0,0.0,0.0,0.0,1.44,-1.44,33.48,0.0,night_discharging
Bushehr,Bushehr,28.9234,50.8203,Summer,6 Aug,20,-15.06,240.88,0.0,0.0,0.0,0.0,180.0,0.0,0.0,0.0,0.0,0.0,0.0,0.0,1.8,-1.8,31.59,0.0,night_discharging
Bushehr,Bushehr,28.9234,50.8203,Summer,6 Aug,21,-25.93,230.83,0.0,0.0,0.0,0.0,180.0,0.0,0.0,0.0,0.0,0.0,0.0,0.0,1.8,-1.8,29.7,0.0,night_discharging
Bushehr,Bushehr,28.9234,50.8203,Summer,6 Aug,22,-35.14,217.99,0.0,0.0,0.0,0.0,180.0,0.0,0.0,0.0,0.0,0.0,0.0,0.0,1.8,-1.8,27.81,0.0,night_discharging
Bushehr,Bushehr,28.9234,50.8203,Summer,6 Aug,23,-41.71,201.62,0.0,0.0,0.0,0.0,180.0,0.0,0.0,0.0,0.0,0.0,0.0,0.0,1.8,-1.8,25.92,0.0,night_discharging
Bushehr,Bushehr,28.9234,50.8203,Autumn,6 Nov,0,-76.98,172.81,0.0,0.0,0.0,0.0,180.0,0.0,0.0,0.0,0.0,0.0,0.0,0.0,1.8,-1.8,20.86,0.0,night_discharging
Bushehr,Bushehr,28.9234,50.8203,Autumn,6 Nov,1,-72.18,133.63,0.0,0.0,0.0,0.0,180.0,0.0,0.0,0.0,0.0,0.0,0.0,0.0,1.8,-1.8,18.97,0.0,night_discharging
Bushehr,Bushehr,28.9234,50.8203,Autumn,6 Nov,2,-60.92,110.22,0.0,0.0,0.0,0.0,180.0,0.0,0.0,0.0,0.0,0.0,0.0,0.0,1.8,-1.8,17.08,0.0,night_discharging
Bushehr,Bushehr,28.9234,50.8203,Autumn,6 Nov,3,-48.2,98.37,0.0,0.0,0.0,0.0,180.0,0.0,0.0,0.0,0.0,0.0,0.0,0.0,1.8,-1.8,15.19,0.0,night_discharging
Bushehr,Bushehr,28.9234,50.8203,Autumn,6 Nov,4,-35.11,90.2,0.0,0.0,0.0,0.0,180.0,0.0,0.0,0.0,0.0,0.0,0.0,0.0,1.8,-1.8,13.3,0.0,night_discharging
Bushehr,Bushehr,28.9234,50.8203,Autumn,6 Nov,5,-22.01,83.32,0.0,0.0,0.0,0.0,180.0,0.0,0.0,0.0,0.0,0.0,0.0,0.0,1.44,-1.44,11.78,0.0,night_discharging
Bushehr,Bushehr,28.9234,50.8203,Autumn,6 Nov,6,-9.09,76.67,0.0,0.0,0.0,0.0,180.0,0.0,0.0,0.0,0.0,0.0,0.0,0.0,1.44,-1.44,10.26,0.0,night_discharging
Bushehr,Bushehr,28.9234,50.8203,Autumn,6 Nov,7,3.47,69.57,105.4,25.8,32.1,85.0,69.57,110.43,85.0,0.0,119.1,24.3,32.1,0.57,1.25,-0.68,9.54,0.0,day_discharging
Bushehr,Bushehr,28.9234,50.8203,Autumn,6 Nov,8,15.42,61.38,518.8,41.5,179.5,74.58,61.38,118.62,74.58,0.0,545.1,48.4,179.5,2.59,1.25,1.34,10.81,0.0,day_charging
Bushehr,Bushehr,28.9234,50.8203,Autumn,6 Nov,9,26.35,51.3,656.4,60.0,351.4,63.65,51.3,128.7,63.65,0.0,699.7,141.1,351.4,3.33,1.25,2.08,12.79,0.0,day_charging
Bushehr,Bushehr,28.9234,50.8203,Autumn,6 Nov,10,35.64,38.4,714.7,75.0,491.4,54.36,38.4,141.6,54.36,0.0,774.0,224.6,491.4,3.68,1.25,2.43,15.1,0.0,day_charging
Bushehr,Bushehr,28.9234,50.8203,Autumn,6 Nov,11,42.27,21.89,741.2,84.8,583.4,47.73,21.89,158.11,47.73,0.0,812.2,281.2,583.4,3.86,1.25,2.61,17.58,0.0,day_charging
Bushehr,Bushehr,28.9234,50.8203,Autumn,6 Nov,12,45.05,2.29,750.0,88.7,619.4,44.95,2.29,177.71,44.95,0.0,825.7,303.6,619.4,3.92,1.25,2.67,20.12,0.0,day_charging
Bushehr,Bushehr,28.9234,50.8203,Autumn,6 Nov,13,43.27,342.29,744.5,86.2,596.5,46.73,342.29,-162.29,46.73,0.0,817.2,289.3,596.5,3.88,1.25,2.63,22.62,0.0,day_charging
Bushehr,Bushehr,28.9234,50.8203,Autumn,6 Nov,14,37.4,324.97,722.6,77.7,516.6,52.6,324.97,-144.97,52.6,0.0,785.0,239.9,516.6,3.73,1.25,2.48,24.98,0.0,day_charging
Bushehr,Bushehr,28.9234,50.8203,Autumn,6 Nov,15,28.61,311.31,673.7,63.7,386.3,61.39,311.31,-131.31,61.39,0.0,720.8,161.5,386.3,3.43,1.25,2.18,27.05,0.0,day_charging
Bushehr,Bushehr,28.9234,50.8203,Autumn,6 Nov,16,17.97,300.68,562.3,45.8,219.3,72.03,300.68,-120.68,72.03,0.0,592.2,68.2,219.3,2.81,1.25,1.56,28.53,0.0,day_charging
Bushehr,Bushehr,28.9234,50.8203,Autumn,6 Nov,17,6.21,292.14,238.1,28.1,53.8,83.79,292.14,-112.14,83.79,0.0,253.7,26.4,53.8,1.21,1.25,-0.04,28.49,0.0,day_discharging
Bushehr,Bushehr,28.9234,50.8203,Autumn,6 Nov,18,-6.24,284.86,0.0,0.0,0.0,0.0,180.0,0.0,0.0,0.0,0.0,0.0,0.0,0.0,1.44,-1.44,26.97,0.0,night_discharging
Bushehr,Bushehr,28.9234,50.8203,Autumn,6 Nov,19,-19.1,278.16,0.0,0.0,0.0,0.0,180.0,0.0,0.0,0.0,0.0,0.0,0.0,0.0,1.44,-1.44,25.45,0.0,night_discharging
Bushehr,Bushehr,28.9234,50.8203,Autumn,6 Nov,20,-32.17,271.4,0.0,0.0,0.0,0.0,180.0,0.0,0.0,0.0,0.0,0.0,0.0,0.0,1.8,-1.8,23.56,0.0,night_discharging
Bushehr,Bushehr,28.9234,50.8203,Autumn,6 Nov,21,-45.28,263.66,0.0,0.0,0.0,0.0,180.0,0.0,0.0,0.0,0.0,0.0,0.0,0.0,1.8,-1.8,21.67,0.0,night_discharging
Bushehr,Bushehr,28.9234,50.8203,Autumn,6 Nov,22,-58.14,253.0,0.0,0.0,0.0,0.0,180.0,0.0,0.0,0.0,0.0,0.0,0.0,0.0,1.8,-1.8,19.78,0.0,night_discharging
Bushehr,Bushehr,28.9234,50.8203,Autumn,6 Nov,23,-69.93,233.51,0.0,0.0,0.0,0.0,180.0,0.0,0.0,0.0,0.0,0.0,0.0,0.0,1.8,-1.8,17.89,0.0,night_discharging
Bushehr,Bushehr,28.9234,50.8203,Winter,4 Feb,0,-77.18,172.71,0.0,0.0,0.0,0.0,180.0,0.0,0.0,0.0,0.0,0.0,0.0,0.0,1.8,-1.8,20.86,0.0,night_discharging
Bushehr,Bushehr,28.9234,50.8203,Winter,4 Feb,1,-72.33,133.2,0.0,0.0,0.0,0.0,180.0,0.0,0.0,0.0,0.0,0.0,0.0,0.0,1.8,-1.8,18.97,0.0,night_discharging
Bushehr,Bushehr,28.9234,50.8203,Winter,4 Feb,2,-61.03,109.87,0.0,0.0,0.0,0.0,180.0,0.0,0.0,0.0,0.0,0.0,0.0,0.0,1.8,-1.8,17.08,0.0,night_discharging
Bushehr,Bushehr,28.9234,50.8203,Winter,4 Feb,3,-48.28,98.09,0.0,0.0,0.0,0.0,180.0,0.0,0.0,0.0,0.0,0.0,0.0,0.0,1.8,-1.8,15.19,0.0,night_discharging
Bushehr,Bushehr,28.9234,50.8203,Winter,4 Feb,4,-35.19,89.98,0.0,0.0,0.0,0.0,180.0,0.0,0.0,0.0,0.0,0.0,0.0,0.0,1.8,-1.8,13.3,0.0,night_discharging
Bushehr,Bushehr,28.9234,50.8203,Winter,4 Feb,5,-22.1,83.13,0.0,0.0,0.0,0.0,180.0,0.0,0.0,0.0,0.0,0.0,0.0,0.0,1.44,-1.44,11.78,0.0,night_discharging
Bushehr,Bushehr,28.9234,50.8203,Winter,4 Feb,6,-9.18,76.49,0.0,0.0,0.0,0.0,180.0,0.0,0.0,0.0,0.0,0.0,0.0,0.0,1.44,-1.44,10.26,0.0,night_discharging
Bushehr,Bushehr,28.9234,50.8203,Winter,4 Feb,7,3.37,69.4,100.4,25.7,31.6,85.0,69.4,110.6,85.0,0.0,114.0,24.2,31.6,0.54,1.25,-0.71,9.51,0.0,day_discharging
Bushehr,Bushehr,28.9234,50.8203,Winter,4 Feb,8,15.3,61.21,516.5,41.4,177.6,74.7,61.21,118.79,74.7,0.0,542.6,46.6,177.6,2.58,1.25,1.33,10.77,0.0,day_charging
Bushehr,Bushehr,28.9234,50.8203,Winter,4 Feb,9,26.21,51.14,655.3,59.7,349.2,63.79,51.14,128.86,63.79,0.0,698.3,138.7,349.2,3.32,1.25,2.07,12.74,0.0,day_charging
Bushehr,Bushehr,28.9234,50.8203,Winter,4 Feb,10,35.47,38.26,713.9,74.7,489.0,54.53,38.26,141.74,54.53,0.0,772.9,221.8,489.0,3.67,1.25,2.42,15.04,0.0,day_charging
Bushehr,Bushehr,28.9234,50.8203,Winter,4 Feb,11,42.08,21.8,740.6,84.6,580.9,47.92,21.8,158.2,47.92,0.0,811.2,278.3,580.9,3.85,1.25,2.6,17.51,0.0,day_charging
Bushehr,Bushehr,28.9234,50.8203,Winter,4 Feb,12,44.85,2.28,749.4,88.4,616.9,45.15,2.28,177.72,45.15,0.0,824.8,300.6,616.9,3.92,1.25,2.67,20.05,0.0,day_charging
Bushehr,Bushehr,28.9234,50.8203,Winter,4 Feb,13,43.08,342.37,743.9,86.0,594.0,46.92,342.37,-162.37,46.92,0.0,816.2,286.4,594.0,3.88,1.25,2.63,22.55,0.0,day_charging
Bushehr,Bushehr,28.9234,50.8203,Winter,4 Feb,14,37.23,325.1,721.9,77.4,514.1,52.77,325.1,-145.1,52.77,0.0,784.0,237.2,514.1,3.73,1.25,2.48,24.91,0.0,day_charging
Bushehr,Bushehr,28.9234,50.8203,Winter,4 Feb,15,28.46,311.46,672.6,63.5,384.0,61.54,311.46,-131.46,61.54,0.0,719.5,159.0,384.0,3.42,1.25,2.17,26.97,0.0,day_charging
Bushehr,Bushehr,28.9234,50.8203,Winter,4 Feb,16,17.85,300.85,560.3,45.6,217.3,72.15,300.85,-120.85,72.15,0.0,590.1,66.2,217.3,2.8,1.25,1.55,28.44,0.0,day_charging
Bushehr,Bushehr,28.9234,50.8203,Winter,4 Feb,17,6.1,292.31,233.2,28.0,52.8,83.9,292.31,-112.31,83.9,0.0,248.7,26.3,52.8,1.18,1.25,-0.07,28.37,0.0,day_discharging
Bushehr,Bushehr,28.9234,50.8203,Winter,4 Feb,18,-6.33,285.03,0.0,0.0,0.0,0.0,180.0,0.0,0.0,0.0,0.0,0.0,0.0,0.0,1.44,-1.44,26.85,0.0,night_discharging
Bushehr,Bushehr,28.9234,50.8203,Winter,4 Feb,19,-19.18,278.35,0.0,0.0,0.0,0.0,180.0,0.0,0.0,0.0,0.0,0.0,0.0,0.0,1.44,-1.44,25.33,0.0,night_discharging
Bushehr,Bushehr,28.9234,50.8203,Winter,4 Feb,20,-32.25,271.62,0.0,0.0,0.0,0.0,180.0,0.0,0.0,0.0,0.0,0.0,0.0,0.0,1.8,-1.8,23.44,0.0,night_discharging
Bushehr,Bushehr,28.9234,50.8203,Winter,4 Feb,21,-45.36,263.92,0.0,0.0,0.0,0.0,180.0,0.0,0.0,0.0,0.0,0.0,0.0,0.0,1.8,-1.8,21.55,0.0,night_discharging
Bushehr,Bushehr,28.9234,50.8203,Winter,4 Feb,22,-58.23,253.33,0.0,0.0,0.0,0.0,180.0,0.0,0.0,0.0,0.0,0.0,0.0,0.0,1.8,-1.8,19.66,0.0,night_discharging
Bushehr,Bushehr,28.9234,50.8203,Winter,4 Feb,23,-70.06,233.94,0.0,0.0,0.0,0.0,180.0,0.0,0.0,0.0,0.0,0.0,0.0,0.0,1.8,-1.8,17.77,0.0,night_discharging
Golestan,Gorgan,36.8427,54.4439,Spring,5 May,0,-36.83,177.67,0.0,0.0,0.0,0.0,180.0,0.0,0.0,0.0,0.0,0.0,0.0,0.0,1.98,-1.98,18.07,0.0,night_discharging
Golestan,Gorgan,36.8427,54.4439,Spring,5 May,1,-34.51,160.16,0.0,0.0,0.0,0.0,180.0,0.0,0.0,0.0,0.0,0.0,0.0,0.0,1.98,-1.98,15.99,0.0,night_discharging
Golestan,Gorgan,36.8427,54.4439,Spring,5 May,2,-28.91,144.54,0.0,0.0,0.0,0.0,180.0,0.0,0.0,0.0,0.0,0.0,0.0,0.0,1.98,-1.98,13.91,0.0,night_discharging
Golestan,Gorgan,36.8427,54.4439,Spring,5 May,3,-20.86,131.36,0.0,0.0,0.0,0.0,180.0,0.0,0.0,0.0,0.0,0.0,0.0,0.0,1.98,-1.98,11.83,0.0,night_discharging
Golestan,Gorgan,36.8427,54.4439,Spring,5 May,4,-11.13,120.32,0.0,0.0,0.0,0.0,180.0,0.0,0.0,0.0,0.0,0.0,0.0,0.0,1.98,-1.98,9.75,0.0,night_discharging
Golestan,Gorgan,36.8427,54.4439,Spring,5 May,5,-0.3,110.77,0.0,0.0,0.0,0.0,180.0,0.0,0.0,0.0,0.0,0.0,0.0,0.0,1.58,-1.58,8.09,0.0,night_discharging
Golestan,Gorgan,36.8427,54.4439,Spring,5 May,6,11.21,102.07,420.9,34.8,116.6,78.79,102.07,77.93,78.79,0.0,441.7,148.2,116.6,1.94,1.58,0.36,8.43,0.0,day_charging
Golestan,Gorgan,36.8427,54.4439,Spring,5 May,7,23.09,93.55,626.4,54.5,300.1,66.91,93.55,86.45,66.91,0.0,664.3,271.2,300.1,2.92,1.16,1.76,10.1,0.0,day_charging
Golestan,Gorgan,36.8427,54.4439,Spring,5 May,8,35.08,84.4,712.0,74.1,483.3,54.92,84.4,95.6,54.92,0.0,770.3,369.9,483.3,3.39,1.16,2.23,12.22,0.0,day_charging
Golestan,Gorgan,36.8427,54.4439,Spring,5 May,9,46.85,73.35,755.1,91.1,642.0,43.15,73.35,106.65,43.15,0.0,833.8,449.2,642.0,3.67,1.16,2.51,14.6,0.0,day_charging
Golestan,Gorgan,36.8427,54.4439,Spring,5 May,10,57.8,57.89,778.1,104.0,762.4,32.2,57.89,122.11,32.2,0.0,874.2,507.5,762.4,3.85,1.16,2.69,17.16,0.0,day_charging
Golestan,Gorgan,36.8427,54.4439,Spring,5 May,11,66.43,32.83,789.5,111.8,835.5,23.57,32.83,147.17,23.57,0.0,896.7,542.3,835.5,3.95,1.16,2.79,19.81,0.0,day_charging
Golestan,Gorgan,36.8427,54.4439,Spring,5 May,12,69.39,354.69,792.4,114.0,855.6,20.61,354.69,-174.69,20.61,0.0,902.7,551.9,855.6,3.97,1.16,2.81,22.48,0.0,day_charging
Golestan,Gorgan,36.8427,54.4439,Spring,5 May,13,64.56,319.36,787.4,110.3,821.5,25.44,319.36,-139.36,25.44,0.0,892.4,535.7,821.5,3.93,1.16,2.77,25.11,0.0,day_charging
Golestan,Gorgan,36.8427,54.4439,Spring,5 May,14,55.09,297.45,773.5,101.1,735.5,34.91,297.45,-117.45,34.91,0.0,865.5,494.6,735.5,3.81,1.16,2.65,27.63,0.0,day_charging
Golestan,Gorgan,36.8427,54.4439,Spring,5 May,15,43.84,283.49,746.3,87.0,604.0,46.16,283.49,-103.49,46.16,0.0,820.0,430.6,604.0,3.61,1.16,2.45,29.96,0.0,day_charging
Golestan,Gorgan,36.8427,54.4439,Spring,5 May,16,31.98,273.11,695.4,69.2,437.5,58.02,273.11,-93.11,58.02,0.0,748.3,346.2,437.5,3.29,1.16,1.04,30.95,0.0,day_charging
Golestan,Gorgan,36.8427,54.4439,Spring,5 May,17,19.99,264.22,590.6,49.2,251.1,70.01,264.22,-84.22,70.01,0.0,623.6,242.2,251.1,2.74,1.16,0.05,31.0,0.0,day_charging
Golestan,Gorgan,36.8427,54.4439,Spring,5 May,18,8.18,255.72,320.7,30.5,76.1,81.82,255.72,-75.72,81.82,0.0,338.1,110.0,76.1,1.49,1.58,-0.09,30.91,0.0,day_discharging
Golestan,Gorgan,36.8427,54.4439,Spring,5 May,19,-3.19,246.86,0.0,0.0,0.0,0.0,180.0,0.0,0.0,0.0,0.0,0.0,0.0,0.0,1.58,-1.58,29.25,0.0,night_discharging
Golestan,Gorgan,36.8427,54.4439,Spring,5 May,20,-13.77,236.99,0.0,0.0,0.0,0.0,180.0,0.0,0.0,0.0,0.0,0.0,0.0,0.0,1.98,-1.98,27.17,0.0,night_discharging
Golestan,Gorgan,36.8427,54.4439,Spring,5 May,21,-23.14,225.45,0.0,0.0,0.0,0.0,180.0,0.0,0.0,0.0,0.0,0.0,0.0,0.0,1.98,-1.98,25.09,0.0,night_discharging
Golestan,Gorgan,36.8427,54.4439,Spring,5 May,22,-30.63,211.64,0.0,0.0,0.0,0.0,180.0,0.0,0.0,0.0,0.0,0.0,0.0,0.0,1.98,-1.98,23.01,0.0,night_discharging
Golestan,Gorgan,36.8427,54.4439,Spring,5 May,23,-35.45,195.44,0.0,0.0,0.0,0.0,180.0,0.0,0.0,0.0,0.0,0.0,0.0,0.0,1.98,-1.98,20.93,0.0,night_discharging
Golestan,Gorgan,36.8427,54.4439,Summer,6 Aug,0,-36.53,177.68,0.0,0.0,0.0,0.0,180.0,0.0,0.0,0.0,0.0,0.0,0.0,0.0,1.98,-1.98,18.07,0.0,night_discharging
Golestan,Gorgan,36.8427,54.4439,Summer,6 Aug,1,-34.22,160.26,0.0,0.0,0.0,0.0,180.0,0.0,0.0,0.0,0.0,0.0,0.0,0.0,1.98,-1.98,15.99,0.0,night_discharging
Golestan,Gorgan,36.8427,54.4439,Summer,6 Aug,2,-28.65,144.7,0.0,0.0,0.0,0.0,180.0,0.0,0.0,0.0,0.0,0.0,0.0,0.0,1.98,-1.98,13.91,0.0,night_discharging
Golestan,Gorgan,36.8427,54.4439,Summer,6 Aug,3,-20.63,131.57,0.0,0.0,0.0,0.0,180.0,0.0,0.0,0.0,0.0,0.0,0.0,0.0,1.98,-1.98,11.83,0.0,night_discharging
Golestan,Gorgan,36.8427,54.4439,Summer,6 Aug,4,-10.92,120.54,0.0,0.0,0.0,0.0,180.0,0.0,0.0,0.0,0.0,0.0,0.0,0.0,1.98,-1.98,9.75,0.0,night_discharging
Golestan,Gorgan,36.8427,54.4439,Summer,6 Aug,5,-0.11,111.0,0.0,0.0,0.0,0.0,180.0,0.0,0.0,0.0,0.0,0.0,0.0,0.0,1.58,-1.58,8.09,0.0,night_discharging
Golestan,Gorgan,36.8427,54.4439,Summer,6 Aug,6,11.38,102.32,425.7,35.1,119.1,78.62,102.32,77.68,78.62,0.0,446.7,151.8,119.1,1.97,1.58,0.39,8.46,0.0,day_charging
Golestan,Gorgan,36.8427,54.4439,Summer,6 Aug,7,23.25,93.82,628.1,54.8,302.7,66.75,93.82,86.18,66.75,0.0,666.3,275.0,302.7,2.93,1.16,1.77,10.14,0.0,day_charging
Golestan,Gorgan,36.8427,54.4439,Summer,6 Aug,8,35.25,84.7,712.8,74.4,485.7,54.75,84.7,95.3,54.75,0.0,771.4,373.8,485.7,3.39,1.16,2.23,12.26,0.0,day_charging
Golestan,Gorgan,36.8427,54.4439,Summer,6 Aug,9,47.03,73.71,755.5,91.3,644.2,42.97,73.71,106.29,42.97,0.0,834.6,453.0,644.2,3.67,1.16,2.51,14.64,0.0,day_charging
Golestan,Gorgan,36.8427,54.4439,Summer,6 Aug,10,58.01,58.29,778.5,104.2,764.5,31.99,58.29,121.71,31.99,0.0,874.8,511.3,764.5,3.85,1.16,2.69,17.2,0.0,day_charging
Golestan,Gorgan,36.8427,54.4439,Summer,6 Aug,11,66.69,33.18,789.8,112.0,837.4,23.31,33.18,146.82,23.31,0.0,897.2,546.1,837.4,3.95,1.16,2.79,19.85,0.0,day_charging
Golestan,Gorgan,36.8427,54.4439,Summer,6 Aug,12,69.68,354.63,792.6,114.2,857.5,20.32,354.63,-174.63,20.32,0.0,903.3,555.6,857.5,3.97,1.16,2.81,22.52,0.0,day_charging
Golestan,Gorgan,36.8427,54.4439,Summer,6 Aug,13,64.82,318.98,787.7,110.5,823.4,25.18,318.98,-138.98,25.18,0.0,893.0,539.4,823.4,3.93,1.16,2.77,25.15,0.0,day_charging
Golestan,Gorgan,36.8427,54.4439,Summer,6 Aug,14,55.3,297.06,773.9,101.3,737.5,34.7,297.06,-117.06,34.7,0.0,866.2,498.4,737.5,3.81,1.16,2.65,27.67,0.0,day_charging
Golestan,Gorgan,36.8427,54.4439,Summer,6 Aug,15,44.02,283.16,746.9,87.3,606.3,45.98,283.16,-103.16,45.98,0.0,820.8,434.4,606.3,3.61,1.16,2.45,30.0,0.0,day_charging
Golestan,Gorgan,36.8427,54.4439,Summer,6 Aug,16,32.14,272.82,696.4,69.5,439.9,57.86,272.82,-92.82,57.86,0.0,749.6,350.0,439.9,3.3,1.16,1.0,30.95,0.0,day_charging
Golestan,Gorgan,36.8427,54.4439,Summer,6 Aug,17,20.15,263.96,592.7,49.5,253.7,69.85,263.96,-83.96,69.85,0.0,626.0,245.9,253.7,2.75,1.16,0.05,31.0,0.0,day_charging
Golestan,Gorgan,36.8427,54.4439,Summer,6 Aug,18,8.35,255.48,327.4,30.7,78.3,81.65,255.48,-75.48,81.65,0.0,345.0,113.5,78.3,1.52,1.58,-0.06,30.94,0.0,day_discharging
Golestan,Gorgan,36.8427,54.4439,Summer,6 Aug,19,-2.99,246.63,0.0,0.0,0.0,0.0,180.0,0.0,0.0,0.0,0.0,0.0,0.0,0.0,1.58,-1.58,29.28,0.0,night_discharging
Golestan,Gorgan,36.8427,54.4439,Summer,6 Aug,20,-13.56,236.77,0.0,0.0,0.0,0.0,180.0,0.0,0.0,0.0,0.0,0.0,0.0,0.0,1.98,-1.98,27.2,0.0,night_discharging
Golestan,Gorgan,36.8427,54.4439,Summer,6 Aug,21,-22.9,225.25,0.0,0.0,0.0,0.0,180.0,0.0,0.0,0.0,0.0,0.0,0.0,0.0,1.98,-1.98,25.12,0.0,night_discharging
Golestan,Gorgan,36.8427,54.4439,Summer,6 Aug,22,-30.36,211.49,0.0,0.0,0.0,0.0,180.0,0.0,0.0,0.0,0.0,0.0,0.0,0.0,1.98,-1.98,23.04,0.0,night_discharging
Golestan,Gorgan,36.8427,54.4439,Summer,6 Aug,23,-35.16,195.35,0.0,0.0,0.0,0.0,180.0,0.0,0.0,0.0,0.0,0.0,0.0,0.0,1.98,-1.98,20.96,0.0,night_discharging
Golestan,Gorgan,36.8427,54.4439,Autumn,6 Nov,0,-69.09,174.76,0.0,0.0,0.0,0.0,180.0,0.0,0.0,0.0,0.0,0.0,0.0,0.0,1.98,-1.98,18.07,0.0,night_discharging
Golestan,Gorgan,36.8427,54.4439,Autumn,6 Nov,1,-64.31,139.74,0.0,0.0,0.0,0.0,180.0,0.0,0.0,0.0,0.0,0.0,0.0,0.0,1.98,-1.98,15.99,0.0,night_discharging
Golestan,Gorgan,36.8427,54.4439,Autumn,6 Nov,2,-54.89,117.83,0.0,0.0,0.0,0.0,180.0,0.0,0.0,0.0,0.0,0.0,0.0,0.0,1.98,-1.98,13.91,0.0,night_discharging
Golestan,Gorgan,36.8427,54.4439,Autumn,6 Nov,3,-43.67,103.83,0.0,0.0,0.0,0.0,180.0,0.0,0.0,0.0,0.0,0.0,0.0,0.0,1.98,-1.98,11.83,0.0,night_discharging
Golestan,Gorgan,36.8427,54.4439,Autumn,6 Nov,4,-31.81,93.41,0.0,0.0,0.0,0.0,180.0,0.0,0.0,0.0,0.0,0.0,0.0,0.0,1.98,-1.98,9.75,0.0,night_discharging
Golestan,Gorgan,36.8427,54.4439,Autumn,6 Nov,5,-19.82,84.49,0.0,0.0,0.0,0.0,180.0,0.0,0.0,0.0,0.0,0.0,0.0,0.0,1.58,-1.58,8.09,0.0,night_discharging
Golestan,Gorgan,36.8427,54.4439,Autumn,6 Nov,6,-8.0,75.97,0.0,0.0,0.0,0.0,180.0,0.0,0.0,0.0,0.0,0.0,0.0,0.0,1.58,-0.92,7.17,0.66,night_idle
Golestan,Gorgan,36.8427,54.4439,Autumn,6 Nov,7,3.38,67.09,101.0,25.7,31.7,85.0,67.09,112.91,85.0,0.0,114.6,23.4,31.7,0.5,1.16,-0.0,7.17,0.66,day_discharging
Golestan,Gorgan,36.8427,54.4439,Autumn,6 Nov,8,13.99,57.21,489.8,39.2,157.6,76.01,57.21,122.79,76.01,0.0,514.2,35.7,157.6,2.26,1.16,1.1,8.21,0.0,day_charging
Golestan,Gorgan,36.8427,54.4439,Autumn,6 Nov,9,23.38,45.64,629.4,55.0,304.7,66.62,45.64,134.36,66.62,0.0,667.7,50.0,304.7,2.94,1.16,1.78,9.9,0.0,day_charging
Golestan,Gorgan,36.8427,54.4439,Autumn,6 Nov,10,30.9,31.8,689.0,67.5,421.3,59.1,31.8,148.2,59.1,0.0,740.0,63.0,421.3,3.26,1.16,2.1,11.89,0.0,day_charging
Golestan,Gorgan,36.8427,54.4439,Autumn,6 Nov,11,35.74,15.52,715.1,75.1,492.9,54.26,15.52,164.48,54.26,0.0,774.7,89.7,492.9,3.41,1.16,2.25,14.03,0.0,day_charging
Golestan,Gorgan,36.8427,54.4439,Autumn,6 Nov,12,37.13,357.66,721.4,77.3,512.7,52.87,357.66,-177.66,52.87,0.0,783.4,97.3,512.7,3.45,1.16,2.29,16.21,0.0,day_charging
Golestan,Gorgan,36.8427,54.4439,Autumn,6 Nov,13,34.79,340.05,710.6,73.7,479.1,55.21,340.05,-160.05,55.21,0.0,768.4,84.5,479.1,3.38,1.16,2.22,18.32,0.0,day_charging
Golestan,Gorgan,36.8427,54.4439,Autumn,6 Nov,14,29.18,324.37,677.7,64.6,395.0,60.82,324.37,-144.37,60.82,0.0,725.8,58.8,395.0,3.19,1.16,2.03,20.25,0.0,day_charging
Golestan,Gorgan,36.8427,54.4439,Autumn,6 Nov,15,21.1,311.16,604.3,51.1,268.6,68.9,311.16,-131.16,68.9,0.0,639.1,46.5,268.6,2.81,1.16,1.65,21.82,0.0,day_charging
Golestan,Gorgan,36.8427,54.4439,Autumn,6 Nov,16,11.33,300.1,424.5,35.0,118.4,78.67,300.1,-120.1,78.67,0.0,445.4,31.8,118.4,1.96,1.16,0.8,22.58,0.0,day_charging
Golestan,Gorgan,36.8427,54.4439,Autumn,6 Nov,17,0.49,290.54,6.1,25.0,25.1,85.0,290.54,-110.54,85.0,0.0,18.7,22.7,25.1,0.08,1.16,-1.08,21.44,0.0,day_discharging
Golestan,Gorgan,36.8427,54.4439,Autumn,6 Nov,18,-11.03,281.82,0.0,0.0,0.0,0.0,180.0,0.0,0.0,0.0,0.0,0.0,0.0,0.0,1.58,-1.58,19.78,0.0,night_discharging
Golestan,Gorgan,36.8427,54.4439,Autumn,6 Nov,19,-22.92,273.27,0.0,0.0,0.0,0.0,180.0,0.0,0.0,0.0,0.0,0.0,0.0,0.0,1.58,-1.58,18.12,0.0,night_discharging
Golestan,Gorgan,36.8427,54.4439,Autumn,6 Nov,20,-34.91,264.09,0.0,0.0,0.0,0.0,180.0,0.0,0.0,0.0,0.0,0.0,0.0,0.0,1.98,-1.98,16.04,0.0,night_discharging
Golestan,Gorgan,36.8427,54.4439,Autumn,6 Nov,21,-46.67,253.01,0.0,0.0,0.0,0.0,180.0,0.0,0.0,0.0,0.0,0.0,0.0,0.0,1.98,-1.98,13.96,0.0,night_discharging
Golestan,Gorgan,36.8427,54.4439,Autumn,6 Nov,22,-57.58,237.5,0.0,0.0,0.0,0.0,180.0,0.0,0.0,0.0,0.0,0.0,0.0,0.0,1.98,-1.98,11.88,0.0,night_discharging
Golestan,Gorgan,36.8427,54.4439,Autumn,6 Nov,23,-66.16,212.5,0.0,0.0,0.0,0.0,180.0,0.0,0.0,0.0,0.0,0.0,0.0,0.0,1.98,-1.98,9.8,0.0,night_discharging
Golestan,Gorgan,36.8427,54.4439,Winter,4 Feb,0,-69.29,174.72,0.0,0.0,0.0,0.0,180.0,0.0,0.0,0.0,0.0,0.0,0.0,0.0,1.98,-1.98,18.07,0.0,night_discharging
Golestan,Gorgan,36.8427,54.4439,Winter,4 Feb,1,-64.48,139.49,0.0,0.0,0.0,0.0,180.0,0.0,0.0,0.0,0.0,0.0,0.0,0.0,1.98,-1.98,15.99,0.0,night_discharging
Golestan,Gorgan,36.8427,54.4439,Winter,4 Feb,2,-55.03,117.58,0.0,0.0,0.0,0.0,180.0,0.0,0.0,0.0,0.0,0.0,0.0,0.0,1.98,-1.98,13.91,0.0,night_discharging
Golestan,Gorgan,36.8427,54.4439,Winter,4 Feb,3,-43.79,103.61,0.0,0.0,0.0,0.0,180.0,0.0,0.0,0.0,0.0,0.0,0.0,0.0,1.98,-1.98,11.83,0.0,night_discharging
Golestan,Gorgan,36.8427,54.4439,Winter,4 Feb,4,-31.92,93.21,0.0,0.0,0.0,0.0,180.0,0.0,0.0,0.0,0.0,0.0,0.0,0.0,1.98,-1.98,9.75,0.0,night_discharging
Golestan,Gorgan,36.8427,54.4439,Winter,4 Feb,5,-19.93,84.31,0.0,0.0,0.0,0.0,180.0,0.0,0.0,0.0,0.0,0.0,0.0,0.0,1.58,-1.58,8.09,0.0,night_discharging
Golestan,Gorgan,36.8427,54.4439,Winter,4 Feb,6,-8.12,75.8,0.0,0.0,0.0,0.0,180.0,0.0,0.0,0.0,0.0,0.0,0.0,0.0,1.58,-0.92,7.17,0.66,night_idle
Golestan,Gorgan,36.8427,54.4439,Winter,4 Feb,7,3.25,66.94,94.9,25.6,31.0,85.0,66.94,113.06,85.0,0.0,108.4,23.3,31.0,0.48,1.16,-0.0,7.17,0.68,day_discharging
Golestan,Gorgan,36.8427,54.4439,Winter,4 Feb,8,13.85,57.06,486.7,39.0,155.5,76.15,57.06,122.94,76.15,0.0,510.9,35.5,155.5,2.25,1.16,1.09,8.21,0.0,day_charging
Golestan,Gorgan,36.8427,54.4439,Winter,4 Feb,9,23.22,45.51,627.7,54.7,302.2,66.78,45.51,134.49,66.78,0.0,665.9,49.8,302.2,2.93,1.16,1.77,9.89,0.0,day_charging
Golestan,Gorgan,36.8427,54.4439,Winter,4 Feb,10,30.72,31.7,687.8,67.2,418.6,59.28,31.7,148.3,59.28,0.0,738.6,61.1,418.6,3.25,1.16,2.09,11.88,0.0,day_charging
Golestan,Gorgan,36.8427,54.4439,Winter,4 Feb,11,35.55,15.46,714.2,74.8,490.0,54.45,15.46,164.54,54.45,0.0,773.4,86.9,490.0,3.4,1.16,2.24,14.01,0.0,day_charging
Golestan,Gorgan,36.8427,54.4439,Winter,4 Feb,12,36.93,357.66,720.6,76.9,509.8,53.07,357.66,-177.66,53.07,0.0,782.2,94.5,509.8,3.44,1.16,2.28,16.18,0.0,day_charging
Golestan,Gorgan,36.8427,54.4439,Winter,4 Feb,13,34.6,340.12,709.6,73.4,476.3,55.4,340.12,-160.12,55.4,0.0,767.1,81.7,476.3,3.38,1.16,2.22,18.29,0.0,day_charging
Golestan,Gorgan,36.8427,54.4439,Winter,4 Feb,14,29.0,324.48,676.5,64.4,392.3,61.0,324.48,-144.48,61.0,0.0,724.3,58.5,392.3,3.19,1.16,2.03,20.22,0.0,day_charging
Golestan,Gorgan,36.8427,54.4439,Winter,4 Feb,15,20.94,311.3,602.5,50.8,266.2,69.06,311.3,-131.3,69.06,0.0,637.0,46.2,266.2,2.8,1.16,1.64,21.78,0.0,day_charging
Golestan,Gorgan,36.8427,54.4439,Winter,4 Feb,16,11.2,300.24,420.6,34.8,116.5,78.8,300.24,-120.24,78.8,0.0,441.4,31.7,116.5,1.94,1.16,0.78,22.52,0.0,day_charging
Golestan,Gorgan,36.8427,54.4439,Winter,4 Feb,17,0.36,290.69,4.8,25.0,25.0,85.0,290.69,-110.69,85.0,0.0,17.4,22.7,25.0,0.08,1.16,-1.08,21.38,0.0,day_discharging
Golestan,Gorgan,36.8427,54.4439,Winter,4 Feb,18,-11.15,281.99,0.0,0.0,0.0,0.0,180.0,0.0,0.0,0.0,0.0,0.0,0.0,0.0,1.58,-1.58,19.72,0.0,night_discharging
Golestan,Gorgan,36.8427,54.4439,Winter,4 Feb,19,-23.03,273.46,0.0,0.0,0.0,0.0,180.0,0.0,0.0,0.0,0.0,0.0,0.0,0.0,1.58,-1.58,18.06,0.0,night_discharging
Golestan,Gorgan,36.8427,54.4439,Winter,4 Feb,20,-35.02,264.3,0.0,0.0,0.0,0.0,180.0,0.0,0.0,0.0,0.0,0.0,0.0,0.0,1.98,-1.98,15.98,0.0,night_discharging
Golestan,Gorgan,36.8427,54.4439,Winter,4 Feb,21,-46.79,253.24,0.0,0.0,0.0,0.0,180.0,0.0,0.0,0.0,0.0,0.0,0.0,0.0,1.98,-1.98,13.9,0.0,night_discharging
Golestan,Gorgan,36.8427,54.4439,Winter,4 Feb,22,-57.72,237.76,0.0,0.0,0.0,0.0,180.0,0.0,0.0,0.0,0.0,0.0,0.0,0.0,1.98,-1.98,11.82,0.0,night_discharging
Golestan,Gorgan,36.8427,54.4439,Winter,4 Feb,23,-66.34,212.72,0.0,0.0,0.0,0.0,180.0,0.0,0.0,0.0,0.0,0.0,0.0,0.0,1.98,-1.98,9.74,0.0,night_discharging
Qazvin,Qazvin,36.2688,50.0041,Spring,5 May,0,-37.38,176.98,0.0,0.0,0.0,0.0,180.0,0.0,0.0,0.0,0.0,0.0,0.0,0.0,1.8,-1.8,18.91,0.0,night_discharging
Qazvin,Qazvin,36.2688,50.0041,Spring,5 May,1,-36.12,165.09,0.0,0.0,0.0,0.0,180.0,0.0,0.0,0.0,0.0,0.0,0.0,0.0,1.8,-1.8,17.02,0.0,night_discharging
Qazvin,Qazvin,36.2688,50.0041,Spring,5 May,2,-31.36,148.73,0.0,0.0,0.0,0.0,180.0,0.0,0.0,0.0,0.0,0.0,0.0,0.0,1.8,-1.8,15.13,0.0,night_discharging
Qazvin,Qazvin,36.2688,50.0041,Spring,5 May,3,-23.86,134.84,0.0,0.0,0.0,0.0,180.0,0.0,0.0,0.0,0.0,0.0,0.0,0.0,1.8,-1.8,13.24,0.0,night_discharging
Qazvin,Qazvin,36.2688,50.0041,Spring,5 May,4,-14.46,123.28,0.0,0.0,0.0,0.0,180.0,0.0,0.0,0.0,0.0,0.0,0.0,0.0,1.8,-1.8,11.35,0.0,night_discharging
Qazvin,Qazvin,36.2688,50.0041,Spring,5 May,5,-3.82,113.45,0.0,0.0,0.0,0.0,180.0,0.0,0.0,0.0,0.0,0.0,0.0,0.0,1.44,-1.44,9.83,0.0,night_discharging
Qazvin,Qazvin,36.2688,50.0041,Spring,5 May,6,7.6,104.67,298.1,29.7,69.2,82.4,104.67,75.33,82.4,0.0,315.0,102.3,69.2,1.39,1.44,-0.05,9.78,0.0,day_discharging
Qazvin,Qazvin,36.2688,50.0041,Spring,5 May,7,19.49,96.29,584.0,48.4,243.2,70.51,96.29,83.71,70.51,0.0,616.2,238.2,243.2,2.71,1.25,1.46,11.17,0.0,day_charging
Qazvin,Qazvin,36.2688,50.0041,Spring,5 May,8,31.56,87.58,693.0,68.5,431.2,58.44,87.58,92.42,58.44,0.0,745.2,345.2,431.2,3.28,1.25,2.03,13.1,0.0,day_charging
Qazvin,Qazvin,36.2688,50.0041,Spring,5 May,9,43.54,77.46,745.4,86.6,600.1,46.46,77.46,102.54,46.46,0.0,818.5,432.1,600.1,3.6,1.25,2.35,15.33,0.0,day_charging
Qazvin,Qazvin,36.2688,50.0041,Spring,5 May,10,54.96,63.9,773.2,101.0,734.0,35.04,63.9,116.1,35.04,0.0,865.1,498.4,734.0,3.81,1.25,2.56,17.76,0.0,day_charging
Qazvin,Qazvin,36.2688,50.0041,Spring,5 May,11,64.7,42.47,787.6,110.4,822.5,25.3,42.47,137.53,25.3,0.0,892.8,541.3,822.5,3.93,1.25,2.68,20.31,0.0,day_charging
Qazvin,Qazvin,36.2688,50.0041,Spring,5 May,12,69.91,6.99,792.8,114.3,858.9,20.09,6.99,173.01,20.09,0.0,903.7,558.9,858.9,3.98,1.25,2.73,22.9,0.0,day_charging
Qazvin,Qazvin,36.2688,50.0041,Spring,5 May,13,67.15,327.65,790.2,112.4,840.6,22.85,327.65,-147.65,22.85,0.0,898.2,550.1,840.6,3.95,1.25,2.7,25.46,0.0,day_charging
Qazvin,Qazvin,36.2688,50.0041,Spring,5 May,14,58.48,302.03,779.2,104.7,768.9,31.52,302.03,-122.03,31.52,0.0,876.2,515.4,768.9,3.86,1.25,2.61,27.94,0.0,day_charging
Qazvin,Qazvin,36.2688,50.0041,Spring,5 May,15,47.44,286.52,756.6,91.9,649.2,42.56,286.52,-106.52,42.56,0.0,836.4,456.6,649.2,3.68,1.25,2.43,30.25,0.0,day_charging
Qazvin,Qazvin,36.2688,50.0041,Spring,5 May,16,35.58,275.56,714.4,74.9,490.5,54.42,275.56,-95.56,54.42,0.0,773.6,376.3,490.5,3.4,1.25,1.75,31.91,0.0,day_charging
Qazvin,Qazvin,36.2688,50.0041,Spring,5 May,17,23.5,266.53,630.5,55.2,306.5,66.5,266.53,-86.53,66.5,0.0,669.1,276.2,306.5,2.94,1.25,0.09,32.0,0.0,day_charging
Qazvin,Qazvin,36.2688,50.0041,Spring,5 May,18,11.52,258.13,429.6,35.3,121.1,78.48,258.13,-78.13,78.48,0.0,450.8,152.1,121.1,1.98,1.44,0.0,32.0,0.0,day_idle
Qazvin,Qazvin,36.2688,50.0041,Spring,5 May,19,-0.09,249.56,0.0,0.0,0.0,0.0,180.0,0.0,0.0,0.0,0.0,0.0,0.0,0.0,1.44,-1.44,30.48,0.0,night_discharging
Qazvin,Qazvin,36.2688,50.0041,Spring,5 May,20,-11.03,240.15,0.0,0.0,0.0,0.0,180.0,0.0,0.0,0.0,0.0,0.0,0.0,0.0,1.8,-1.8,28.59,0.0,night_discharging
Qazvin,Qazvin,36.2688,50.0041,Spring,5 May,21,-20.9,229.24,0.0,0.0,0.0,0.0,180.0,0.0,0.0,0.0,0.0,0.0,0.0,0.0,1.8,-1.8,26.7,0.0,night_discharging
Qazvin,Qazvin,36.2688,50.0041,Spring,5 May,22,-29.12,216.18,0.0,0.0,0.0,0.0,180.0,0.0,0.0,0.0,0.0,0.0,0.0,0.0,1.8,-1.8,24.81,0.0,night_discharging
Qazvin,Qazvin,36.2688,50.0041,Spring,5 May,23,-34.89,200.6,0.0,0.0,0.0,0.0,180.0,0.0,0.0,0.0,0.0,0.0,0.0,0.0,1.8,-1.8,22.92,0.0,night_discharging
Qazvin,Qazvin,36.2688,50.0041,Summer,6 Aug,0,-37.08,177.0,0.0,0.0,0.0,0.0,180.0,0.0,0.0,0.0,0.0,0.0,0.0,0.0,1.8,-1.8,18.91,0.0,night_discharging
Qazvin,Qazvin,36.2688,50.0041,Summer,6 Aug,1,-35.83,165.17,0.0,0.0,0.0,0.0,180.0,0.0,0.0,0.0,0.0,0.0,0.0,0.0,1.8,-1.8,17.02,0.0,night_discharging
Qazvin,Qazvin,36.2688,50.0041,Summer,6 Aug,2,-31.09,148.88,0.0,0.0,0.0,0.0,180.0,0.0,0.0,0.0,0.0,0.0,0.0,0.0,1.8,-1.8,15.13,0.0,night_discharging
Qazvin,Qazvin,36.2688,50.0041,Summer,6 Aug,3,-23.62,135.04,0.0,0.0,0.0,0.0,180.0,0.0,0.0,0.0,0.0,0.0,0.0,0.0,1.8,-1.8,13.24,0.0,night_discharging
Qazvin,Qazvin,36.2688,50.0041,Summer,6 Aug,4,-14.25,123.5,0.0,0.0,0.0,0.0,180.0,0.0,0.0,0.0,0.0,0.0,0.0,0.0,1.8,-1.8,11.35,0.0,night_discharging
Qazvin,Qazvin,36.2688,50.0041,Summer,6 Aug,5,-3.63,113.68,0.0,0.0,0.0,0.0,180.0,0.0,0.0,0.0,0.0,0.0,0.0,0.0,1.44,-1.44,9.83,0.0,night_discharging
Qazvin,Qazvin,36.2688,50.0041,Summer,6 Aug,6,7.78,104.92,305.1,30.0,71.3,82.22,104.92,75.08,82.22,0.0,322.1,105.7,71.3,1.42,1.44,-0.02,9.81,0.0,day_discharging
Qazvin,Qazvin,36.2688,50.0041,Summer,6 Aug,7,19.65,96.56,586.2,48.7,245.8,70.35,96.56,83.44,70.35,0.0,618.7,241.9,245.8,2.72,1.25,1.47,11.21,0.0,day_charging
Qazvin,Qazvin,36.2688,50.0041,Summer,6 Aug,8,31.72,87.88,693.9,68.8,433.7,58.28,87.88,92.12,58.28,0.0,746.4,348.9,433.7,3.28,1.25,2.03,13.14,0.0,day_charging
Qazvin,Qazvin,36.2688,50.0041,Summer,6 Aug,9,43.71,77.8,745.9,86.9,602.3,46.29,77.8,102.2,46.29,0.0,819.4,435.9,602.3,3.61,1.25,2.36,15.38,0.0,day_charging
Qazvin,Qazvin,36.2688,50.0041,Summer,6 Aug,10,55.15,64.3,773.6,101.2,736.1,34.85,64.3,115.7,34.85,0.0,865.7,502.1,736.1,3.81,1.25,2.56,17.81,0.0,day_charging
Qazvin,Qazvin,36.2688,50.0041,Summer,6 Aug,11,64.95,42.87,787.9,110.7,824.4,25.05,42.87,137.13,25.05,0.0,893.3,545.1,824.4,3.93,1.25,2.68,20.36,0.0,day_charging
Qazvin,Qazvin,36.2688,50.0041,Summer,6 Aug,12,70.21,7.08,793.1,114.5,860.8,19.79,7.08,172.92,19.79,0.0,904.2,562.6,860.8,3.98,1.25,2.73,22.95,0.0,day_charging
Qazvin,Qazvin,36.2688,50.0041,Summer,6 Aug,13,67.42,327.3,790.5,112.6,842.5,22.58,327.3,-147.3,22.58,0.0,898.8,553.8,842.5,3.95,1.25,2.7,25.52,0.0,day_charging
Qazvin,Qazvin,36.2688,50.0041,Summer,6 Aug,14,58.69,301.62,779.6,104.9,770.9,31.31,301.62,-121.62,31.31,0.0,876.8,519.1,770.9,3.86,1.25,2.61,28.0,0.0,day_charging
Qazvin,Qazvin,36.2688,50.0041,Summer,6 Aug,15,47.61,286.16,757.1,92.1,651.3,42.39,286.16,-106.16,42.39,0.0,837.2,460.4,651.3,3.68,1.25,2.43,30.31,0.0,day_charging
Qazvin,Qazvin,36.2688,50.0041,Summer,6 Aug,16,35.74,275.25,715.1,75.1,492.8,54.26,275.25,-95.25,54.26,0.0,774.6,380.1,492.8,3.41,1.25,1.69,31.92,0.0,day_charging
Qazvin,Qazvin,36.2688,50.0041,Summer,6 Aug,17,23.66,266.25,632.1,55.4,309.1,66.34,266.25,-86.25,66.34,0.0,671.0,279.9,309.1,2.95,1.25,0.08,32.0,0.0,day_charging
Qazvin,Qazvin,36.2688,50.0041,Summer,6 Aug,18,11.69,257.88,434.3,35.6,123.6,78.31,257.88,-77.88,78.31,0.0,455.7,155.7,123.6,2.0,1.44,0.0,32.0,0.0,day_idle
Qazvin,Qazvin,36.2688,50.0041,Summer,6 Aug,19,0.1,249.32,2.7,25.0,25.0,85.0,249.32,-69.32,85.0,0.0,15.3,23.3,25.0,0.07,1.44,-1.37,30.56,0.0,day_discharging
Qazvin,Qazvin,36.2688,50.0041,Summer,6 Aug,20,-10.83,239.93,0.0,0.0,0.0,0.0,180.0,0.0,0.0,0.0,0.0,0.0,0.0,0.0,1.8,-1.8,28.67,0.0,night_discharging
Qazvin,Qazvin,36.2688,50.0041,Summer,6 Aug,21,-20.67,229.04,0.0,0.0,0.0,0.0,180.0,0.0,0.0,0.0,0.0,0.0,0.0,0.0,1.8,-1.8,26.78,0.0,night_discharging
Qazvin,Qazvin,36.2688,50.0041,Summer,6 Aug,22,-28.86,216.01,0.0,0.0,0.0,0.0,180.0,0.0,0.0,0.0,0.0,0.0,0.0,0.0,1.8,-1.8,24.89,0.0,night_discharging
Qazvin,Qazvin,36.2688,50.0041,Summer,6 Aug,23,-34.6,200.49,0.0,0.0,0.0,0.0,180.0,0.0,0.0,0.0,0.0,0.0,0.0,0.0,1.8,-1.8,23.0,0.0,night_discharging
Qazvin,Qazvin,36.2688,50.0041,Autumn,6 Nov,0,-69.61,173.1,0.0,0.0,0.0,0.0,180.0,0.0,0.0,0.0,0.0,0.0,0.0,0.0,1.8,-1.8,18.91,0.0,night_discharging
Qazvin,Qazvin,36.2688,50.0041,Autumn,6 Nov,1,-66.88,147.99,0.0,0.0,0.0,0.0,180.0,0.0,0.0,0.0,0.0,0.0,0.0,0.0,1.8,-1.8,17.02,0.0,night_discharging
Qazvin,Qazvin,36.2688,50.0041,Autumn,6 Nov,2,-58.26,122.44,0.0,0.0,0.0,0.0,180.0,0.0,0.0,0.0,0.0,0.0,0.0,0.0,1.8,-1.8,15.13,0.0,night_discharging
Qazvin,Qazvin,36.2688,50.0041,Autumn,6 Nov,3,-47.26,106.87,0.0,0.0,0.0,0.0,180.0,0.0,0.0,0.0,0.0,0.0,0.0,0.0,1.8,-1.8,13.24,0.0,night_discharging
Qazvin,Qazvin,36.2688,50.0041,Autumn,6 Nov,4,-35.41,95.86,0.0,0.0,0.0,0.0,180.0,0.0,0.0,0.0,0.0,0.0,0.0,0.0,1.8,-1.8,11.35,0.0,night_discharging
Qazvin,Qazvin,36.2688,50.0041,Autumn,6 Nov,5,-23.33,86.8,0.0,0.0,0.0,0.0,180.0,0.0,0.0,0.0,0.0,0.0,0.0,0.0,1.44,-1.44,9.83,0.0,night_discharging
Qazvin,Qazvin,36.2688,50.0041,Autumn,6 Nov,6,-11.35,78.38,0.0,0.0,0.0,0.0,180.0,0.0,0.0,0.0,0.0,0.0,0.0,0.0,1.44,-1.44,8.31,0.0,night_discharging
Qazvin,Qazvin,36.2688,50.0041,Autumn,6 Nov,7,0.27,69.8,4.0,25.0,25.0,85.0,69.8,110.2,85.0,0.0,16.5,22.7,25.0,0.07,1.25,-1.14,7.17,0.04,day_discharging
Qazvin,Qazvin,36.2688,50.0041,Autumn,6 Nov,8,11.24,60.38,421.7,34.9,117.0,78.76,60.38,119.62,78.76,0.0,442.5,31.7,117.0,1.95,1.25,0.7,7.83,0.0,day_charging
Qazvin,Qazvin,36.2688,50.0041,Autumn,6 Nov,9,21.14,49.44,604.8,51.2,269.3,68.86,49.44,130.56,68.86,0.0,639.6,46.5,269.3,2.81,1.25,1.56,9.31,0.0,day_charging
Qazvin,Qazvin,36.2688,50.0041,Autumn,6 Nov,10,29.38,36.35,679.1,65.0,398.1,60.62,36.35,143.65,60.62,0.0,727.5,59.1,398.1,3.2,1.25,1.95,11.16,0.0,day_charging
Qazvin,Qazvin,36.2688,50.0041,Autumn,6 Nov,11,35.18,20.71,712.4,74.3,484.7,54.82,20.71,159.29,54.82,0.0,771.0,91.3,484.7,3.39,1.25,2.14,13.19,0.0,day_charging
Qazvin,Qazvin,36.2688,50.0041,Autumn,6 Nov,12,37.68,3.03,723.8,78.1,520.5,52.32,3.03,176.97,52.32,0.0,786.7,105.3,520.5,3.46,1.25,2.21,15.29,0.0,day_charging
Qazvin,Qazvin,36.2688,50.0041,Autumn,6 Nov,13,36.41,345.01,718.3,76.2,502.5,53.59,345.01,-165.01,53.59,0.0,778.9,98.2,502.5,3.43,1.25,2.18,17.36,0.0,day_charging
Qazvin,Qazvin,36.2688,50.0041,Autumn,6 Nov,14,31.63,328.58,693.3,68.6,432.2,58.37,328.58,-148.58,58.37,0.0,745.6,71.3,432.2,3.28,1.25,2.03,19.29,0.0,day_charging
Qazvin,Qazvin,36.2688,50.0041,Autumn,6 Nov,15,24.1,314.64,636.4,56.2,316.0,65.9,314.64,-134.64,65.9,0.0,676.0,51.1,316.0,2.97,1.25,1.72,20.92,0.0,day_charging
Qazvin,Qazvin,36.2688,50.0041,Autumn,6 Nov,16,14.67,303.06,504.2,40.3,168.0,75.33,303.06,-123.06,75.33,0.0,529.5,36.7,168.0,2.33,1.25,1.08,21.95,0.0,day_charging
Qazvin,Qazvin,36.2688,50.0041,Autumn,6 Nov,17,4.01,293.21,131.8,26.1,35.3,85.0,293.21,-113.21,85.0,0.0,145.8,23.7,35.3,0.64,1.25,-0.61,21.31,0.0,day_discharging
Qazvin,Qazvin,36.2688,50.0041,Autumn,6 Nov,18,-7.43,284.42,0.0,0.0,0.0,0.0,180.0,0.0,0.0,0.0,0.0,0.0,0.0,0.0,1.44,-1.44,19.79,0.0,night_discharging
Qazvin,Qazvin,36.2688,50.0041,Autumn,6 Nov,19,-19.32,276.03,0.0,0.0,0.0,0.0,180.0,0.0,0.0,0.0,0.0,0.0,0.0,0.0,1.44,-1.44,18.27,0.0,night_discharging
Qazvin,Qazvin,36.2688,50.0041,Autumn,6 Nov,20,-31.4,267.29,0.0,0.0,0.0,0.0,180.0,0.0,0.0,0.0,0.0,0.0,0.0,0.0,1.8,-1.8,16.38,0.0,night_discharging
Qazvin,Qazvin,36.2688,50.0041,Autumn,6 Nov,21,-43.37,257.13,0.0,0.0,0.0,0.0,180.0,0.0,0.0,0.0,0.0,0.0,0.0,0.0,1.8,-1.8,14.49,0.0,night_discharging
Qazvin,Qazvin,36.2688,50.0041,Autumn,6 Nov,22,-54.76,243.51,0.0,0.0,0.0,0.0,180.0,0.0,0.0,0.0,0.0,0.0,0.0,0.0,1.8,-1.8,12.6,0.0,night_discharging
Qazvin,Qazvin,36.2688,50.0041,Autumn,6 Nov,23,-64.45,222.07,0.0,0.0,0.0,0.0,180.0,0.0,0.0,0.0,0.0,0.0,0.0,0.0,1.8,-1.8,10.71,0.0,night_discharging
Qazvin,Qazvin,36.2688,50.0041,Winter,4 Feb,0,-69.81,173.04,0.0,0.0,0.0,0.0,180.0,0.0,0.0,0.0,0.0,0.0,0.0,0.0,1.8,-1.8,18.91,0.0,night_discharging
Qazvin,Qazvin,36.2688,50.0041,Winter,4 Feb,1,-67.06,147.76,0.0,0.0,0.0,0.0,180.0,0.0,0.0,0.0,0.0,0.0,0.0,0.0,1.8,-1.8,17.02,0.0,night_discharging
Qazvin,Qazvin,36.2688,50.0041,Winter,4 Feb,2,-58.41,122.17,0.0,0.0,0.0,0.0,180.0,0.0,0.0,0.0,0.0,0.0,0.0,0.0,1.8,-1.8,15.13,0.0,night_discharging
Qazvin,Qazvin,36.2688,50.0041,Winter,4 Feb,3,-47.38,106.64,0.0,0.0,0.0,0.0,180.0,0.0,0.0,0.0,0.0,0.0,0.0,0.0,1.8,-1.8,13.24,0.0,night_discharging
Qazvin,Qazvin,36.2688,50.0041,Winter,4 Feb,4,-35.52,95.66,0.0,0.0,0.0,0.0,180.0,0.0,0.0,0.0,0.0,0.0,0.0,0.0,1.8,-1.8,11.35,0.0,night_discharging
Qazvin,Qazvin,36.2688,50.0041,Winter,4 Feb,5,-23.44,86.62,0.0,0.0,0.0,0.0,180.0,0.0,0.0,0.0,0.0,0.0,0.0,0.0,1.44,-1.44,9.83,0.0,night_discharging
Qazvin,Qazvin,36.2688,50.0041,Winter,4 Feb,6,-11.46,78.21,0.0,0.0,0.0,0.0,180.0,0.0,0.0,0.0,0.0,0.0,0.0,0.0,1.44,-1.44,8.31,0.0,night_discharging
Qazvin,Qazvin,36.2688,50.0041,Winter,4 Feb,7,0.15,69.64,3.1,25.0,25.0,85.0,69.64,110.36,85.0,0.0,15.6,22.7,25.0,0.07,1.25,-1.14,7.17,0.04,day_discharging
Qazvin,Qazvin,36.2688,50.0041,Winter,4 Feb,8,11.1,60.23,417.8,34.7,115.1,78.9,60.23,119.77,78.9,0.0,438.5,31.5,115.1,1.93,1.25,0.68,7.82,0.0,day_charging
Qazvin,Qazvin,36.2688,50.0041,Winter,4 Feb,9,20.98,49.31,603.0,50.9,266.8,69.02,49.31,130.69,69.02,0.0,637.5,46.3,266.8,2.81,1.25,1.56,9.3,0.0,day_charging
Qazvin,Qazvin,36.2688,50.0041,Winter,4 Feb,10,29.21,36.23,677.9,64.7,395.5,60.79,36.23,143.77,60.79,0.0,726.0,58.8,395.5,3.19,1.25,1.94,11.14,0.0,day_charging
Qazvin,Qazvin,36.2688,50.0041,Winter,4 Feb,11,34.99,20.63,711.5,74.0,481.9,55.01,20.63,159.37,55.01,0.0,769.7,88.5,481.9,3.39,1.25,2.14,13.17,0.0,day_charging
Qazvin,Qazvin,36.2688,50.0041,Winter,4 Feb,12,37.48,3.02,723.0,77.8,517.7,52.52,3.02,176.98,52.52,0.0,785.5,102.5,517.7,3.46,1.25,2.21,15.27,0.0,day_charging
Qazvin,Qazvin,36.2688,50.0041,Winter,4 Feb,13,36.22,345.07,717.4,75.9,499.7,53.78,345.07,-165.07,53.78,0.0,777.7,95.4,499.7,3.42,1.25,2.17,17.33,0.0,day_charging
Qazvin,Qazvin,36.2688,50.0041,Winter,4 Feb,14,31.45,328.68,692.3,68.3,429.5,58.55,328.68,-148.68,58.55,0.0,744.3,68.6,429.5,3.27,1.25,2.02,19.25,0.0,day_charging
Qazvin,Qazvin,36.2688,50.0041,Winter,4 Feb,15,23.94,314.78,634.9,55.9,313.5,66.06,314.78,-134.78,66.06,0.0,674.2,50.9,313.5,2.97,1.25,1.72,20.88,0.0,day_charging
Qazvin,Qazvin,36.2688,50.0041,Winter,4 Feb,16,14.53,303.21,501.3,40.1,165.9,75.47,303.21,-123.21,75.47,0.0,526.4,36.5,165.9,2.32,1.25,1.07,21.9,0.0,day_charging
Qazvin,Qazvin,36.2688,50.0041,Winter,4 Feb,17,3.88,293.37,125.5,26.0,34.5,85.0,293.37,-113.37,85.0,0.0,139.4,23.7,34.5,0.61,1.25,-0.64,21.23,0.0,day_discharging
Qazvin,Qazvin,36.2688,50.0041,Winter,4 Feb,18,-7.55,284.59,0.0,0.0,0.0,0.0,180.0,0.0,0.0,0.0,0.0,0.0,0.0,0.0,1.44,-1.44,19.71,0.0,night_discharging
Qazvin,Qazvin,36.2688,50.0041,Winter,4 Feb,19,-19.43,276.21,0.0,0.0,0.0,0.0,180.0,0.0,0.0,0.0,0.0,0.0,0.0,0.0,1.44,-1.44,18.19,0.0,night_discharging
Qazvin,Qazvin,36.2688,50.0041,Winter,4 Feb,20,-31.51,267.49,0.0,0.0,0.0,0.0,180.0,0.0,0.0,0.0,0.0,0.0,0.0,0.0,1.8,-1.8,16.3,0.0,night_discharging
Qazvin,Qazvin,36.2688,50.0041,Winter,4 Feb,21,-43.48,257.35,0.0,0.0,0.0,0.0,180.0,0.0,0.0,0.0,0.0,0.0,0.0,0.0,1.8,-1.8,14.41,0.0,night_discharging
Qazvin,Qazvin,36.2688,50.0041,Winter,4 Feb,22,-54.89,243.77,0.0,0.0,0.0,0.0,180.0,0.0,0.0,0.0,0.0,0.0,0.0,0.0,1.8,-1.8,12.52,0.0,night_discharging
Qazvin,Qazvin,36.2688,50.0041,Winter,4 Feb,23,-64.62,222.34,0.0,0.0,0.0,0.0,180.0,0.0,0.0,0.0,0.0,0.0,0.0,0.0,1.8,-1.8,10.63,0.0,night_discharging
Semnan,Semnan,35.5729,53.3971,Spring,5 May,0,-38.12,178.91,0.0,0.0,0.0,0.0,180.0,0.0,0.0,0.0,0.0,0.0,0.0,0.0,1.8,-1.8,19.56,0.0,night_discharging
Semnan,Semnan,35.5729,53.3971,Spring,5 May,1,-35.98,161.04,0.0,0.0,0.0,0.0,180.0,0.0,0.0,0.0,0.0,0.0,0.0,0.0,1.8,-1.8,17.67,0.0,night_discharging
Semnan,Semnan,35.5729,53.3971,Spring,5 May,2,-30.44,145.13,0.0,0.0,0.0,0.0,180.0,0.0,0.0,0.0,0.0,0.0,0.0,0.0,1.8,-1.8,15.78,0.0,night_discharging
Semnan,Semnan,35.5729,53.3971,Spring,5 May,3,-22.34,131.83,0.0,0.0,0.0,0.0,180.0,0.0,0.0,0.0,0.0,0.0,0.0,0.0,1.8,-1.8,13.89,0.0,night_discharging
Semnan,Semnan,35.5729,53.3971,Spring,5 May,4,-12.5,120.8,0.0,0.0,0.0,0.0,180.0,0.0,0.0,0.0,0.0,0.0,0.0,0.0,1.8,-1.8,12.0,0.0,night_discharging
Semnan,Semnan,35.5729,53.3971,Spring,5 May,5,-1.54,111.38,0.0,0.0,0.0,0.0,180.0,0.0,0.0,0.0,0.0,0.0,0.0,0.0,1.44,-1.44,10.48,0.0,night_discharging
Semnan,Semnan,35.5729,53.3971,Spring,5 May,6,10.11,102.89,388.0,33.2,101.3,79.89,102.89,77.11,79.89,0.0,407.5,134.4,101.3,1.86,1.44,0.42,10.88,0.0,day_charging
Semnan,Semnan,35.5729,53.3971,Spring,5 May,7,22.15,94.67,616.5,52.9,285.4,67.85,94.67,85.33,67.85,0.0,652.9,267.1,285.4,2.99,1.25,1.74,12.53,0.0,day_charging
Semnan,Semnan,35.5729,53.3971,Spring,5 May,8,34.34,85.94,708.3,73.0,472.5,55.66,85.94,94.06,55.66,0.0,765.4,374.8,472.5,3.5,1.25,2.25,14.67,0.0,day_charging
Semnan,Semnan,35.5729,53.3971,Spring,5 May,9,46.38,75.51,753.8,90.5,636.1,43.62,75.51,104.49,43.62,0.0,831.8,462.3,636.1,3.81,1.25,2.56,17.1,0.0,day_charging
Semnan,Semnan,35.5729,53.3971,Spring,5 May,10,57.71,60.92,778.0,103.9,761.7,32.29,60.92,119.08,32.29,0.0,873.9,527.4,761.7,4.0,1.25,2.75,19.71,0.0,day_charging
Semnan,Semnan,35.5729,53.3971,Spring,5 May,11,66.99,36.75,790.1,112.3,839.5,23.01,36.75,143.25,23.01,0.0,897.9,567.2,839.5,4.11,1.25,2.86,22.43,0.0,day_charging
Semnan,Semnan,35.5729,53.3971,Spring,5 May,12,70.71,357.39,793.5,114.9,863.8,19.29,357.39,-177.39,19.29,0.0,905.1,579.5,863.8,4.14,1.25,2.89,25.18,0.0,day_charging
Semnan,Semnan,35.5729,53.3971,Spring,5 May,13,66.08,319.58,789.1,111.6,832.9,23.92,319.58,-139.58,23.92,0.0,895.9,563.8,832.9,4.1,1.25,2.85,27.89,0.0,day_charging
Semnan,Semnan,35.5729,53.3971,Spring,5 May,14,56.43,296.97,775.9,102.6,749.0,33.57,296.97,-116.97,33.57,0.0,869.9,520.9,749.0,3.98,1.25,2.73,30.48,0.0,day_charging
Semnan,Semnan,35.5729,53.3971,Spring,5 May,15,44.96,283.09,749.7,88.6,618.3,45.04,283.09,-103.09,45.04,0.0,825.3,453.0,618.3,3.78,1.25,2.52,32.87,0.0,day_charging
Semnan,Semnan,35.5729,53.3971,Spring,5 May,16,32.89,272.95,700.6,70.6,451.0,57.11,272.95,-92.95,57.11,0.0,755.1,363.0,451.0,3.46,1.25,0.13,32.99,0.0,day_charging
Semnan,Semnan,35.5729,53.3971,Spring,5 May,17,20.7,264.34,599.6,50.4,262.4,69.3,264.34,-84.34,69.3,0.0,633.7,252.8,262.4,2.9,1.25,0.01,33.0,0.0,day_idle
Semnan,Semnan,35.5729,53.3971,Spring,5 May,18,8.69,256.13,339.8,31.2,82.5,81.31,256.13,-76.13,81.31,0.0,357.7,116.1,82.5,1.64,1.44,0.0,33.0,0.0,day_idle
Semnan,Semnan,35.5729,53.3971,Spring,5 May,19,-2.9,247.56,0.0,0.0,0.0,0.0,180.0,0.0,0.0,0.0,0.0,0.0,0.0,0.0,1.44,-1.44,31.48,0.0,night_discharging
Semnan,Semnan,35.5729,53.3971,Spring,5 May,20,-13.75,237.98,0.0,0.0,0.0,0.0,180.0,0.0,0.0,0.0,0.0,0.0,0.0,0.0,1.8,-1.8,29.59,0.0,night_discharging
Semnan,Semnan,35.5729,53.3971,Spring,5 May,21,-23.41,226.71,0.0,0.0,0.0,0.0,180.0,0.0,0.0,0.0,0.0,0.0,0.0,0.0,1.8,-1.8,27.7,0.0,night_discharging
Semnan,Semnan,35.5729,53.3971,Spring,5 May,22,-31.25,213.1,0.0,0.0,0.0,0.0,180.0,0.0,0.0,0.0,0.0,0.0,0.0,0.0,1.8,-1.8,25.81,0.0,night_discharging
Semnan,Semnan,35.5729,53.3971,Spring,5 May,23,-36.43,196.9,0.0,0.0,0.0,0.0,180.0,0.0,0.0,0.0,0.0,0.0,0.0,0.0,1.8,-1.8,23.92,0.0,night_discharging
Semnan,Semnan,35.5729,53.3971,Summer,6 Aug,0,-37.82,178.91,0.0,0.0,0.0,0.0,180.0,0.0,0.0,0.0,0.0,0.0,0.0,0.0,1.8,-1.8,19.56,0.0,night_discharging
Semnan,Semnan,35.5729,53.3971,Summer,6 Aug,1,-35.69,161.14,0.0,0.0,0.0,0.0,180.0,0.0,0.0,0.0,0.0,0.0,0.0,0.0,1.8,-1.8,17.67,0.0,night_discharging
Semnan,Semnan,35.5729,53.3971,Summer,6 Aug,2,-30.18,145.3,0.0,0.0,0.0,0.0,180.0,0.0,0.0,0.0,0.0,0.0,0.0,0.0,1.8,-1.8,15.78,0.0,night_discharging
Semnan,Semnan,35.5729,53.3971,Summer,6 Aug,3,-22.1,132.03,0.0,0.0,0.0,0.0,180.0,0.0,0.0,0.0,0.0,0.0,0.0,0.0,1.8,-1.8,13.89,0.0,night_discharging
Semnan,Semnan,35.5729,53.3971,Summer,6 Aug,4,-12.29,121.02,0.0,0.0,0.0,0.0,180.0,0.0,0.0,0.0,0.0,0.0,0.0,0.0,1.8,-1.8,12.0,0.0,night_discharging
Semnan,Semnan,35.5729,53.3971,Summer,6 Aug,5,-1.36,111.61,0.0,0.0,0.0,0.0,180.0,0.0,0.0,0.0,0.0,0.0,0.0,0.0,1.44,-1.44,10.48,0.0,night_discharging
Semnan,Semnan,35.5729,53.3971,Summer,6 Aug,6,10.28,103.14,393.3,33.4,103.6,79.72,103.14,76.86,79.72,0.0,413.0,137.9,103.6,1.89,1.44,0.45,10.91,0.0,day_charging
Semnan,Semnan,35.5729,53.3971,Summer,6 Aug,7,22.32,94.94,618.2,53.2,287.9,67.68,94.94,85.06,67.68,0.0,654.9,270.8,287.9,3.0,1.25,1.75,12.57,0.0,day_charging
Semnan,Semnan,35.5729,53.3971,Summer,6 Aug,8,34.5,86.25,709.1,73.2,474.9,55.5,86.25,93.75,55.5,0.0,766.4,378.6,474.9,3.51,1.25,2.26,14.72,0.0,day_charging
Semnan,Semnan,35.5729,53.3971,Summer,6 Aug,9,46.55,75.86,754.2,90.7,638.2,43.45,75.86,104.14,43.45,0.0,832.5,466.0,638.2,3.81,1.25,2.56,17.15,0.0,day_charging
Semnan,Semnan,35.5729,53.3971,Summer,6 Aug,10,57.92,61.34,778.3,104.1,763.6,32.08,61.34,118.66,32.08,0.0,874.5,531.1,763.6,4.0,1.25,2.75,19.76,0.0,day_charging
Semnan,Semnan,35.5729,53.3971,Summer,6 Aug,11,67.25,37.14,790.3,112.5,841.3,22.75,37.14,142.86,22.75,0.0,898.4,570.8,841.3,4.11,1.25,2.86,22.48,0.0,day_charging
Semnan,Semnan,35.5729,53.3971,Summer,6 Aug,12,71.01,357.36,793.7,115.1,865.6,18.99,357.36,-177.36,18.99,0.0,905.7,583.2,865.6,4.14,1.25,2.89,25.23,0.0,day_charging
Semnan,Semnan,35.5729,53.3971,Summer,6 Aug,13,66.33,319.17,789.4,111.8,834.7,23.67,319.17,-139.17,23.67,0.0,896.5,567.5,834.7,4.1,1.25,2.85,27.94,0.0,day_charging
Semnan,Semnan,35.5729,53.3971,Summer,6 Aug,14,56.62,296.56,776.2,102.8,751.0,33.38,296.56,-116.56,33.38,0.0,870.5,524.6,751.0,3.98,1.25,2.73,30.53,0.0,day_charging
Semnan,Semnan,35.5729,53.3971,Summer,6 Aug,15,45.13,282.74,750.2,88.8,620.5,44.87,282.74,-102.74,44.87,0.0,826.1,456.7,620.5,3.78,1.25,2.47,32.88,0.0,day_charging
Semnan,Semnan,35.5729,53.3971,Summer,6 Aug,16,33.05,272.65,701.4,70.9,453.4,56.95,272.65,-92.65,56.95,0.0,756.2,366.7,453.4,3.46,1.25,0.12,32.99,0.0,day_charging
Semnan,Semnan,35.5729,53.3971,Summer,6 Aug,17,20.86,264.07,601.5,50.7,264.9,69.14,264.07,-84.07,69.14,0.0,635.9,256.4,264.9,2.91,1.25,0.01,33.0,0.0,day_idle
Semnan,Semnan,35.5729,53.3971,Summer,6 Aug,18,8.86,255.88,345.9,31.4,84.7,81.14,255.88,-75.88,81.14,0.0,364.0,119.5,84.7,1.67,1.44,0.0,33.0,0.0,day_idle
Semnan,Semnan,35.5729,53.3971,Summer,6 Aug,19,-2.71,247.32,0.0,0.0,0.0,0.0,180.0,0.0,0.0,0.0,0.0,0.0,0.0,0.0,1.44,-1.44,31.48,0.0,night_discharging
Semnan,Semnan,35.5729,53.3971,Summer,6 Aug,20,-13.54,237.76,0.0,0.0,0.0,0.0,180.0,0.0,0.0,0.0,0.0,0.0,0.0,0.0,1.8,-1.8,29.59,0.0,night_discharging
Semnan,Semnan,35.5729,53.3971,Summer,6 Aug,21,-23.17,226.51,0.0,0.0,0.0,0.0,180.0,0.0,0.0,0.0,0.0,0.0,0.0,0.0,1.8,-1.8,27.7,0.0,night_discharging
Semnan,Semnan,35.5729,53.3971,Summer,6 Aug,22,-30.99,212.94,0.0,0.0,0.0,0.0,180.0,0.0,0.0,0.0,0.0,0.0,0.0,0.0,1.8,-1.8,25.81,0.0,night_discharging
Semnan,Semnan,35.5729,53.3971,Summer,6 Aug,23,-36.14,196.81,0.0,0.0,0.0,0.0,180.0,0.0,0.0,0.0,0.0,0.0,0.0,0.0,1.8,-1.8,23.92,0.0,night_discharging
Semnan,Semnan,35.5729,53.3971,Autumn,6 Nov,0,-70.41,177.43,0.0,0.0,0.0,0.0,180.0,0.0,0.0,0.0,0.0,0.0,0.0,0.0,1.8,-1.8,19.56,0.0,night_discharging
Semnan,Semnan,35.5729,53.3971,Autumn,6 Nov,1,-65.83,139.98,0.0,0.0,0.0,0.0,180.0,0.0,0.0,0.0,0.0,0.0,0.0,0.0,1.8,-1.8,17.67,0.0,night_discharging
Semnan,Semnan,35.5729,53.3971,Autumn,6 Nov,2,-56.23,117.38,0.0,0.0,0.0,0.0,180.0,0.0,0.0,0.0,0.0,0.0,0.0,0.0,1.8,-1.8,15.78,0.0,night_discharging
Semnan,Semnan,35.5729,53.3971,Autumn,6 Nov,3,-44.79,103.44,0.0,0.0,0.0,0.0,180.0,0.0,0.0,0.0,0.0,0.0,0.0,0.0,1.8,-1.8,13.89,0.0,night_discharging
Semnan,Semnan,35.5729,53.3971,Autumn,6 Nov,4,-32.73,93.26,0.0,0.0,0.0,0.0,180.0,0.0,0.0,0.0,0.0,0.0,0.0,0.0,1.8,-1.8,12.0,0.0,night_discharging
Semnan,Semnan,35.5729,53.3971,Autumn,6 Nov,5,-20.54,84.61,0.0,0.0,0.0,0.0,180.0,0.0,0.0,0.0,0.0,0.0,0.0,0.0,1.44,-1.44,10.48,0.0,night_discharging
Semnan,Semnan,35.5729,53.3971,Autumn,6 Nov,6,-8.52,76.38,0.0,0.0,0.0,0.0,180.0,0.0,0.0,0.0,0.0,0.0,0.0,0.0,1.44,-1.44,8.96,0.0,night_discharging
Semnan,Semnan,35.5729,53.3971,Autumn,6 Nov,7,3.08,67.8,87.2,25.6,30.3,85.0,67.8,112.2,85.0,0.0,100.7,23.4,30.3,0.46,1.25,-0.79,8.13,0.0,day_discharging
Semnan,Semnan,35.5729,53.3971,Autumn,6 Nov,8,13.95,58.2,489.1,39.2,157.1,76.05,58.2,121.8,76.05,0.0,513.4,35.8,157.1,2.35,1.25,1.1,9.18,0.0,day_charging
Semnan,Semnan,35.5729,53.3971,Autumn,6 Nov,9,23.65,46.91,632.0,55.4,308.9,66.35,46.91,133.09,66.35,0.0,670.8,50.7,308.9,3.07,1.25,1.82,10.91,0.0,day_charging
Semnan,Semnan,35.5729,53.3971,Autumn,6 Nov,10,31.52,33.26,692.7,68.5,430.6,58.48,33.26,146.74,58.48,0.0,744.8,86.7,430.6,3.41,1.25,2.16,12.96,0.0,day_charging
Semnan,Semnan,35.5729,53.3971,Autumn,6 Nov,11,36.72,16.99,719.7,76.6,507.0,53.28,16.99,163.01,53.28,0.0,780.9,118.4,507.0,3.57,1.25,2.32,15.16,0.0,day_charging
Semnan,Semnan,35.5729,53.3971,Autumn,6 Nov,12,38.42,358.9,726.9,79.2,530.9,51.58,358.9,-178.9,51.58,0.0,791.1,128.5,530.9,3.62,1.25,2.37,17.41,0.0,day_charging
Semnan,Semnan,35.5729,53.3971,Autumn,6 Nov,13,36.27,340.94,717.6,75.9,500.5,53.73,340.94,-160.94,53.73,0.0,778.1,115.6,500.5,3.56,1.25,2.31,19.6,0.0,day_charging
Semnan,Semnan,35.5729,53.3971,Autumn,6 Nov,14,30.7,324.97,687.7,67.1,418.2,59.3,324.97,-144.97,59.3,0.0,738.4,81.7,418.2,3.38,1.25,2.13,21.62,0.0,day_charging
Semnan,Semnan,35.5729,53.3971,Autumn,6 Nov,15,22.57,311.62,620.9,53.6,291.9,67.43,311.62,-131.62,67.43,0.0,658.0,49.0,291.9,3.01,1.25,1.76,23.29,0.0,day_charging
Semnan,Semnan,35.5729,53.3971,Autumn,6 Nov,16,12.71,300.57,460.3,37.1,138.4,77.29,300.57,-120.57,77.29,0.0,483.0,34.0,138.4,2.21,1.25,0.96,24.2,0.0,day_charging
Semnan,Semnan,35.5729,53.3971,Autumn,6 Nov,17,1.73,291.14,32.8,25.1,26.1,85.0,291.14,-111.14,85.0,0.0,45.7,23.0,26.1,0.21,1.25,-1.04,23.11,0.0,day_discharging
Semnan,Semnan,35.5729,53.3971,Autumn,6 Nov,18,-9.94,282.63,0.0,0.0,0.0,0.0,180.0,0.0,0.0,0.0,0.0,0.0,0.0,0.0,1.44,-1.44,21.59,0.0,night_discharging
Semnan,Semnan,35.5729,53.3971,Autumn,6 Nov,19,-21.99,274.39,0.0,0.0,0.0,0.0,180.0,0.0,0.0,0.0,0.0,0.0,0.0,0.0,1.44,-1.44,20.07,0.0,night_discharging
Semnan,Semnan,35.5729,53.3971,Autumn,6 Nov,20,-34.18,265.64,0.0,0.0,0.0,0.0,180.0,0.0,0.0,0.0,0.0,0.0,0.0,0.0,1.8,-1.8,18.18,0.0,night_discharging
Semnan,Semnan,35.5729,53.3971,Autumn,6 Nov,21,-46.2,255.15,0.0,0.0,0.0,0.0,180.0,0.0,0.0,0.0,0.0,0.0,0.0,0.0,1.8,-1.8,16.29,0.0,night_discharging
Semnan,Semnan,35.5729,53.3971,Autumn,6 Nov,22,-57.51,240.51,0.0,0.0,0.0,0.0,180.0,0.0,0.0,0.0,0.0,0.0,0.0,0.0,1.8,-1.8,14.4,0.0,night_discharging
Semnan,Semnan,35.5729,53.3971,Autumn,6 Nov,23,-66.73,216.36,0.0,0.0,0.0,0.0,180.0,0.0,0.0,0.0,0.0,0.0,0.0,0.0,1.8,-1.8,12.51,0.0,night_discharging
Semnan,Semnan,35.5729,53.3971,Winter,4 Feb,0,-70.61,177.4,0.0,0.0,0.0,0.0,180.0,0.0,0.0,0.0,0.0,0.0,0.0,0.0,1.8,-1.8,19.56,0.0,night_discharging
Semnan,Semnan,35.5729,53.3971,Winter,4 Feb,1,-65.99,139.72,0.0,0.0,0.0,0.0,180.0,0.0,0.0,0.0,0.0,0.0,0.0,0.0,1.8,-1.8,17.67,0.0,night_discharging
Semnan,Semnan,35.5729,53.3971,Winter,4 Feb,2,-56.36,117.11,0.0,0.0,0.0,0.0,180.0,0.0,0.0,0.0,0.0,0.0,0.0,0.0,1.8,-1.8,15.78,0.0,night_discharging
Semnan,Semnan,35.5729,53.3971,Winter,4 Feb,3,-44.9,103.21,0.0,0.0,0.0,0.0,180.0,0.0,0.0,0.0,0.0,0.0,0.0,0.0,1.8,-1.8,13.89,0.0,night_discharging
Semnan,Semnan,35.5729,53.3971,Winter,4 Feb,4,-32.83,93.06,0.0,0.0,0.0,0.0,180.0,0.0,0.0,0.0,0.0,0.0,0.0,0.0,1.8,-1.8,12.0,0.0,night_discharging
Semnan,Semnan,35.5729,53.3971,Winter,4 Feb,5,-20.65,84.43,0.0,0.0,0.0,0.0,180.0,0.0,0.0,0.0,0.0,0.0,0.0,0.0,1.44,-1.44,10.48,0.0,night_discharging
Semnan,Semnan,35.5729,53.3971,Winter,4 Feb,6,-8.63,76.21,0.0,0.0,0.0,0.0,180.0,0.0,0.0,0.0,0.0,0.0,0.0,0.0,1.44,-1.44,8.96,0.0,night_discharging
Semnan,Semnan,35.5729,53.3971,Winter,4 Feb,7,2.96,67.64,81.5,25.5,29.7,85.0,67.64,112.36,85.0,0.0,94.9,23.3,29.7,0.43,1.25,-0.82,8.1,0.0,day_discharging
Semnan,Semnan,35.5729,53.3971,Winter,4 Feb,8,13.81,58.06,486.0,38.9,155.0,76.19,58.06,121.94,76.19,0.0,510.1,35.6,155.0,2.33,1.25,1.08,9.13,0.0,day_charging
Semnan,Semnan,35.5729,53.3971,Winter,4 Feb,9,23.49,46.78,630.5,55.2,306.4,66.51,46.78,133.22,66.51,0.0,669.0,50.4,306.4,3.06,1.25,1.81,10.85,0.0,day_charging
Semnan,Semnan,35.5729,53.3971,Winter,4 Feb,10,31.34,33.15,691.7,68.2,427.9,58.66,33.15,146.85,58.66,0.0,743.5,84.1,427.9,3.4,1.25,2.15,12.89,0.0,day_charging
Semnan,Semnan,35.5729,53.3971,Winter,4 Feb,11,36.53,16.93,718.8,76.3,504.2,53.47,16.93,163.07,53.47,0.0,779.7,115.5,504.2,3.57,1.25,2.32,15.09,0.0,day_charging
Semnan,Semnan,35.5729,53.3971,Winter,4 Feb,12,38.22,358.9,726.1,78.9,528.1,51.78,358.9,-178.9,51.78,0.0,790.0,125.7,528.1,3.61,1.25,2.36,17.33,0.0,day_charging
Semnan,Semnan,35.5729,53.3971,Winter,4 Feb,13,36.08,341.01,716.7,75.7,497.7,53.92,341.01,-161.01,53.92,0.0,776.8,112.8,497.7,3.55,1.25,2.3,19.51,0.0,day_charging
Semnan,Semnan,35.5729,53.3971,Winter,4 Feb,14,30.53,325.08,686.6,66.8,415.6,59.47,325.08,-145.08,59.47,0.0,737.0,79.1,415.6,3.37,1.25,2.12,21.52,0.0,day_charging
Semnan,Semnan,35.5729,53.3971,Winter,4 Feb,15,22.41,311.76,619.3,53.3,289.5,67.59,311.76,-131.76,67.59,0.0,656.1,48.8,289.5,3.0,1.25,1.75,23.18,0.0,day_charging
Semnan,Semnan,35.5729,53.3971,Winter,4 Feb,16,12.57,300.72,456.9,36.9,136.4,77.43,300.72,-120.72,77.43,0.0,479.4,33.8,136.4,2.19,1.25,0.94,24.07,0.0,day_charging
Semnan,Semnan,35.5729,53.3971,Winter,4 Feb,17,1.61,291.3,29.0,25.1,25.9,85.0,291.3,-111.3,85.0,0.0,41.9,23.0,25.9,0.19,1.25,-1.06,22.95,0.0,day_discharging
Semnan,Semnan,35.5729,53.3971,Winter,4 Feb,18,-10.05,282.8,0.0,0.0,0.0,0.0,180.0,0.0,0.0,0.0,0.0,0.0,0.0,0.0,1.44,-1.44,21.43,0.0,night_discharging
Semnan,Semnan,35.5729,53.3971,Winter,4 Feb,19,-22.1,274.58,0.0,0.0,0.0,0.0,180.0,0.0,0.0,0.0,0.0,0.0,0.0,0.0,1.44,-1.44,19.91,0.0,night_discharging
Semnan,Semnan,35.5729,53.3971,Winter,4 Feb,20,-34.29,265.84,0.0,0.0,0.0,0.0,180.0,0.0,0.0,0.0,0.0,0.0,0.0,0.0,1.8,-1.8,18.02,0.0,night_discharging
Semnan,Semnan,35.5729,53.3971,Winter,4 Feb,21,-46.32,255.39,0.0,0.0,0.0,0.0,180.0,0.0,0.0,0.0,0.0,0.0,0.0,0.0,1.8,-1.8,16.13,0.0,night_discharging
Semnan,Semnan,35.5729,53.3971,Winter,4 Feb,22,-57.65,240.79,0.0,0.0,0.0,0.0,180.0,0.0,0.0,0.0,0.0,0.0,0.0,0.0,1.8,-1.8,14.24,0.0,night_discharging
Semnan,Semnan,35.5729,53.3971,Winter,4 Feb,23,-66.9,216.62,0.0,0.0,0.0,0.0,180.0,0.0,0.0,0.0,0.0,0.0,0.0,0.0,1.8,-1.8,12.35,0.0,night_discharging
Chaharmahal & Bakhtiari,Shahrekord,32.3256,50.8644,Spring,5 May,0,-41.35,177.91,0.0,0.0,0.0,0.0,180.0,0.0,0.0,0.0,0.0,0.0,0.0,0.0,1.8,-1.8,21.38,0.0,night_discharging
Chaharmahal & Bakhtiari,Shahrekord,32.3256,50.8644,Spring,5 May,1,-39.72,163.24,0.0,0.0,0.0,0.0,180.0,0.0,0.0,0.0,0.0,0.0,0.0,0.0,1.8,-1.8,19.49,0.0,night_discharging
Chaharmahal & Bakhtiari,Shahrekord,32.3256,50.8644,Spring,5 May,2,-34.31,146.5,0.0,0.0,0.0,0.0,180.0,0.0,0.0,0.0,0.0,0.0,0.0,0.0,1.8,-1.8,17.6,0.0,night_discharging
Chaharmahal & Bakhtiari,Shahrekord,32.3256,50.8644,Spring,5 May,3,-26.08,132.8,0.0,0.0,0.0,0.0,180.0,0.0,0.0,0.0,0.0,0.0,0.0,0.0,1.8,-1.8,15.71,0.0,night_discharging
Chaharmahal & Bakhtiari,Shahrekord,32.3256,50.8644,Spring,5 May,4,-15.98,121.78,0.0,0.0,0.0,0.0,180.0,0.0,0.0,0.0,0.0,0.0,0.0,0.0,1.8,-1.8,13.82,0.0,night_discharging
Chaharmahal & Bakhtiari,Shahrekord,32.3256,50.8644,Spring,5 May,5,-4.71,112.67,0.0,0.0,0.0,0.0,180.0,0.0,0.0,0.0,0.0,0.0,0.0,0.0,1.44,-1.44,12.3,0.0,night_discharging
Chaharmahal & Bakhtiari,Shahrekord,32.3256,50.8644,Spring,5 May,6,7.29,104.71,285.3,29.3,65.6,82.71,104.71,75.29,82.71,0.0,301.8,95.9,65.6,1.33,1.44,-0.11,12.18,0.0,day_discharging
Chaharmahal & Bakhtiari,Shahrekord,32.3256,50.8644,Spring,5 May,7,19.73,97.23,587.2,48.8,247.0,70.27,97.23,82.77,70.27,0.0,619.8,250.0,247.0,2.73,1.25,1.48,13.59,0.0,day_charging
Chaharmahal & Bakhtiari,Shahrekord,32.3256,50.8644,Spring,5 May,8,32.37,89.55,697.7,69.8,443.4,57.63,89.55,90.45,57.63,0.0,751.3,378.8,443.4,3.31,1.25,2.06,15.55,0.0,day_charging
Chaharmahal & Bakhtiari,Shahrekord,32.3256,50.8644,Spring,5 May,9,44.99,80.62,749.8,88.6,618.7,45.01,80.62,99.38,45.01,0.0,825.4,485.6,618.7,3.63,1.25,2.38,17.81,0.0,day_charging
Chaharmahal & Bakhtiari,Shahrekord,32.3256,50.8644,Spring,5 May,10,57.21,68.35,777.2,103.4,756.7,32.79,68.35,111.65,32.79,0.0,872.3,567.3,756.7,3.84,1.25,2.59,20.27,0.0,day_charging
Chaharmahal & Bakhtiari,Shahrekord,32.3256,50.8644,Spring,5 May,11,68.0,47.18,791.1,113.0,846.5,22.0,47.18,132.82,22.0,0.0,900.0,619.7,846.5,3.96,1.25,2.71,22.84,0.0,day_charging
Chaharmahal & Bakhtiari,Shahrekord,32.3256,50.8644,Spring,5 May,12,73.91,5.67,795.9,116.8,881.4,16.09,5.67,174.33,16.09,0.0,910.3,640.0,881.4,4.01,1.25,2.76,25.46,0.0,day_charging
Chaharmahal & Bakhtiari,Shahrekord,32.3256,50.8644,Spring,5 May,13,69.91,319.76,792.8,114.4,858.9,20.09,319.76,-139.76,20.09,0.0,903.7,627.0,858.9,3.98,1.25,2.73,28.05,0.0,day_charging
Chaharmahal & Bakhtiari,Shahrekord,32.3256,50.8644,Spring,5 May,14,59.74,295.19,781.1,106.0,780.7,30.26,295.19,-115.19,30.26,0.0,879.9,581.3,780.7,3.87,1.25,2.62,30.54,0.0,day_charging
Chaharmahal & Bakhtiari,Shahrekord,32.3256,50.8644,Spring,5 May,15,47.71,281.66,757.3,92.2,652.4,42.29,281.66,-101.66,42.29,0.0,837.6,505.7,652.4,3.69,1.25,2.44,32.86,0.0,day_charging
Chaharmahal & Bakhtiari,Shahrekord,32.3256,50.8644,Spring,5 May,16,35.13,272.24,712.2,74.2,484.1,54.87,272.24,-92.24,54.87,0.0,770.7,404.1,484.1,3.39,1.25,2.14,34.89,0.0,day_charging
Chaharmahal & Bakhtiari,Shahrekord,32.3256,50.8644,Spring,5 May,17,22.47,264.4,619.9,53.4,290.4,67.53,264.4,-84.4,67.53,0.0,656.9,280.0,290.4,2.89,1.25,0.91,35.75,0.0,day_charging
Chaharmahal & Bakhtiari,Shahrekord,32.3256,50.8644,Spring,5 May,18,9.98,256.94,383.8,33.0,99.5,80.02,256.94,-76.94,80.02,0.0,403.1,132.1,99.5,1.77,1.44,0.05,35.8,0.0,day_idle
Chaharmahal & Bakhtiari,Shahrekord,32.3256,50.8644,Spring,5 May,19,-2.14,249.14,0.0,0.0,0.0,0.0,180.0,0.0,0.0,0.0,0.0,0.0,0.0,0.0,1.44,-1.44,34.28,0.0,night_discharging
Chaharmahal & Bakhtiari,Shahrekord,32.3256,50.8644,Spring,5 May,20,-13.61,240.34,0.0,0.0,0.0,0.0,180.0,0.0,0.0,0.0,0.0,0.0,0.0,0.0,1.8,-1.8,32.39,0.0,night_discharging
Chaharmahal & Bakhtiari,Shahrekord,32.3256,50.8644,Spring,5 May,21,-24.01,229.8,0.0,0.0,0.0,0.0,180.0,0.0,0.0,0.0,0.0,0.0,0.0,0.0,1.8,-1.8,30.5,0.0,night_discharging
Chaharmahal & Bakhtiari,Shahrekord,32.3256,50.8644,Spring,5 May,22,-32.71,216.75,0.0,0.0,0.0,0.0,180.0,0.0,0.0,0.0,0.0,0.0,0.0,0.0,1.8,-1.8,28.61,0.0,night_discharging
Chaharmahal & Bakhtiari,Shahrekord,32.3256,50.8644,Spring,5 May,23,-38.83,200.65,0.0,0.0,0.0,0.0,180.0,0.0,0.0,0.0,0.0,0.0,0.0,0.0,1.8,-1.8,26.72,0.0,night_discharging
Chaharmahal & Bakhtiari,Shahrekord,32.3256,50.8644,Summer,6 Aug,0,-41.05,177.92,0.0,0.0,0.0,0.0,180.0,0.0,0.0,0.0,0.0,0.0,0.0,0.0,1.8,-1.8,21.38,0.0,night_discharging
Chaharmahal & Bakhtiari,Shahrekord,32.3256,50.8644,Summer,6 Aug,1,-39.43,163.34,0.0,0.0,0.0,0.0,180.0,0.0,0.0,0.0,0.0,0.0,0.0,0.0,1.8,-1.8,19.49,0.0,night_discharging
Chaharmahal & Bakhtiari,Shahrekord,32.3256,50.8644,Summer,6 Aug,2,-34.04,146.67,0.0,0.0,0.0,0.0,180.0,0.0,0.0,0.0,0.0,0.0,0.0,0.0,1.8,-1.8,17.6,0.0,night_discharging
Chaharmahal & Bakhtiari,Shahrekord,32.3256,50.8644,Summer,6 Aug,3,-25.85,133.02,0.0,0.0,0.0,0.0,180.0,0.0,0.0,0.0,0.0,0.0,0.0,0.0,1.8,-1.8,15.71,0.0,night_discharging
Chaharmahal & Bakhtiari,Shahrekord,32.3256,50.8644,Summer,6 Aug,4,-15.78,122.02,0.0,0.0,0.0,0.0,180.0,0.0,0.0,0.0,0.0,0.0,0.0,0.0,1.8,-1.8,13.82,0.0,night_discharging
Chaharmahal & Bakhtiari,Shahrekord,32.3256,50.8644,Summer,6 Aug,5,-4.53,112.91,0.0,0.0,0.0,0.0,180.0,0.0,0.0,0.0,0.0,0.0,0.0,0.0,1.44,-1.44,12.3,0.0,night_discharging
Chaharmahal & Bakhtiari,Shahrekord,32.3256,50.8644,Summer,6 Aug,6,7.45,104.96,291.8,29.5,67.4,82.55,104.96,75.04,82.55,0.0,308.5,99.0,67.4,1.36,1.44,-0.08,12.22,0.0,day_discharging
Chaharmahal & Bakhtiari,Shahrekord,32.3256,50.8644,Summer,6 Aug,7,19.87,97.51,589.1,49.0,249.3,70.13,97.51,82.49,70.13,0.0,621.9,253.5,249.3,2.74,1.25,1.49,13.64,0.0,day_charging
Chaharmahal & Bakhtiari,Shahrekord,32.3256,50.8644,Summer,6 Aug,8,32.51,89.86,698.5,70.1,445.5,57.49,89.86,90.14,57.49,0.0,752.3,382.4,445.5,3.31,1.25,2.06,15.6,0.0,day_charging
Chaharmahal & Bakhtiari,Shahrekord,32.3256,50.8644,Summer,6 Aug,9,45.14,80.99,750.2,88.8,620.6,44.86,80.99,99.01,44.86,0.0,826.1,489.1,620.6,3.63,1.25,2.38,17.86,0.0,day_charging
Chaharmahal & Bakhtiari,Shahrekord,32.3256,50.8644,Summer,6 Aug,10,57.38,68.81,777.5,103.6,758.4,32.62,68.81,111.19,32.62,0.0,872.9,570.7,758.4,3.84,1.25,2.59,20.32,0.0,day_charging
Chaharmahal & Bakhtiari,Shahrekord,32.3256,50.8644,Summer,6 Aug,11,68.23,47.71,791.3,113.2,848.0,21.77,47.71,132.29,21.77,0.0,900.4,623.1,848.0,3.96,1.25,2.71,22.89,0.0,day_charging
Chaharmahal & Bakhtiari,Shahrekord,32.3256,50.8644,Summer,6 Aug,12,74.2,5.77,796.1,116.9,882.9,15.8,5.77,174.23,15.8,0.0,910.8,643.4,882.9,4.01,1.25,2.76,25.51,0.0,day_charging
Chaharmahal & Bakhtiari,Shahrekord,32.3256,50.8644,Summer,6 Aug,13,70.16,319.26,793.0,114.5,860.5,19.84,319.26,-139.26,19.84,0.0,904.1,630.4,860.5,3.98,1.25,2.73,28.1,0.0,day_charging
Chaharmahal & Bakhtiari,Shahrekord,32.3256,50.8644,Summer,6 Aug,14,59.92,294.71,781.4,106.1,782.3,30.08,294.71,-114.71,30.08,0.0,880.4,584.8,782.3,3.87,1.25,2.62,30.59,0.0,day_charging
Chaharmahal & Bakhtiari,Shahrekord,32.3256,50.8644,Summer,6 Aug,15,47.86,281.27,757.7,92.4,654.3,42.14,281.27,-101.27,42.14,0.0,838.2,509.2,654.3,3.69,1.25,2.44,32.91,0.0,day_charging
Chaharmahal & Bakhtiari,Shahrekord,32.3256,50.8644,Summer,6 Aug,16,35.28,271.92,712.9,74.4,486.1,54.72,271.92,-91.92,54.72,0.0,771.6,407.6,486.1,3.4,1.25,2.15,34.95,0.0,day_charging
Chaharmahal & Bakhtiari,Shahrekord,32.3256,50.8644,Summer,6 Aug,17,22.62,264.11,621.5,53.7,292.7,67.38,264.11,-84.11,67.38,0.0,658.6,283.5,292.7,2.9,1.25,0.85,35.76,0.0,day_charging
Chaharmahal & Bakhtiari,Shahrekord,32.3256,50.8644,Summer,6 Aug,18,10.13,256.68,388.7,33.2,101.6,79.87,256.68,-76.68,79.87,0.0,408.2,135.4,101.6,1.8,1.44,0.04,35.8,0.0,day_idle
Chaharmahal & Bakhtiari,Shahrekord,32.3256,50.8644,Summer,6 Aug,19,-1.97,248.9,0.0,0.0,0.0,0.0,180.0,0.0,0.0,0.0,0.0,0.0,0.0,0.0,1.44,-1.44,34.28,0.0,night_discharging
Chaharmahal & Bakhtiari,Shahrekord,32.3256,50.8644,Summer,6 Aug,20,-13.41,240.1,0.0,0.0,0.0,0.0,180.0,0.0,0.0,0.0,0.0,0.0,0.0,0.0,1.8,-1.8,32.39,0.0,night_discharging
Chaharmahal & Bakhtiari,Shahrekord,32.3256,50.8644,Summer,6 Aug,21,-23.78,229.58,0.0,0.0,0.0,0.0,180.0,0.0,0.0,0.0,0.0,0.0,0.0,0.0,1.8,-1.8,30.5,0.0,night_discharging
Chaharmahal & Bakhtiari,Shahrekord,32.3256,50.8644,Summer,6 Aug,22,-32.46,216.56,0.0,0.0,0.0,0.0,180.0,0.0,0.0,0.0,0.0,0.0,0.0,0.0,1.8,-1.8,28.61,0.0,night_discharging
Chaharmahal & Bakhtiari,Shahrekord,32.3256,50.8644,Summer,6 Aug,23,-38.55,200.54,0.0,0.0,0.0,0.0,180.0,0.0,0.0,0.0,0.0,0.0,0.0,0.0,1.8,-1.8,26.72,0.0,night_discharging
Chaharmahal & Bakhtiari,Shahrekord,32.3256,50.8644,Autumn,6 Nov,0,-73.61,174.42,0.0,0.0,0.0,0.0,180.0,0.0,0.0,0.0,0.0,0.0,0.0,0.0,1.8,-1.8,21.38,0.0,night_discharging
Chaharmahal & Bakhtiari,Shahrekord,32.3256,50.8644,Autumn,6 Nov,1,-69.67,140.25,0.0,0.0,0.0,0.0,180.0,0.0,0.0,0.0,0.0,0.0,0.0,0.0,1.8,-1.8,19.49,0.0,night_discharging
Chaharmahal & Bakhtiari,Shahrekord,32.3256,50.8644,Autumn,6 Nov,2,-59.56,115.66,0.0,0.0,0.0,0.0,180.0,0.0,0.0,0.0,0.0,0.0,0.0,0.0,1.8,-1.8,17.6,0.0,night_discharging
Chaharmahal & Bakhtiari,Shahrekord,32.3256,50.8644,Autumn,6 Nov,3,-47.56,102.04,0.0,0.0,0.0,0.0,180.0,0.0,0.0,0.0,0.0,0.0,0.0,0.0,1.8,-1.8,15.71,0.0,night_discharging
Chaharmahal & Bakhtiari,Shahrekord,32.3256,50.8644,Autumn,6 Nov,4,-34.99,92.57,0.0,0.0,0.0,0.0,180.0,0.0,0.0,0.0,0.0,0.0,0.0,0.0,1.8,-1.8,13.82,0.0,night_discharging
Chaharmahal & Bakhtiari,Shahrekord,32.3256,50.8644,Autumn,6 Nov,5,-22.33,84.68,0.0,0.0,0.0,0.0,180.0,0.0,0.0,0.0,0.0,0.0,0.0,0.0,1.44,-1.44,12.3,0.0,night_discharging
Chaharmahal & Bakhtiari,Shahrekord,32.3256,50.8644,Autumn,6 Nov,6,-9.82,77.2,0.0,0.0,0.0,0.0,180.0,0.0,0.0,0.0,0.0,0.0,0.0,0.0,1.44,-1.44,10.78,0.0,night_discharging
Chaharmahal & Bakhtiari,Shahrekord,32.3256,50.8644,Autumn,6 Nov,7,2.31,69.39,53.8,25.3,27.4,85.0,69.39,110.61,85.0,0.0,66.9,23.3,27.4,0.29,1.25,-0.96,9.77,0.0,day_discharging
Chaharmahal & Bakhtiari,Shahrekord,32.3256,50.8644,Autumn,6 Nov,8,13.8,60.57,485.7,38.9,154.7,76.2,60.57,119.43,76.2,0.0,509.8,35.9,154.7,2.24,1.25,0.99,10.71,0.0,day_charging
Chaharmahal & Bakhtiari,Shahrekord,32.3256,50.8644,Autumn,6 Nov,9,24.23,50.03,637.6,56.4,318.1,65.77,50.03,129.97,65.77,0.0,677.4,76.1,318.1,2.98,1.25,1.73,12.35,0.0,day_charging
Chaharmahal & Bakhtiari,Shahrekord,32.3256,50.8644,Autumn,6 Nov,10,32.97,36.94,701.0,70.8,452.3,57.03,36.94,143.06,57.03,0.0,755.7,139.8,452.3,3.32,1.25,2.07,14.32,0.0,day_charging
Chaharmahal & Bakhtiari,Shahrekord,32.3256,50.8644,Autumn,6 Nov,11,39.12,20.77,729.7,80.2,540.6,50.88,20.77,159.23,50.88,0.0,795.2,184.1,540.6,3.5,1.25,2.25,16.46,0.0,day_charging
Chaharmahal & Bakhtiari,Shahrekord,32.3256,50.8644,Autumn,6 Nov,12,41.65,2.1,739.1,83.9,575.1,48.35,2.1,177.9,48.35,0.0,809.0,201.6,575.1,3.56,1.25,2.31,18.65,0.0,day_charging
Chaharmahal & Bakhtiari,Shahrekord,32.3256,50.8644,Autumn,6 Nov,13,40.01,343.14,733.2,81.6,552.9,49.99,343.14,-163.14,49.99,0.0,800.2,190.3,552.9,3.52,1.25,2.27,20.81,0.0,day_charging
Chaharmahal & Bakhtiari,Shahrekord,32.3256,50.8644,Autumn,6 Nov,14,34.57,326.32,709.4,73.3,475.8,55.43,326.32,-146.32,55.43,0.0,766.9,151.5,475.8,3.37,1.25,2.12,22.82,0.0,day_charging
Chaharmahal & Bakhtiari,Shahrekord,32.3256,50.8644,Autumn,6 Nov,15,26.3,312.58,656.0,59.9,350.6,63.7,312.58,-132.58,63.7,0.0,699.2,91.0,350.6,3.08,1.25,1.83,24.56,0.0,day_charging
Chaharmahal & Bakhtiari,Shahrekord,32.3256,50.8644,Autumn,6 Nov,16,16.18,301.55,532.8,42.8,191.3,73.82,301.55,-121.55,73.82,0.0,560.2,39.6,191.3,2.46,1.25,1.21,25.71,0.0,day_charging
Chaharmahal & Bakhtiari,Shahrekord,32.3256,50.8644,Autumn,6 Nov,17,4.88,292.42,175.1,26.8,41.7,85.0,292.42,-112.42,85.0,0.0,189.6,24.8,41.7,0.83,1.25,-0.42,25.27,0.0,day_discharging
Chaharmahal & Bakhtiari,Shahrekord,32.3256,50.8644,Autumn,6 Nov,18,-7.13,284.45,0.0,0.0,0.0,0.0,180.0,0.0,0.0,0.0,0.0,0.0,0.0,0.0,1.44,-1.44,23.75,0.0,night_discharging
Chaharmahal & Bakhtiari,Shahrekord,32.3256,50.8644,Autumn,6 Nov,19,-19.58,276.96,0.0,0.0,0.0,0.0,180.0,0.0,0.0,0.0,0.0,0.0,0.0,0.0,1.44,-1.44,22.23,0.0,night_discharging
Chaharmahal & Bakhtiari,Shahrekord,32.3256,50.8644,Autumn,6 Nov,20,-32.23,269.24,0.0,0.0,0.0,0.0,180.0,0.0,0.0,0.0,0.0,0.0,0.0,0.0,1.8,-1.8,20.34,0.0,night_discharging
Chaharmahal & Bakhtiari,Shahrekord,32.3256,50.8644,Autumn,6 Nov,21,-44.84,260.25,0.0,0.0,0.0,0.0,180.0,0.0,0.0,0.0,0.0,0.0,0.0,0.0,1.8,-1.8,18.45,0.0,night_discharging
Chaharmahal & Bakhtiari,Shahrekord,32.3256,50.8644,Autumn,6 Nov,22,-57.03,247.9,0.0,0.0,0.0,0.0,180.0,0.0,0.0,0.0,0.0,0.0,0.0,0.0,1.8,-1.8,16.56,0.0,night_discharging
Chaharmahal & Bakhtiari,Shahrekord,32.3256,50.8644,Autumn,6 Nov,23,-67.77,226.67,0.0,0.0,0.0,0.0,180.0,0.0,0.0,0.0,0.0,0.0,0.0,0.0,1.8,-1.8,14.67,0.0,night_discharging
Chaharmahal & Bakhtiari,Shahrekord,32.3256,50.8644,Winter,4 Feb,0,-73.81,174.36,0.0,0.0,0.0,0.0,180.0,0.0,0.0,0.0,0.0,0.0,0.0,0.0,1.8,-1.8,21.38,0.0,night_discharging
Chaharmahal & Bakhtiari,Shahrekord,32.3256,50.8644,Winter,4 Feb,1,-69.83,139.93,0.0,0.0,0.0,0.0,180.0,0.0,0.0,0.0,0.0,0.0,0.0,0.0,1.8,-1.8,19.49,0.0,night_discharging
Chaharmahal & Bakhtiari,Shahrekord,32.3256,50.8644,Winter,4 Feb,2,-59.68,115.35,0.0,0.0,0.0,0.0,180.0,0.0,0.0,0.0,0.0,0.0,0.0,0.0,1.8,-1.8,17.6,0.0,night_discharging
Chaharmahal & Bakhtiari,Shahrekord,32.3256,50.8644,Winter,4 Feb,3,-47.66,101.78,0.0,0.0,0.0,0.0,180.0,0.0,0.0,0.0,0.0,0.0,0.0,0.0,1.8,-1.8,15.71,0.0,night_discharging
Chaharmahal & Bakhtiari,Shahrekord,32.3256,50.8644,Winter,4 Feb,4,-35.09,92.35,0.0,0.0,0.0,0.0,180.0,0.0,0.0,0.0,0.0,0.0,0.0,0.0,1.8,-1.8,13.82,0.0,night_discharging
Chaharmahal & Bakhtiari,Shahrekord,32.3256,50.8644,Winter,4 Feb,5,-22.43,84.49,0.0,0.0,0.0,0.0,180.0,0.0,0.0,0.0,0.0,0.0,0.0,0.0,1.44,-1.44,12.3,0.0,night_discharging
Chaharmahal & Bakhtiari,Shahrekord,32.3256,50.8644,Winter,4 Feb,6,-9.92,77.03,0.0,0.0,0.0,0.0,180.0,0.0,0.0,0.0,0.0,0.0,0.0,0.0,1.44,-1.44,10.78,0.0,night_discharging
Chaharmahal & Bakhtiari,Shahrekord,32.3256,50.8644,Winter,4 Feb,7,2.2,69.22,49.3,25.2,27.1,85.0,69.22,110.78,85.0,0.0,62.4,23.3,27.1,0.27,1.25,-0.98,9.75,0.0,day_discharging
Chaharmahal & Bakhtiari,Shahrekord,32.3256,50.8644,Winter,4 Feb,8,13.67,60.42,482.8,38.7,152.8,76.33,60.42,119.58,76.33,0.0,506.7,35.8,152.8,2.23,1.25,0.98,10.68,0.0,day_charging
Chaharmahal & Bakhtiari,Shahrekord,32.3256,50.8644,Winter,4 Feb,9,24.08,49.88,636.2,56.1,315.7,65.92,49.88,130.12,65.92,0.0,675.8,73.7,315.7,2.97,1.25,1.72,12.31,0.0,day_charging
Chaharmahal & Bakhtiari,Shahrekord,32.3256,50.8644,Winter,4 Feb,10,32.8,36.81,700.1,70.5,449.7,57.2,36.81,143.19,57.2,0.0,754.4,137.1,449.7,3.32,1.25,2.07,14.28,0.0,day_charging
Chaharmahal & Bakhtiari,Shahrekord,32.3256,50.8644,Winter,4 Feb,11,38.93,20.69,729.0,80.0,538.0,51.07,20.69,159.31,51.07,0.0,794.1,181.2,538.0,3.49,1.25,2.24,16.41,0.0,day_charging
Chaharmahal & Bakhtiari,Shahrekord,32.3256,50.8644,Winter,4 Feb,12,41.45,2.1,738.4,83.7,572.5,48.55,2.1,177.9,48.55,0.0,807.9,198.7,572.5,3.55,1.25,2.3,18.59,0.0,day_charging
Chaharmahal & Bakhtiari,Shahrekord,32.3256,50.8644,Winter,4 Feb,13,39.81,343.2,732.4,81.3,550.3,50.19,343.2,-163.2,50.19,0.0,799.1,187.4,550.3,3.52,1.25,2.27,20.75,0.0,day_charging
Chaharmahal & Bakhtiari,Shahrekord,32.3256,50.8644,Winter,4 Feb,14,34.39,326.44,708.5,73.0,473.3,55.61,326.44,-146.44,55.61,0.0,765.7,148.7,473.3,3.37,1.25,2.12,22.76,0.0,day_charging
Chaharmahal & Bakhtiari,Shahrekord,32.3256,50.8644,Winter,4 Feb,15,26.15,312.73,654.8,59.6,348.2,63.85,312.73,-132.73,63.85,0.0,697.7,88.5,348.2,3.07,1.25,1.82,24.49,0.0,day_charging
Chaharmahal & Bakhtiari,Shahrekord,32.3256,50.8644,Winter,4 Feb,16,16.05,301.71,530.4,42.6,189.2,73.95,301.71,-121.71,73.95,0.0,557.6,39.4,189.2,2.45,1.25,1.2,25.63,0.0,day_charging
Chaharmahal & Bakhtiari,Shahrekord,32.3256,50.8644,Winter,4 Feb,17,4.77,292.59,169.3,26.7,40.8,85.0,292.59,-112.59,85.0,0.0,183.8,24.7,40.8,0.81,1.25,-0.44,25.17,0.0,day_discharging
Chaharmahal & Bakhtiari,Shahrekord,32.3256,50.8644,Winter,4 Feb,18,-7.24,284.62,0.0,0.0,0.0,0.0,180.0,0.0,0.0,0.0,0.0,0.0,0.0,0.0,1.44,-1.44,23.65,0.0,night_discharging
Chaharmahal & Bakhtiari,Shahrekord,32.3256,50.8644,Winter,4 Feb,19,-19.68,277.14,0.0,0.0,0.0,0.0,180.0,0.0,0.0,0.0,0.0,0.0,0.0,0.0,1.44,-1.44,22.13,0.0,night_discharging
Chaharmahal & Bakhtiari,Shahrekord,32.3256,50.8644,Winter,4 Feb,20,-32.32,269.44,0.0,0.0,0.0,0.0,180.0,0.0,0.0,0.0,0.0,0.0,0.0,0.0,1.8,-1.8,20.24,0.0,night_discharging
Chaharmahal & Bakhtiari,Shahrekord,32.3256,50.8644,Winter,4 Feb,21,-44.94,260.5,0.0,0.0,0.0,0.0,180.0,0.0,0.0,0.0,0.0,0.0,0.0,0.0,1.8,-1.8,18.35,0.0,night_discharging
Chaharmahal & Bakhtiari,Shahrekord,32.3256,50.8644,Winter,4 Feb,22,-57.15,248.2,0.0,0.0,0.0,0.0,180.0,0.0,0.0,0.0,0.0,0.0,0.0,0.0,1.8,-1.8,16.46,0.0,night_discharging
Chaharmahal & Bakhtiari,Shahrekord,32.3256,50.8644,Winter,4 Feb,23,-67.92,227.01,0.0,0.0,0.0,0.0,180.0,0.0,0.0,0.0,0.0,0.0,0.0,0.0,1.8,-1.8,14.57,0.0,night_discharging
Mazandaran,Sari,36.5633,53.0601,Spring,5 May,0,-37.13,179.33,0.0,0.0,0.0,0.0,180.0,0.0,0.0,0.0,0.0,0.0,0.0,0.0,1.8,-1.8,17.61,0.0,night_discharging
Mazandaran,Sari,36.5633,53.0601,Spring,5 May,1,-35.13,161.65,0.0,0.0,0.0,0.0,180.0,0.0,0.0,0.0,0.0,0.0,0.0,0.0,1.8,-1.8,15.72,0.0,night_discharging
Mazandaran,Sari,36.5633,53.0601,Spring,5 May,2,-29.78,145.79,0.0,0.0,0.0,0.0,180.0,0.0,0.0,0.0,0.0,0.0,0.0,0.0,1.8,-1.8,13.83,0.0,night_discharging
Mazandaran,Sari,36.5633,53.0601,Spring,5 May,3,-21.87,132.4,0.0,0.0,0.0,0.0,180.0,0.0,0.0,0.0,0.0,0.0,0.0,0.0,1.8,-1.8,11.94,0.0,night_discharging
Mazandaran,Sari,36.5633,53.0601,Spring,5 May,4,-12.22,121.21,0.0,0.0,0.0,0.0,180.0,0.0,0.0,0.0,0.0,0.0,0.0,0.0,1.8,-1.8,10.05,0.0,night_discharging
Mazandaran,Sari,36.5633,53.0601,Spring,5 May,5,-1.43,111.6,0.0,0.0,0.0,0.0,180.0,0.0,0.0,0.0,0.0,0.0,0.0,0.0,1.44,-1.44,8.53,0.0,night_discharging
Mazandaran,Sari,36.5633,53.0601,Spring,5 May,6,10.06,102.9,386.6,33.1,100.7,79.94,102.9,77.1,79.94,0.0,406.0,134.2,100.7,1.72,1.44,0.28,8.8,0.0,day_charging
Mazandaran,Sari,36.5633,53.0601,Spring,5 May,7,21.96,94.46,614.3,52.6,282.3,68.04,94.46,85.54,68.04,0.0,650.4,261.4,282.3,2.75,1.25,1.5,10.23,0.0,day_charging
Mazandaran,Sari,36.5633,53.0601,Spring,5 May,8,34.0,85.48,706.5,72.4,467.5,56.0,85.48,94.52,56.0,0.0,763.0,363.0,467.5,3.22,1.25,1.97,12.1,0.0,day_charging
Mazandaran,Sari,36.5633,53.0601,Spring,5 May,9,45.86,74.78,752.3,89.8,629.7,44.14,74.78,105.22,44.14,0.0,829.4,445.0,629.7,3.5,1.25,2.25,14.24,0.0,day_charging
Mazandaran,Sari,36.5633,53.0601,Spring,5 May,10,56.99,59.99,776.8,103.2,754.6,33.01,59.99,120.01,33.01,0.0,871.7,506.0,754.6,3.68,1.25,2.43,16.55,0.0,day_charging
Mazandaran,Sari,36.5633,53.0601,Spring,5 May,11,66.03,36.1,789.1,111.5,832.6,23.97,36.1,143.9,23.97,0.0,895.8,543.5,832.6,3.78,1.25,2.53,18.95,0.0,day_charging
Mazandaran,Sari,36.5633,53.0601,Spring,5 May,12,69.73,358.45,792.7,114.2,857.8,20.27,358.45,-178.45,20.27,0.0,903.4,555.6,857.8,3.82,1.25,2.57,21.39,0.0,day_charging
Mazandaran,Sari,36.5633,53.0601,Spring,5 May,13,65.49,321.65,788.5,111.1,828.5,24.51,321.65,-141.65,24.51,0.0,894.6,541.6,828.5,3.78,1.25,2.53,23.79,0.0,day_charging
Mazandaran,Sari,36.5633,53.0601,Spring,5 May,14,56.2,298.68,775.5,102.3,746.8,33.8,298.68,-118.68,33.8,0.0,869.2,502.3,746.8,3.67,1.25,2.42,26.09,0.0,day_charging
Mazandaran,Sari,36.5633,53.0601,Spring,5 May,15,44.99,284.32,749.8,88.6,618.7,45.01,284.32,-104.32,45.01,0.0,825.4,439.6,618.7,3.49,1.25,2.24,28.22,0.0,day_charging
Mazandaran,Sari,36.5633,53.0601,Spring,5 May,16,33.1,273.81,701.7,71.0,454.2,56.9,273.81,-93.81,56.9,0.0,756.6,356.1,454.2,3.2,1.25,1.78,29.91,0.0,day_charging
Mazandaran,Sari,36.5633,53.0601,Spring,5 May,17,21.07,264.91,604.0,51.1,268.1,68.93,264.91,-84.91,68.93,0.0,638.7,253.0,268.1,2.7,1.25,0.09,30.0,0.0,day_charging
Mazandaran,Sari,36.5633,53.0601,Spring,5 May,18,9.19,256.47,357.5,31.8,88.9,80.81,256.47,-76.47,80.81,0.0,376.0,123.1,88.9,1.59,1.44,0.0,30.0,0.0,day_idle
Mazandaran,Sari,36.5633,53.0601,Spring,5 May,19,-2.27,247.72,0.0,0.0,0.0,0.0,180.0,0.0,0.0,0.0,0.0,0.0,0.0,0.0,1.44,-1.44,28.48,0.0,night_discharging
Mazandaran,Sari,36.5633,53.0601,Spring,5 May,20,-12.99,238.02,0.0,0.0,0.0,0.0,180.0,0.0,0.0,0.0,0.0,0.0,0.0,0.0,1.8,-1.8,26.59,0.0,night_discharging
Mazandaran,Sari,36.5633,53.0601,Spring,5 May,21,-22.53,226.68,0.0,0.0,0.0,0.0,180.0,0.0,0.0,0.0,0.0,0.0,0.0,0.0,1.8,-1.8,24.7,0.0,night_discharging
Mazandaran,Sari,36.5633,53.0601,Spring,5 May,22,-30.28,213.11,0.0,0.0,0.0,0.0,180.0,0.0,0.0,0.0,0.0,0.0,0.0,0.0,1.8,-1.8,22.81,0.0,night_discharging
Mazandaran,Sari,36.5633,53.0601,Spring,5 May,23,-35.41,197.08,0.0,0.0,0.0,0.0,180.0,0.0,0.0,0.0,0.0,0.0,0.0,0.0,1.8,-1.8,20.92,0.0,night_discharging
Mazandaran,Sari,36.5633,53.0601,Summer,6 Aug,0,-36.83,179.33,0.0,0.0,0.0,0.0,180.0,0.0,0.0,0.0,0.0,0.0,0.0,0.0,1.8,-1.8,17.61,0.0,night_discharging
Mazandaran,Sari,36.5633,53.0601,Summer,6 Aug,1,-34.84,161.75,0.0,0.0,0.0,0.0,180.0,0.0,0.0,0.0,0.0,0.0,0.0,0.0,1.8,-1.8,15.72,0.0,night_discharging
Mazandaran,Sari,36.5633,53.0601,Summer,6 Aug,2,-29.51,145.95,0.0,0.0,0.0,0.0,180.0,0.0,0.0,0.0,0.0,0.0,0.0,0.0,1.8,-1.8,13.83,0.0,night_discharging
Mazandaran,Sari,36.5633,53.0601,Summer,6 Aug,3,-21.64,132.6,0.0,0.0,0.0,0.0,180.0,0.0,0.0,0.0,0.0,0.0,0.0,0.0,1.8,-1.8,11.94,0.0,night_discharging
Mazandaran,Sari,36.5633,53.0601,Summer,6 Aug,4,-12.01,121.43,0.0,0.0,0.0,0.0,180.0,0.0,0.0,0.0,0.0,0.0,0.0,0.0,1.8,-1.8,10.05,0.0,night_discharging
Mazandaran,Sari,36.5633,53.0601,Summer,6 Aug,5,-1.25,111.83,0.0,0.0,0.0,0.0,180.0,0.0,0.0,0.0,0.0,0.0,0.0,0.0,1.44,-1.44,8.53,0.0,night_discharging
Mazandaran,Sari,36.5633,53.0601,Summer,6 Aug,6,10.24,103.15,392.0,33.4,103.0,79.76,103.15,76.85,79.76,0.0,411.7,137.8,103.0,1.74,1.44,0.3,8.81,0.0,day_charging
Mazandaran,Sari,36.5633,53.0601,Summer,6 Aug,7,22.13,94.73,616.2,52.9,284.9,67.87,94.73,85.27,67.87,0.0,652.5,265.2,284.9,2.76,1.25,1.51,10.24,0.0,day_charging
Mazandaran,Sari,36.5633,53.0601,Summer,6 Aug,8,34.16,85.79,707.4,72.7,469.9,55.84,85.79,94.21,55.84,0.0,764.1,366.8,469.9,3.23,1.25,1.98,12.12,0.0,day_charging
Mazandaran,Sari,36.5633,53.0601,Summer,6 Aug,9,46.03,75.13,752.8,90.0,631.9,43.97,75.13,104.87,43.97,0.0,830.2,448.8,631.9,3.51,1.25,2.26,14.27,0.0,day_charging
Mazandaran,Sari,36.5633,53.0601,Summer,6 Aug,10,57.19,60.39,777.2,103.4,756.6,32.81,60.39,119.61,32.81,0.0,872.3,509.8,756.6,3.68,1.25,2.43,16.58,0.0,day_charging
Mazandaran,Sari,36.5633,53.0601,Summer,6 Aug,11,66.29,36.46,789.4,111.7,834.5,23.71,36.46,143.54,23.71,0.0,896.4,547.2,834.5,3.79,1.25,2.54,18.99,0.0,day_charging
Mazandaran,Sari,36.5633,53.0601,Summer,6 Aug,12,70.03,358.43,792.9,114.4,859.7,19.97,358.43,-178.43,19.97,0.0,903.9,559.3,859.7,3.82,1.25,2.57,21.43,0.0,day_charging
Mazandaran,Sari,36.5633,53.0601,Summer,6 Aug,13,65.74,321.27,788.8,111.3,830.4,24.26,321.27,-141.27,24.26,0.0,895.1,545.3,830.4,3.78,1.25,2.53,23.83,0.0,day_charging
Mazandaran,Sari,36.5633,53.0601,Summer,6 Aug,14,56.41,298.28,775.8,102.6,748.8,33.59,298.28,-118.28,33.59,0.0,869.8,506.0,748.8,3.67,1.25,2.42,26.13,0.0,day_charging
Mazandaran,Sari,36.5633,53.0601,Summer,6 Aug,15,45.16,283.97,750.3,88.8,620.9,44.84,283.97,-103.97,44.84,0.0,826.2,443.4,620.9,3.49,1.25,2.24,28.26,0.0,day_charging
Mazandaran,Sari,36.5633,53.0601,Summer,6 Aug,16,33.27,273.51,702.6,71.2,456.7,56.73,273.51,-93.51,56.73,0.0,757.8,359.9,456.7,3.2,1.25,1.74,29.91,0.0,day_charging
Mazandaran,Sari,36.5633,53.0601,Summer,6 Aug,17,21.23,264.64,605.9,51.3,270.8,68.77,264.64,-84.64,68.77,0.0,640.9,256.7,270.8,2.71,1.25,0.09,30.0,0.0,day_charging
Mazandaran,Sari,36.5633,53.0601,Summer,6 Aug,18,9.36,256.22,363.5,32.1,91.2,80.64,256.22,-76.22,80.64,0.0,382.2,126.6,91.2,1.61,1.44,0.0,30.0,0.0,day_idle
Mazandaran,Sari,36.5633,53.0601,Summer,6 Aug,19,-2.08,247.49,0.0,0.0,0.0,0.0,180.0,0.0,0.0,0.0,0.0,0.0,0.0,0.0,1.44,-1.44,28.48,0.0,night_discharging
Mazandaran,Sari,36.5633,53.0601,Summer,6 Aug,20,-12.78,237.8,0.0,0.0,0.0,0.0,180.0,0.0,0.0,0.0,0.0,0.0,0.0,0.0,1.8,-1.8,26.59,0.0,night_discharging
Mazandaran,Sari,36.5633,53.0601,Summer,6 Aug,21,-22.3,226.49,0.0,0.0,0.0,0.0,180.0,0.0,0.0,0.0,0.0,0.0,0.0,0.0,1.8,-1.8,24.7,0.0,night_discharging
Mazandaran,Sari,36.5633,53.0601,Summer,6 Aug,22,-30.01,212.95,0.0,0.0,0.0,0.0,180.0,0.0,0.0,0.0,0.0,0.0,0.0,0.0,1.8,-1.8,22.81,0.0,night_discharging
Mazandaran,Sari,36.5633,53.0601,Summer,6 Aug,23,-35.12,196.99,0.0,0.0,0.0,0.0,180.0,0.0,0.0,0.0,0.0,0.0,0.0,0.0,1.8,-1.8,20.92,0.0,night_discharging
Mazandaran,Sari,36.5633,53.0601,Autumn,6 Nov,0,-69.43,178.47,0.0,0.0,0.0,0.0,180.0,0.0,0.0,0.0,0.0,0.0,0.0,0.0,1.8,-1.8,17.61,0.0,night_discharging
Mazandaran,Sari,36.5633,53.0601,Autumn,6 Nov,1,-65.23,142.02,0.0,0.0,0.0,0.0,180.0,0.0,0.0,0.0,0.0,0.0,0.0,0.0,1.8,-1.8,15.72,0.0,night_discharging
Mazandaran,Sari,36.5633,53.0601,Autumn,6 Nov,2,-56.0,119.07,0.0,0.0,0.0,0.0,180.0,0.0,0.0,0.0,0.0,0.0,0.0,0.0,1.8,-1.8,13.83,0.0,night_discharging
Mazandaran,Sari,36.5633,53.0601,Autumn,6 Nov,3,-44.81,104.66,0.0,0.0,0.0,0.0,180.0,0.0,0.0,0.0,0.0,0.0,0.0,0.0,1.8,-1.8,11.94,0.0,night_discharging
Mazandaran,Sari,36.5633,53.0601,Autumn,6 Nov,4,-32.94,94.1,0.0,0.0,0.0,0.0,180.0,0.0,0.0,0.0,0.0,0.0,0.0,0.0,1.8,-1.8,10.05,0.0,night_discharging
Mazandaran,Sari,36.5633,53.0601,Autumn,6 Nov,5,-20.9,85.17,0.0,0.0,0.0,0.0,180.0,0.0,0.0,0.0,0.0,0.0,0.0,0.0,1.44,-1.44,8.53,0.0,night_discharging
Mazandaran,Sari,36.5633,53.0601,Autumn,6 Nov,6,-9.01,76.71,0.0,0.0,0.0,0.0,180.0,0.0,0.0,0.0,0.0,0.0,0.0,0.0,1.44,-1.36,7.17,0.08,night_idle
Mazandaran,Sari,36.5633,53.0601,Autumn,6 Nov,7,2.46,67.95,59.7,25.3,27.9,85.0,67.95,112.05,85.0,0.0,72.9,23.0,27.9,0.31,1.25,-0.0,7.17,0.94,day_discharging
Mazandaran,Sari,36.5633,53.0601,Autumn,6 Nov,8,13.2,58.23,472.1,37.9,145.8,76.8,58.23,121.77,76.8,0.0,495.4,34.5,145.8,2.09,1.25,0.84,7.97,0.0,day_charging
Mazandaran,Sari,36.5633,53.0601,Autumn,6 Nov,9,22.77,46.88,623.1,53.9,295.1,67.23,46.88,133.12,67.23,0.0,660.5,49.1,295.1,2.79,1.25,1.54,9.43,0.0,day_charging
Mazandaran,Sari,36.5633,53.0601,Autumn,6 Nov,10,30.54,33.27,686.7,66.9,415.8,59.46,33.27,146.73,59.46,0.0,737.1,63.1,415.8,3.11,1.25,1.86,11.2,0.0,day_charging
Mazandaran,Sari,36.5633,53.0601,Autumn,6 Nov,11,35.7,17.17,714.9,75.1,492.2,54.3,17.17,162.83,54.3,0.0,774.4,91.8,492.2,3.27,1.25,2.02,13.12,0.0,day_charging
Mazandaran,Sari,36.5633,53.0601,Autumn,6 Nov,12,37.43,359.32,722.8,77.7,517.1,52.57,359.32,-179.32,52.57,0.0,785.3,101.4,517.1,3.32,1.25,2.07,15.09,0.0,day_charging
Mazandaran,Sari,36.5633,53.0601,Autumn,6 Nov,13,35.42,341.55,713.6,74.6,488.2,54.58,341.55,-161.55,54.58,0.0,772.6,90.3,488.2,3.26,1.25,2.01,17.0,0.0,day_charging
Mazandaran,Sari,36.5633,53.0601,Autumn,6 Nov,14,30.04,325.63,683.5,66.1,408.2,59.96,325.63,-145.63,59.96,0.0,733.0,60.3,408.2,3.1,1.25,1.85,18.76,0.0,day_charging
Mazandaran,Sari,36.5633,53.0601,Autumn,6 Nov,15,22.11,312.2,616.0,52.8,284.7,67.89,312.2,-132.2,67.89,0.0,652.3,48.0,284.7,2.76,1.25,1.51,20.19,0.0,day_charging
Mazandaran,Sari,36.5633,53.0601,Autumn,6 Nov,16,12.43,300.99,453.6,36.7,134.4,77.57,300.99,-120.99,77.57,0.0,475.9,33.4,134.4,2.01,1.25,0.76,20.91,0.0,day_charging
Mazandaran,Sari,36.5633,53.0601,Autumn,6 Nov,17,1.62,291.37,29.5,25.1,25.9,85.0,291.37,-111.37,85.0,0.0,42.4,22.8,25.9,0.18,1.25,-1.07,19.78,0.0,day_discharging
Mazandaran,Sari,36.5633,53.0601,Autumn,6 Nov,18,-9.89,282.65,0.0,0.0,0.0,0.0,180.0,0.0,0.0,0.0,0.0,0.0,0.0,0.0,1.44,-1.44,18.26,0.0,night_discharging
Mazandaran,Sari,36.5633,53.0601,Autumn,6 Nov,19,-21.8,274.19,0.0,0.0,0.0,0.0,180.0,0.0,0.0,0.0,0.0,0.0,0.0,0.0,1.44,-1.44,16.74,0.0,night_discharging
Mazandaran,Sari,36.5633,53.0601,Autumn,6 Nov,20,-33.83,265.18,0.0,0.0,0.0,0.0,180.0,0.0,0.0,0.0,0.0,0.0,0.0,0.0,1.8,-1.8,14.85,0.0,night_discharging
Mazandaran,Sari,36.5633,53.0601,Autumn,6 Nov,21,-45.68,254.44,0.0,0.0,0.0,0.0,180.0,0.0,0.0,0.0,0.0,0.0,0.0,0.0,1.8,-1.8,12.96,0.0,night_discharging
Mazandaran,Sari,36.5633,53.0601,Autumn,6 Nov,22,-56.78,239.59,0.0,0.0,0.0,0.0,180.0,0.0,0.0,0.0,0.0,0.0,0.0,0.0,1.8,-1.8,11.07,0.0,night_discharging
Mazandaran,Sari,36.5633,53.0601,Autumn,6 Nov,23,-65.77,215.74,0.0,0.0,0.0,0.0,180.0,0.0,0.0,0.0,0.0,0.0,0.0,0.0,1.8,-1.8,9.18,0.0,night_discharging
Mazandaran,Sari,36.5633,53.0601,Winter,4 Feb,0,-69.63,178.45,0.0,0.0,0.0,0.0,180.0,0.0,0.0,0.0,0.0,0.0,0.0,0.0,1.8,-1.8,17.61,0.0,night_discharging
Mazandaran,Sari,36.5633,53.0601,Winter,4 Feb,1,-65.4,141.77,0.0,0.0,0.0,0.0,180.0,0.0,0.0,0.0,0.0,0.0,0.0,0.0,1.8,-1.8,15.72,0.0,night_discharging
Mazandaran,Sari,36.5633,53.0601,Winter,4 Feb,2,-56.14,118.81,0.0,0.0,0.0,0.0,180.0,0.0,0.0,0.0,0.0,0.0,0.0,0.0,1.8,-1.8,13.83,0.0,night_discharging
Mazandaran,Sari,36.5633,53.0601,Winter,4 Feb,3,-44.93,104.43,0.0,0.0,0.0,0.0,180.0,0.0,0.0,0.0,0.0,0.0,0.0,0.0,1.8,-1.8,11.94,0.0,night_discharging
Mazandaran,Sari,36.5633,53.0601,Winter,4 Feb,4,-33.05,93.91,0.0,0.0,0.0,0.0,180.0,0.0,0.0,0.0,0.0,0.0,0.0,0.0,1.8,-1.8,10.05,0.0,night_discharging
Mazandaran,Sari,36.5633,53.0601,Winter,4 Feb,5,-21.01,85.0,0.0,0.0,0.0,0.0,180.0,0.0,0.0,0.0,0.0,0.0,0.0,0.0,1.44,-1.44,8.53,0.0,night_discharging
Mazandaran,Sari,36.5633,53.0601,Winter,4 Feb,6,-9.13,76.55,0.0,0.0,0.0,0.0,180.0,0.0,0.0,0.0,0.0,0.0,0.0,0.0,1.44,-1.36,7.17,0.08,night_idle
Mazandaran,Sari,36.5633,53.0601,Winter,4 Feb,7,2.33,67.8,54.6,25.3,27.5,85.0,67.8,112.2,85.0,0.0,67.7,23.0,27.5,0.29,1.25,-0.0,7.17,0.96,day_discharging
Mazandaran,Sari,36.5633,53.0601,Winter,4 Feb,8,13.06,58.09,468.8,37.7,143.7,76.94,58.09,121.91,76.94,0.0,491.9,34.3,143.7,2.08,1.25,0.83,7.96,0.0,day_charging
Mazandaran,Sari,36.5633,53.0601,Winter,4 Feb,9,22.61,46.75,621.4,53.7,292.6,67.39,46.75,133.25,67.39,0.0,658.6,48.8,292.6,2.78,1.25,1.53,9.41,0.0,day_charging
Mazandaran,Sari,36.5633,53.0601,Winter,4 Feb,10,30.37,33.16,685.6,66.6,413.2,59.63,33.16,146.84,59.63,0.0,735.7,60.6,413.2,3.11,1.25,1.86,11.18,0.0,day_charging
Mazandaran,Sari,36.5633,53.0601,Winter,4 Feb,11,35.5,17.11,714.0,74.8,489.4,54.5,17.11,162.89,54.5,0.0,773.1,89.0,489.4,3.27,1.25,2.02,13.1,0.0,day_charging
Mazandaran,Sari,36.5633,53.0601,Winter,4 Feb,12,37.23,359.32,721.9,77.4,514.2,52.77,359.32,-179.32,52.77,0.0,784.0,98.6,514.2,3.31,1.25,2.06,15.06,0.0,day_charging
Mazandaran,Sari,36.5633,53.0601,Winter,4 Feb,13,35.23,341.62,712.7,74.3,485.4,54.77,341.62,-161.62,54.77,0.0,771.3,87.5,485.4,3.26,1.25,2.01,16.97,0.0,day_charging
Mazandaran,Sari,36.5633,53.0601,Winter,4 Feb,14,29.87,325.73,682.3,65.8,405.6,60.13,325.73,-145.73,60.13,0.0,731.6,59.8,405.6,3.09,1.25,1.84,18.72,0.0,day_charging
Mazandaran,Sari,36.5633,53.0601,Winter,4 Feb,15,21.95,312.33,614.2,52.6,282.2,68.05,312.33,-132.33,68.05,0.0,650.3,47.8,282.2,2.75,1.25,1.5,20.14,0.0,day_charging
Mazandaran,Sari,36.5633,53.0601,Winter,4 Feb,16,12.29,301.14,450.0,36.5,132.3,77.71,301.14,-121.14,77.71,0.0,472.2,33.2,132.3,1.99,1.25,0.74,20.84,0.0,day_charging
Mazandaran,Sari,36.5633,53.0601,Winter,4 Feb,17,1.5,291.52,25.9,25.1,25.8,85.0,291.52,-111.52,85.0,0.0,38.7,22.8,25.8,0.16,1.25,-1.09,19.69,0.0,day_discharging
Mazandaran,Sari,36.5633,53.0601,Winter,4 Feb,18,-10.01,282.82,0.0,0.0,0.0,0.0,180.0,0.0,0.0,0.0,0.0,0.0,0.0,0.0,1.44,-1.44,18.17,0.0,night_discharging
Mazandaran,Sari,36.5633,53.0601,Winter,4 Feb,19,-21.91,274.37,0.0,0.0,0.0,0.0,180.0,0.0,0.0,0.0,0.0,0.0,0.0,0.0,1.44,-1.44,16.65,0.0,night_discharging
Mazandaran,Sari,36.5633,53.0601,Winter,4 Feb,20,-33.94,265.38,0.0,0.0,0.0,0.0,180.0,0.0,0.0,0.0,0.0,0.0,0.0,0.0,1.8,-1.8,14.76,0.0,night_discharging
Mazandaran,Sari,36.5633,53.0601,Winter,4 Feb,21,-45.8,254.67,0.0,0.0,0.0,0.0,180.0,0.0,0.0,0.0,0.0,0.0,0.0,0.0,1.8,-1.8,12.87,0.0,night_discharging
Mazandaran,Sari,36.5633,53.0601,Winter,4 Feb,22,-56.92,239.85,0.0,0.0,0.0,0.0,180.0,0.0,0.0,0.0,0.0,0.0,0.0,0.0,1.8,-1.8,10.98,0.0,night_discharging
Mazandaran,Sari,36.5633,53.0601,Winter,4 Feb,23,-65.94,215.97,0.0,0.0,0.0,0.0,180.0,0.0,0.0,0.0,0.0,0.0,0.0,0.0,1.8,-1.8,9.09,0.0,night_discharging
Kurdistan,Sanandaj,35.3219,46.9862,Spring,5 May,0,-38.11,173.27,0.0,0.0,0.0,0.0,180.0,0.0,0.0,0.0,0.0,0.0,0.0,0.0,1.98,-1.98,19.69,0.0,night_discharging
Kurdistan,Sanandaj,35.3219,46.9862,Spring,5 May,1,-37.6,168.48,0.0,0.0,0.0,0.0,180.0,0.0,0.0,0.0,0.0,0.0,0.0,0.0,1.98,-1.98,17.61,0.0,night_discharging
Kurdistan,Sanandaj,35.3219,46.9862,Spring,5 May,2,-33.4,151.54,0.0,0.0,0.0,0.0,180.0,0.0,0.0,0.0,0.0,0.0,0.0,0.0,1.98,-1.98,15.53,0.0,night_discharging
Kurdistan,Sanandaj,35.3219,46.9862,Spring,5 May,3,-26.24,137.12,0.0,0.0,0.0,0.0,180.0,0.0,0.0,0.0,0.0,0.0,0.0,0.0,1.98,-1.98,13.45,0.0,night_discharging
Kurdistan,Sanandaj,35.3219,46.9862,Spring,5 May,4,-17.02,125.21,0.0,0.0,0.0,0.0,180.0,0.0,0.0,0.0,0.0,0.0,0.0,0.0,1.98,-1.98,11.37,0.0,night_discharging
Kurdistan,Sanandaj,35.3219,46.9862,Spring,5 May,5,-6.44,115.22,0.0,0.0,0.0,0.0,180.0,0.0,0.0,0.0,0.0,0.0,0.0,0.0,1.58,-1.58,9.71,0.0,night_discharging
Kurdistan,Sanandaj,35.3219,46.9862,Spring,5 May,6,4.99,106.46,180.4,26.9,42.6,85.0,106.46,73.54,85.0,0.0,195.0,66.1,42.6,0.86,1.58,-0.72,8.95,0.0,day_discharging
Kurdistan,Sanandaj,35.3219,46.9862,Spring,5 May,7,16.94,98.27,545.8,44.1,203.1,73.06,98.27,81.73,73.06,0.0,574.3,214.1,203.1,2.53,1.16,1.37,10.25,0.0,day_charging
Kurdistan,Sanandaj,35.3219,46.9862,Spring,5 May,8,29.13,89.93,677.4,64.6,394.4,60.87,89.93,90.07,60.87,0.0,725.4,332.1,394.4,3.19,1.16,2.03,12.18,0.0,day_charging
Kurdistan,Sanandaj,35.3219,46.9862,Spring,5 May,9,41.32,80.51,738.0,83.5,570.7,48.68,80.51,99.49,48.68,0.0,807.2,429.2,570.7,3.55,1.16,2.39,14.45,0.0,day_charging
Kurdistan,Sanandaj,35.3219,46.9862,Spring,5 May,10,53.1,68.23,769.7,98.9,714.4,36.9,68.23,111.77,36.9,0.0,858.6,504.9,714.4,3.78,1.16,2.62,16.94,0.0,day_charging
Kurdistan,Sanandaj,35.3219,46.9862,Spring,5 May,11,63.6,49.16,786.3,109.5,813.8,26.4,49.16,130.84,26.4,0.0,890.1,556.2,813.8,3.92,1.16,2.76,19.56,0.0,day_charging
Kurdistan,Sanandaj,35.3219,46.9862,Spring,5 May,12,70.35,15.92,793.2,114.6,861.6,19.65,15.92,164.08,19.65,0.0,904.5,580.7,861.6,3.98,1.16,2.82,22.24,0.0,day_charging
Kurdistan,Sanandaj,35.3219,46.9862,Spring,5 May,13,69.18,333.58,792.2,113.9,854.3,20.82,333.58,-153.58,20.82,0.0,902.3,576.9,854.3,3.97,1.16,2.81,24.91,0.0,day_charging
Kurdistan,Sanandaj,35.3219,46.9862,Spring,5 May,14,61.04,304.75,783.0,107.2,792.3,28.96,304.75,-124.75,28.96,0.0,883.5,545.2,792.3,3.89,1.16,2.73,27.5,0.0,day_charging
Kurdistan,Sanandaj,35.3219,46.9862,Spring,5 May,15,50.06,288.08,763.1,95.2,680.2,39.94,288.08,-108.08,39.94,0.0,847.2,487.0,680.2,3.73,1.16,2.57,29.94,0.0,day_charging
Kurdistan,Sanandaj,35.3219,46.9862,Spring,5 May,16,38.11,276.81,725.7,78.7,526.6,51.89,276.81,-96.81,51.89,0.0,789.3,405.4,526.6,3.47,1.16,2.31,32.13,0.0,day_charging
Kurdistan,Sanandaj,35.3219,46.9862,Spring,5 May,17,25.89,267.8,652.6,59.2,344.2,64.11,267.8,-87.8,64.11,0.0,695.1,303.0,344.2,3.06,1.16,1.37,33.43,0.0,day_charging
Kurdistan,Sanandaj,35.3219,46.9862,Spring,5 May,18,13.74,259.58,484.4,38.8,153.9,76.26,259.58,-79.58,76.26,0.0,508.4,178.5,153.9,2.24,1.58,0.07,33.5,0.0,day_charging
Kurdistan,Sanandaj,35.3219,46.9862,Spring,5 May,19,1.9,251.3,38.6,25.2,26.4,85.0,251.3,-71.3,85.0,0.0,51.5,31.0,26.4,0.23,1.58,-1.35,32.08,0.0,day_discharging
Kurdistan,Sanandaj,35.3219,46.9862,Spring,5 May,20,-9.34,242.28,0.0,0.0,0.0,0.0,180.0,0.0,0.0,0.0,0.0,0.0,0.0,0.0,1.98,-1.98,30.0,0.0,night_discharging
Kurdistan,Sanandaj,35.3219,46.9862,Spring,5 May,21,-19.62,231.85,0.0,0.0,0.0,0.0,180.0,0.0,0.0,0.0,0.0,0.0,0.0,0.0,1.98,-1.98,27.92,0.0,night_discharging
Kurdistan,Sanandaj,35.3219,46.9862,Spring,5 May,22,-28.37,219.32,0.0,0.0,0.0,0.0,180.0,0.0,0.0,0.0,0.0,0.0,0.0,0.0,1.98,-1.98,25.84,0.0,night_discharging
Kurdistan,Sanandaj,35.3219,46.9862,Spring,5 May,23,-34.83,204.19,0.0,0.0,0.0,0.0,180.0,0.0,0.0,0.0,0.0,0.0,0.0,0.0,1.98,-1.98,23.76,0.0,night_discharging
Kurdistan,Sanandaj,35.3219,46.9862,Summer,6 Aug,0,-37.82,173.31,0.0,0.0,0.0,0.0,180.0,0.0,0.0,0.0,0.0,0.0,0.0,0.0,1.98,-1.98,19.69,0.0,night_discharging
Kurdistan,Sanandaj,35.3219,46.9862,Summer,6 Aug,1,-37.3,168.55,0.0,0.0,0.0,0.0,180.0,0.0,0.0,0.0,0.0,0.0,0.0,0.0,1.98,-1.98,17.61,0.0,night_discharging
Kurdistan,Sanandaj,35.3219,46.9862,Summer,6 Aug,2,-33.12,151.69,0.0,0.0,0.0,0.0,180.0,0.0,0.0,0.0,0.0,0.0,0.0,0.0,1.98,-1.98,15.53,0.0,night_discharging
Kurdistan,Sanandaj,35.3219,46.9862,Summer,6 Aug,3,-25.99,137.31,0.0,0.0,0.0,0.0,180.0,0.0,0.0,0.0,0.0,0.0,0.0,0.0,1.98,-1.98,13.45,0.0,night_discharging
Kurdistan,Sanandaj,35.3219,46.9862,Summer,6 Aug,4,-16.8,125.43,0.0,0.0,0.0,0.0,180.0,0.0,0.0,0.0,0.0,0.0,0.0,0.0,1.98,-1.98,11.37,0.0,night_discharging
Kurdistan,Sanandaj,35.3219,46.9862,Summer,6 Aug,5,-6.25,115.46,0.0,0.0,0.0,0.0,180.0,0.0,0.0,0.0,0.0,0.0,0.0,0.0,1.58,-1.58,9.71,0.0,night_discharging
Kurdistan,Sanandaj,35.3219,46.9862,Summer,6 Aug,6,5.17,106.71,188.8,27.0,44.0,84.83,106.71,73.29,84.83,0.0,203.6,69.1,44.0,0.9,1.58,-0.68,8.99,0.0,day_discharging
Kurdistan,Sanandaj,35.3219,46.9862,Summer,6 Aug,7,17.1,98.53,548.5,44.4,205.6,72.9,98.53,81.47,72.9,0.0,577.2,217.8,205.6,2.54,1.16,1.38,10.3,0.0,day_charging
Kurdistan,Sanandaj,35.3219,46.9862,Summer,6 Aug,8,29.29,90.23,678.5,64.8,396.8,60.71,90.23,89.77,60.71,0.0,726.7,335.8,396.8,3.2,1.16,2.04,12.24,0.0,day_charging
Kurdistan,Sanandaj,35.3219,46.9862,Summer,6 Aug,9,41.48,80.84,738.5,83.7,572.9,48.52,80.84,99.16,48.52,0.0,808.1,432.9,572.9,3.56,1.16,2.4,14.52,0.0,day_charging
Kurdistan,Sanandaj,35.3219,46.9862,Summer,6 Aug,10,53.29,68.62,770.0,99.1,716.4,36.71,68.62,111.38,36.71,0.0,859.3,508.5,716.4,3.78,1.16,2.62,17.01,0.0,day_charging
Kurdistan,Sanandaj,35.3219,46.9862,Summer,6 Aug,11,63.83,49.6,786.6,109.7,815.7,26.17,49.6,130.4,26.17,0.0,890.7,559.9,815.7,3.92,1.16,2.76,19.63,0.0,day_charging
Kurdistan,Sanandaj,35.3219,46.9862,Summer,6 Aug,12,70.64,16.13,793.4,114.8,863.4,19.36,16.13,163.87,19.36,0.0,905.0,584.3,863.4,3.98,1.16,2.82,22.31,0.0,day_charging
Kurdistan,Sanandaj,35.3219,46.9862,Summer,6 Aug,13,69.45,333.25,792.4,114.0,856.1,20.55,333.25,-153.25,20.55,0.0,902.8,580.6,856.1,3.97,1.16,2.81,24.98,0.0,day_charging
Kurdistan,Sanandaj,35.3219,46.9862,Summer,6 Aug,14,61.25,304.32,783.3,107.4,794.2,28.75,304.32,-124.32,28.75,0.0,884.1,548.8,794.2,3.89,1.16,2.73,27.57,0.0,day_charging
Kurdistan,Sanandaj,35.3219,46.9862,Summer,6 Aug,15,50.23,287.7,763.5,95.4,682.3,39.77,287.7,-107.7,39.77,0.0,847.9,490.7,682.3,3.73,1.16,2.57,30.01,0.0,day_charging
Kurdistan,Sanandaj,35.3219,46.9862,Summer,6 Aug,16,38.27,276.49,726.3,79.0,528.9,51.73,276.49,-96.49,51.73,0.0,790.3,409.1,528.9,3.48,1.16,2.32,32.21,0.0,day_charging
Kurdistan,Sanandaj,35.3219,46.9862,Summer,6 Aug,17,26.05,267.52,653.9,59.5,346.7,63.95,267.52,-87.52,63.95,0.0,696.7,306.7,346.7,3.07,1.16,1.29,33.44,0.0,day_charging
Kurdistan,Sanandaj,35.3219,46.9862,Summer,6 Aug,18,13.9,259.32,488.0,39.1,156.3,76.1,259.32,-79.32,76.1,0.0,512.2,182.0,156.3,2.25,1.58,0.06,33.5,0.0,day_charging
Kurdistan,Sanandaj,35.3219,46.9862,Summer,6 Aug,19,2.08,251.06,44.9,25.2,26.8,85.0,251.06,-71.06,85.0,0.0,57.9,32.5,26.8,0.25,1.58,-1.33,32.1,0.0,day_discharging
Kurdistan,Sanandaj,35.3219,46.9862,Summer,6 Aug,20,-9.14,242.05,0.0,0.0,0.0,0.0,180.0,0.0,0.0,0.0,0.0,0.0,0.0,0.0,1.98,-1.98,30.02,0.0,night_discharging
Kurdistan,Sanandaj,35.3219,46.9862,Summer,6 Aug,21,-19.39,231.64,0.0,0.0,0.0,0.0,180.0,0.0,0.0,0.0,0.0,0.0,0.0,0.0,1.98,-1.98,27.94,0.0,night_discharging
Kurdistan,Sanandaj,35.3219,46.9862,Summer,6 Aug,22,-28.12,219.14,0.0,0.0,0.0,0.0,180.0,0.0,0.0,0.0,0.0,0.0,0.0,0.0,1.98,-1.98,25.86,0.0,night_discharging
Kurdistan,Sanandaj,35.3219,46.9862,Summer,6 Aug,23,-34.55,204.06,0.0,0.0,0.0,0.0,180.0,0.0,0.0,0.0,0.0,0.0,0.0,0.0,1.98,-1.98,23.78,0.0,night_discharging
Kurdistan,Sanandaj,35.3219,46.9862,Autumn,6 Nov,0,-70.06,164.29,0.0,0.0,0.0,0.0,180.0,0.0,0.0,0.0,0.0,0.0,0.0,0.0,1.98,-1.98,19.69,0.0,night_discharging
Kurdistan,Sanandaj,35.3219,46.9862,Autumn,6 Nov,1,-68.9,153.89,0.0,0.0,0.0,0.0,180.0,0.0,0.0,0.0,0.0,0.0,0.0,0.0,1.98,-1.98,17.61,0.0,night_discharging
Kurdistan,Sanandaj,35.3219,46.9862,Autumn,6 Nov,2,-60.82,125.18,0.0,0.0,0.0,0.0,180.0,0.0,0.0,0.0,0.0,0.0,0.0,0.0,1.98,-1.98,15.53,0.0,night_discharging
Kurdistan,Sanandaj,35.3219,46.9862,Autumn,6 Nov,3,-49.88,108.46,0.0,0.0,0.0,0.0,180.0,0.0,0.0,0.0,0.0,0.0,0.0,0.0,1.98,-1.98,13.45,0.0,night_discharging
Kurdistan,Sanandaj,35.3219,46.9862,Autumn,6 Nov,4,-37.95,97.14,0.0,0.0,0.0,0.0,180.0,0.0,0.0,0.0,0.0,0.0,0.0,0.0,1.98,-1.98,11.37,0.0,night_discharging
Kurdistan,Sanandaj,35.3219,46.9862,Autumn,6 Nov,5,-25.74,88.08,0.0,0.0,0.0,0.0,180.0,0.0,0.0,0.0,0.0,0.0,0.0,0.0,1.58,-1.58,9.71,0.0,night_discharging
Kurdistan,Sanandaj,35.3219,46.9862,Autumn,6 Nov,6,-13.58,79.84,0.0,0.0,0.0,0.0,180.0,0.0,0.0,0.0,0.0,0.0,0.0,0.0,1.58,-1.58,8.05,0.0,night_discharging
Kurdistan,Sanandaj,35.3219,46.9862,Autumn,6 Nov,7,-1.73,71.54,0.0,0.0,0.0,0.0,180.0,0.0,0.0,0.0,0.0,0.0,0.0,0.0,1.16,-0.88,7.17,0.28,night_idle
Kurdistan,Sanandaj,35.3219,46.9862,Autumn,6 Nov,8,9.54,62.51,369.5,32.3,93.6,80.46,62.51,117.49,80.46,0.0,388.3,29.6,93.6,1.71,1.16,0.55,7.69,0.0,day_charging
Kurdistan,Sanandaj,35.3219,46.9862,Autumn,6 Nov,9,19.84,52.06,588.6,49.0,248.7,70.16,52.06,127.94,70.16,0.0,621.4,44.8,248.7,2.73,1.16,1.57,9.18,0.0,day_charging
Kurdistan,Sanandaj,35.3219,46.9862,Autumn,6 Nov,10,28.62,39.5,673.8,63.7,386.5,61.38,39.5,140.5,61.38,0.0,720.9,70.7,386.5,3.17,1.16,2.01,11.09,0.0,day_charging
Kurdistan,Sanandaj,35.3219,46.9862,Autumn,6 Nov,11,35.11,24.32,712.1,74.2,483.8,54.89,24.32,155.68,54.89,0.0,770.5,110.6,483.8,3.39,1.16,2.23,13.21,0.0,day_charging
Kurdistan,Sanandaj,35.3219,46.9862,Autumn,6 Nov,12,38.41,6.77,726.9,79.2,530.8,51.59,6.77,173.23,51.59,0.0,791.1,130.6,530.8,3.48,1.16,2.32,15.41,0.0,day_charging
Kurdistan,Sanandaj,35.3219,46.9862,Autumn,6 Nov,13,37.9,348.42,724.7,78.4,523.6,52.1,348.42,-168.42,52.1,0.0,788.0,127.5,523.6,3.47,1.16,2.31,17.6,0.0,day_charging
Kurdistan,Sanandaj,35.3219,46.9862,Autumn,6 Nov,14,33.67,331.4,704.8,71.9,462.6,56.33,331.4,-151.4,56.33,0.0,760.7,101.7,462.6,3.35,1.16,2.19,19.68,0.0,day_charging
Kurdistan,Sanandaj,35.3219,46.9862,Autumn,6 Nov,15,26.48,316.93,657.5,60.2,353.4,63.52,316.93,-136.93,63.52,0.0,701.0,57.7,353.4,3.08,1.16,1.92,21.5,0.0,day_charging
Kurdistan,Sanandaj,35.3219,46.9862,Autumn,6 Nov,16,17.23,304.99,550.6,44.6,207.7,72.77,304.99,-124.99,72.77,0.0,579.5,40.8,207.7,2.55,1.16,1.39,22.82,0.0,day_charging
Kurdistan,Sanandaj,35.3219,46.9862,Autumn,6 Nov,17,6.63,294.99,257.0,28.6,58.2,83.37,294.99,-114.99,83.37,0.0,272.9,26.1,58.2,1.2,1.16,0.04,22.86,0.0,day_idle
Kurdistan,Sanandaj,35.3219,46.9862,Autumn,6 Nov,18,-4.82,286.22,0.0,0.0,0.0,0.0,180.0,0.0,0.0,0.0,0.0,0.0,0.0,0.0,1.58,-1.58,21.2,0.0,night_discharging
Kurdistan,Sanandaj,35.3219,46.9862,Autumn,6 Nov,19,-16.78,278.0,0.0,0.0,0.0,0.0,180.0,0.0,0.0,0.0,0.0,0.0,0.0,0.0,1.58,-1.58,19.54,0.0,night_discharging
Kurdistan,Sanandaj,35.3219,46.9862,Autumn,6 Nov,20,-28.98,269.64,0.0,0.0,0.0,0.0,180.0,0.0,0.0,0.0,0.0,0.0,0.0,0.0,1.98,-1.98,17.46,0.0,night_discharging
Kurdistan,Sanandaj,35.3219,46.9862,Autumn,6 Nov,21,-41.16,260.17,0.0,0.0,0.0,0.0,180.0,0.0,0.0,0.0,0.0,0.0,0.0,0.0,1.98,-1.98,15.38,0.0,night_discharging
Kurdistan,Sanandaj,35.3219,46.9862,Autumn,6 Nov,22,-52.92,247.83,0.0,0.0,0.0,0.0,180.0,0.0,0.0,0.0,0.0,0.0,0.0,0.0,1.98,-1.98,13.3,0.0,night_discharging
Kurdistan,Sanandaj,35.3219,46.9862,Autumn,6 Nov,23,-63.37,228.73,0.0,0.0,0.0,0.0,180.0,0.0,0.0,0.0,0.0,0.0,0.0,0.0,1.98,-1.98,11.22,0.0,night_discharging
Kurdistan,Sanandaj,35.3219,46.9862,Winter,4 Feb,0,-70.25,164.15,0.0,0.0,0.0,0.0,180.0,0.0,0.0,0.0,0.0,0.0,0.0,0.0,1.98,-1.98,19.69,0.0,night_discharging
Kurdistan,Sanandaj,35.3219,46.9862,Winter,4 Feb,1,-69.08,153.68,0.0,0.0,0.0,0.0,180.0,0.0,0.0,0.0,0.0,0.0,0.0,0.0,1.98,-1.98,17.61,0.0,night_discharging
Kurdistan,Sanandaj,35.3219,46.9862,Winter,4 Feb,2,-60.97,124.9,0.0,0.0,0.0,0.0,180.0,0.0,0.0,0.0,0.0,0.0,0.0,0.0,1.98,-1.98,15.53,0.0,night_discharging
Kurdistan,Sanandaj,35.3219,46.9862,Winter,4 Feb,3,-50.0,108.21,0.0,0.0,0.0,0.0,180.0,0.0,0.0,0.0,0.0,0.0,0.0,0.0,1.98,-1.98,13.45,0.0,night_discharging
Kurdistan,Sanandaj,35.3219,46.9862,Winter,4 Feb,4,-38.06,96.92,0.0,0.0,0.0,0.0,180.0,0.0,0.0,0.0,0.0,0.0,0.0,0.0,1.98,-1.98,11.37,0.0,night_discharging
Kurdistan,Sanandaj,35.3219,46.9862,Winter,4 Feb,5,-25.84,87.89,0.0,0.0,0.0,0.0,180.0,0.0,0.0,0.0,0.0,0.0,0.0,0.0,1.58,-1.58,9.71,0.0,night_discharging
Kurdistan,Sanandaj,35.3219,46.9862,Winter,4 Feb,6,-13.69,79.67,0.0,0.0,0.0,0.0,180.0,0.0,0.0,0.0,0.0,0.0,0.0,0.0,1.58,-1.58,8.05,0.0,night_discharging
Kurdistan,Sanandaj,35.3219,46.9862,Winter,4 Feb,7,-1.84,71.38,0.0,0.0,0.0,0.0,180.0,0.0,0.0,0.0,0.0,0.0,0.0,0.0,1.16,-0.88,7.17,0.28,night_idle
Kurdistan,Sanandaj,35.3219,46.9862,Winter,4 Feb,8,9.41,62.35,365.0,32.2,91.8,80.59,62.35,117.65,80.59,0.0,383.7,29.4,91.8,1.69,1.16,0.53,7.67,0.0,day_charging
Kurdistan,Sanandaj,35.3219,46.9862,Winter,4 Feb,9,19.69,51.92,586.7,48.7,246.4,70.31,51.92,128.08,70.31,0.0,619.2,44.6,246.4,2.72,1.16,1.56,9.15,0.0,day_charging
Kurdistan,Sanandaj,35.3219,46.9862,Winter,4 Feb,10,28.45,39.38,672.6,63.5,383.9,61.55,39.38,140.62,61.55,0.0,719.4,68.1,383.9,3.17,1.16,2.01,11.06,0.0,day_charging
Kurdistan,Sanandaj,35.3219,46.9862,Winter,4 Feb,11,34.93,24.23,711.2,73.9,481.1,55.07,24.23,155.77,55.07,0.0,769.3,107.8,481.1,3.38,1.16,2.22,13.17,0.0,day_charging
Kurdistan,Sanandaj,35.3219,46.9862,Winter,4 Feb,12,38.21,6.74,726.1,78.9,528.0,51.79,6.74,173.26,51.79,0.0,789.9,127.7,528.0,3.48,1.16,2.32,15.37,0.0,day_charging
Kurdistan,Sanandaj,35.3219,46.9862,Winter,4 Feb,13,37.7,348.46,723.9,78.1,520.8,52.3,348.46,-168.46,52.3,0.0,786.9,124.6,520.8,3.46,1.16,2.3,17.55,0.0,day_charging
Kurdistan,Sanandaj,35.3219,46.9862,Winter,4 Feb,14,33.49,331.5,703.8,71.6,459.9,56.51,331.5,-151.5,56.51,0.0,759.4,99.0,459.9,3.34,1.16,2.18,19.62,0.0,day_charging
Kurdistan,Sanandaj,35.3219,46.9862,Winter,4 Feb,15,26.32,317.06,656.2,59.9,350.9,63.68,317.06,-137.06,63.68,0.0,699.4,55.2,350.9,3.08,1.16,1.92,21.44,0.0,day_charging
Kurdistan,Sanandaj,35.3219,46.9862,Winter,4 Feb,16,17.09,305.14,548.3,44.3,205.4,72.91,305.14,-125.14,72.91,0.0,577.0,40.5,205.4,2.54,1.16,1.38,22.75,0.0,day_charging
Kurdistan,Sanandaj,35.3219,46.9862,Winter,4 Feb,17,6.5,295.15,251.3,28.4,56.9,83.5,295.15,-115.15,83.5,0.0,267.1,26.0,56.9,1.18,1.16,0.02,22.77,0.0,day_idle
Kurdistan,Sanandaj,35.3219,46.9862,Winter,4 Feb,18,-4.93,286.38,0.0,0.0,0.0,0.0,180.0,0.0,0.0,0.0,0.0,0.0,0.0,0.0,1.58,-1.58,21.11,0.0,night_discharging
Kurdistan,Sanandaj,35.3219,46.9862,Winter,4 Feb,19,-16.88,278.18,0.0,0.0,0.0,0.0,180.0,0.0,0.0,0.0,0.0,0.0,0.0,0.0,1.58,-1.58,19.45,0.0,night_discharging
Kurdistan,Sanandaj,35.3219,46.9862,Winter,4 Feb,20,-29.08,269.84,0.0,0.0,0.0,0.0,180.0,0.0,0.0,0.0,0.0,0.0,0.0,0.0,1.98,-1.98,17.37,0.0,night_discharging
Kurdistan,Sanandaj,35.3219,46.9862,Winter,4 Feb,21,-41.26,260.39,0.0,0.0,0.0,0.0,180.0,0.0,0.0,0.0,0.0,0.0,0.0,0.0,1.98,-1.98,15.29,0.0,night_discharging
Kurdistan,Sanandaj,35.3219,46.9862,Winter,4 Feb,22,-53.04,248.1,0.0,0.0,0.0,0.0,180.0,0.0,0.0,0.0,0.0,0.0,0.0,0.0,1.98,-1.98,13.21,0.0,night_discharging
Kurdistan,Sanandaj,35.3219,46.9862,Winter,4 Feb,23,-63.53,229.02,0.0,0.0,0.0,0.0,180.0,0.0,0.0,0.0,0.0,0.0,0.0,0.0,1.98,-1.98,11.13,0.0,night_discharging
Qom,Qom,34.6401,50.8764,Spring,5 May,0,-39.04,177.99,0.0,0.0,0.0,0.0,180.0,0.0,0.0,0.0,0.0,0.0,0.0,0.0,1.8,-1.8,19.56,0.0,night_discharging
Qom,Qom,34.6401,50.8764,Spring,5 May,1,-37.5,163.75,0.0,0.0,0.0,0.0,180.0,0.0,0.0,0.0,0.0,0.0,0.0,0.0,1.8,-1.8,17.67,0.0,night_discharging
Qom,Qom,34.6401,50.8764,Spring,5 May,2,-32.36,147.31,0.0,0.0,0.0,0.0,180.0,0.0,0.0,0.0,0.0,0.0,0.0,0.0,1.8,-1.8,15.78,0.0,night_discharging
Qom,Qom,34.6401,50.8764,Spring,5 May,3,-24.48,133.59,0.0,0.0,0.0,0.0,180.0,0.0,0.0,0.0,0.0,0.0,0.0,0.0,1.8,-1.8,13.89,0.0,night_discharging
Qom,Qom,34.6401,50.8764,Spring,5 May,4,-14.74,122.32,0.0,0.0,0.0,0.0,180.0,0.0,0.0,0.0,0.0,0.0,0.0,0.0,1.8,-1.8,12.0,0.0,night_discharging
Qom,Qom,34.6401,50.8764,Spring,5 May,5,-3.81,112.82,0.0,0.0,0.0,0.0,180.0,0.0,0.0,0.0,0.0,0.0,0.0,0.0,1.44,-1.44,10.48,0.0,night_discharging
Qom,Qom,34.6401,50.8764,Spring,5 May,6,7.88,104.4,309.3,30.1,72.5,82.12,104.4,75.6,82.12,0.0,326.4,105.3,72.5,1.49,1.44,0.05,10.53,0.0,day_charging
Qom,Qom,34.6401,50.8764,Spring,5 May,7,20.01,96.4,590.9,49.3,251.5,69.99,96.4,83.6,69.99,0.0,624.0,247.3,251.5,2.86,1.25,1.61,12.06,0.0,day_charging
Qom,Qom,34.6401,50.8764,Spring,5 May,8,32.33,88.08,697.5,69.8,442.8,57.67,88.08,91.92,57.67,0.0,751.0,362.0,442.8,3.44,1.25,2.19,14.14,0.0,day_charging
Qom,Qom,34.6401,50.8764,Spring,5 May,9,44.58,78.35,748.6,88.0,613.5,45.42,78.35,101.65,45.42,0.0,823.5,455.9,613.5,3.77,1.25,2.52,16.53,0.0,day_charging
Qom,Qom,34.6401,50.8764,Spring,5 May,10,56.3,65.1,775.6,102.4,747.7,33.7,65.1,114.9,33.7,0.0,869.5,527.3,747.7,3.98,1.25,2.73,19.12,0.0,day_charging
Qom,Qom,34.6401,50.8764,Spring,5 May,11,66.38,43.25,789.4,111.8,835.1,23.62,43.25,136.75,23.62,0.0,896.6,573.0,835.1,4.1,1.25,2.85,21.83,0.0,day_charging
Qom,Qom,34.6401,50.8764,Spring,5 May,12,71.6,4.94,794.2,115.4,869.0,18.4,4.94,175.06,18.4,0.0,906.7,590.7,869.0,4.15,1.25,2.9,24.58,0.0,day_charging
Qom,Qom,34.6401,50.8764,Spring,5 May,13,68.09,323.48,791.2,113.1,847.1,21.91,323.48,-143.48,21.91,0.0,900.2,579.3,847.1,4.12,1.25,2.87,27.31,0.0,day_charging
Qom,Qom,34.6401,50.8764,Spring,5 May,14,58.68,298.64,779.6,104.9,770.9,31.32,298.64,-118.64,31.32,0.0,876.8,539.5,770.9,4.01,1.25,2.76,29.93,0.0,day_charging
Qom,Qom,34.6401,50.8764,Spring,5 May,15,47.18,284.11,756.0,91.5,646.0,42.82,284.11,-104.11,42.82,0.0,835.3,473.4,646.0,3.82,1.25,2.57,32.37,0.0,day_charging
Qom,Qom,34.6401,50.8764,Spring,5 May,16,35.0,273.86,711.6,74.0,482.1,55.0,273.86,-93.86,55.0,0.0,769.8,384.1,482.1,3.52,1.25,0.63,32.97,0.0,day_charging
Qom,Qom,34.6401,50.8764,Spring,5 May,17,22.67,265.35,622.0,53.8,293.5,67.33,265.35,-85.35,67.33,0.0,659.3,274.0,293.5,3.02,1.25,0.03,33.0,0.0,day_idle
Qom,Qom,34.6401,50.8764,Spring,5 May,18,10.48,257.34,399.6,33.7,106.4,79.52,257.34,-77.34,79.52,0.0,419.5,139.2,106.4,1.92,1.44,0.0,33.0,0.0,day_idle
Qom,Qom,34.6401,50.8764,Spring,5 May,19,-1.33,249.07,0.0,0.0,0.0,0.0,180.0,0.0,0.0,0.0,0.0,0.0,0.0,0.0,1.44,-1.44,31.48,0.0,night_discharging
Qom,Qom,34.6401,50.8764,Spring,5 May,20,-12.46,239.87,0.0,0.0,0.0,0.0,180.0,0.0,0.0,0.0,0.0,0.0,0.0,0.0,1.8,-1.8,29.59,0.0,night_discharging
Qom,Qom,34.6401,50.8764,Spring,5 May,21,-22.51,229.04,0.0,0.0,0.0,0.0,180.0,0.0,0.0,0.0,0.0,0.0,0.0,0.0,1.8,-1.8,27.7,0.0,night_discharging
Qom,Qom,34.6401,50.8764,Spring,5 May,22,-30.86,215.89,0.0,0.0,0.0,0.0,180.0,0.0,0.0,0.0,0.0,0.0,0.0,0.0,1.8,-1.8,25.81,0.0,night_discharging
Qom,Qom,34.6401,50.8764,Spring,5 May,23,-36.66,200.02,0.0,0.0,0.0,0.0,180.0,0.0,0.0,0.0,0.0,0.0,0.0,0.0,1.8,-1.8,23.92,0.0,night_discharging
Qom,Qom,34.6401,50.8764,Summer,6 Aug,0,-38.74,178.01,0.0,0.0,0.0,0.0,180.0,0.0,0.0,0.0,0.0,0.0,0.0,0.0,1.8,-1.8,19.56,0.0,night_discharging
Qom,Qom,34.6401,50.8764,Summer,6 Aug,1,-37.2,163.84,0.0,0.0,0.0,0.0,180.0,0.0,0.0,0.0,0.0,0.0,0.0,0.0,1.8,-1.8,17.67,0.0,night_discharging
Qom,Qom,34.6401,50.8764,Summer,6 Aug,2,-32.09,147.48,0.0,0.0,0.0,0.0,180.0,0.0,0.0,0.0,0.0,0.0,0.0,0.0,1.8,-1.8,15.78,0.0,night_discharging
Qom,Qom,34.6401,50.8764,Summer,6 Aug,3,-24.25,133.79,0.0,0.0,0.0,0.0,180.0,0.0,0.0,0.0,0.0,0.0,0.0,0.0,1.8,-1.8,13.89,0.0,night_discharging
Qom,Qom,34.6401,50.8764,Summer,6 Aug,4,-14.54,122.54,0.0,0.0,0.0,0.0,180.0,0.0,0.0,0.0,0.0,0.0,0.0,0.0,1.8,-1.8,12.0,0.0,night_discharging
Qom,Qom,34.6401,50.8764,Summer,6 Aug,5,-3.62,113.06,0.0,0.0,0.0,0.0,180.0,0.0,0.0,0.0,0.0,0.0,0.0,0.0,1.44,-1.44,10.48,0.0,night_discharging
Qom,Qom,34.6401,50.8764,Summer,6 Aug,6,8.05,104.65,315.8,30.3,74.5,81.95,104.65,75.35,81.95,0.0,333.1,108.6,74.5,1.52,1.44,0.08,10.56,0.0,day_charging
Qom,Qom,34.6401,50.8764,Summer,6 Aug,7,20.17,96.67,592.9,49.5,254.0,69.83,96.67,83.33,69.83,0.0,626.2,250.9,254.0,2.87,1.25,1.62,12.1,0.0,day_charging
Qom,Qom,34.6401,50.8764,Summer,6 Aug,8,32.49,88.38,698.3,70.0,445.1,57.51,88.38,91.62,57.51,0.0,752.1,365.7,445.1,3.44,1.25,2.19,14.18,0.0,day_charging
Qom,Qom,34.6401,50.8764,Summer,6 Aug,9,44.74,78.71,749.1,88.3,615.5,45.26,78.71,101.29,45.26,0.0,824.3,459.6,615.5,3.77,1.25,2.52,16.57,0.0,day_charging
Qom,Qom,34.6401,50.8764,Summer,6 Aug,10,56.49,65.52,776.0,102.6,749.6,33.51,65.52,114.48,33.51,0.0,870.1,531.0,749.6,3.98,1.25,2.73,19.16,0.0,day_charging
Qom,Qom,34.6401,50.8764,Summer,6 Aug,11,66.62,43.7,789.7,112.0,836.8,23.38,43.7,136.3,23.38,0.0,897.1,576.6,836.8,4.11,1.25,2.86,21.88,0.0,day_charging
Qom,Qom,34.6401,50.8764,Summer,6 Aug,12,71.9,5.01,794.4,115.6,870.7,18.1,5.01,174.99,18.1,0.0,907.2,594.3,870.7,4.15,1.25,2.9,24.63,0.0,day_charging
Qom,Qom,34.6401,50.8764,Summer,6 Aug,13,68.35,323.06,791.4,113.3,848.8,21.65,323.06,-143.06,21.65,0.0,900.7,582.9,848.8,4.12,1.25,2.87,27.36,0.0,day_charging
Qom,Qom,34.6401,50.8764,Summer,6 Aug,14,58.88,298.2,779.9,105.1,772.8,31.12,298.2,-118.2,31.12,0.0,877.4,543.1,772.8,4.02,1.25,2.77,29.99,0.0,day_charging
Qom,Qom,34.6401,50.8764,Summer,6 Aug,15,47.35,283.74,756.4,91.8,648.1,42.65,283.74,-103.74,42.65,0.0,836.0,477.1,648.1,3.83,1.25,2.58,32.44,0.0,day_charging
Qom,Qom,34.6401,50.8764,Summer,6 Aug,16,35.16,273.55,712.3,74.2,484.4,54.84,273.55,-93.55,54.84,0.0,770.8,387.8,484.4,3.53,1.25,0.56,32.97,0.0,day_charging
Qom,Qom,34.6401,50.8764,Summer,6 Aug,17,22.83,265.07,623.7,54.0,296.0,67.17,265.07,-85.07,67.17,0.0,661.2,277.6,296.0,3.03,1.25,0.03,33.0,0.0,day_idle
Qom,Qom,34.6401,50.8764,Summer,6 Aug,18,10.65,257.09,404.5,34.0,108.7,79.35,257.09,-77.09,79.35,0.0,424.7,142.7,108.7,1.94,1.44,0.0,33.0,0.0,day_idle
Qom,Qom,34.6401,50.8764,Summer,6 Aug,19,-1.15,248.83,0.0,0.0,0.0,0.0,180.0,0.0,0.0,0.0,0.0,0.0,0.0,0.0,1.44,-1.44,31.48,0.0,night_discharging
Qom,Qom,34.6401,50.8764,Summer,6 Aug,20,-12.26,239.64,0.0,0.0,0.0,0.0,180.0,0.0,0.0,0.0,0.0,0.0,0.0,0.0,1.8,-1.8,29.59,0.0,night_discharging
Qom,Qom,34.6401,50.8764,Summer,6 Aug,21,-22.28,228.83,0.0,0.0,0.0,0.0,180.0,0.0,0.0,0.0,0.0,0.0,0.0,0.0,1.8,-1.8,27.7,0.0,night_discharging
Qom,Qom,34.6401,50.8764,Summer,6 Aug,22,-30.6,215.72,0.0,0.0,0.0,0.0,180.0,0.0,0.0,0.0,0.0,0.0,0.0,0.0,1.8,-1.8,25.81,0.0,night_discharging
Qom,Qom,34.6401,50.8764,Summer,6 Aug,23,-36.38,199.91,0.0,0.0,0.0,0.0,180.0,0.0,0.0,0.0,0.0,0.0,0.0,0.0,1.8,-1.8,23.92,0.0,night_discharging
Qom,Qom,34.6401,50.8764,Autumn,6 Nov,0,-71.3,175.13,0.0,0.0,0.0,0.0,180.0,0.0,0.0,0.0,0.0,0.0,0.0,0.0,1.8,-1.8,19.56,0.0,night_discharging
Qom,Qom,34.6401,50.8764,Autumn,6 Nov,1,-67.83,143.89,0.0,0.0,0.0,0.0,180.0,0.0,0.0,0.0,0.0,0.0,0.0,0.0,1.8,-1.8,17.67,0.0,night_discharging
Qom,Qom,34.6401,50.8764,Autumn,6 Nov,2,-58.49,119.07,0.0,0.0,0.0,0.0,180.0,0.0,0.0,0.0,0.0,0.0,0.0,0.0,1.8,-1.8,15.78,0.0,night_discharging
Qom,Qom,34.6401,50.8764,Autumn,6 Nov,3,-47.01,104.47,0.0,0.0,0.0,0.0,180.0,0.0,0.0,0.0,0.0,0.0,0.0,0.0,1.8,-1.8,13.89,0.0,night_discharging
Qom,Qom,34.6401,50.8764,Autumn,6 Nov,4,-34.85,94.17,0.0,0.0,0.0,0.0,180.0,0.0,0.0,0.0,0.0,0.0,0.0,0.0,1.8,-1.8,12.0,0.0,night_discharging
Qom,Qom,34.6401,50.8764,Autumn,6 Nov,5,-22.52,85.63,0.0,0.0,0.0,0.0,180.0,0.0,0.0,0.0,0.0,0.0,0.0,0.0,1.44,-1.44,10.48,0.0,night_discharging
Qom,Qom,34.6401,50.8764,Autumn,6 Nov,6,-10.32,77.6,0.0,0.0,0.0,0.0,180.0,0.0,0.0,0.0,0.0,0.0,0.0,0.0,1.44,-1.44,8.96,0.0,night_discharging
Qom,Qom,34.6401,50.8764,Autumn,6 Nov,7,1.51,69.31,26.1,25.1,25.8,85.0,69.31,110.69,85.0,0.0,39.0,22.9,25.8,0.18,1.25,-1.07,7.83,0.0,day_discharging
Qom,Qom,34.6401,50.8764,Autumn,6 Nov,8,12.66,60.09,459.2,37.1,137.7,77.34,60.09,119.91,77.34,0.0,481.8,33.9,137.7,2.2,1.25,0.95,8.73,0.0,day_charging
Qom,Qom,34.6401,50.8764,Autumn,6 Nov,9,22.74,49.25,622.7,53.9,294.5,67.26,49.25,130.75,67.26,0.0,660.1,49.3,294.5,3.02,1.25,1.77,10.41,0.0,day_charging
Qom,Qom,34.6401,50.8764,Autumn,6 Nov,10,31.11,36.07,690.3,67.8,424.5,58.89,36.07,143.93,58.89,0.0,741.7,90.6,424.5,3.39,1.25,2.14,12.44,0.0,day_charging
Qom,Qom,34.6401,50.8764,Autumn,6 Nov,11,36.95,20.13,720.7,77.0,510.2,53.05,20.13,159.87,53.05,0.0,782.3,127.2,510.2,3.58,1.25,2.33,14.65,0.0,day_charging
Qom,Qom,34.6401,50.8764,Autumn,6 Nov,12,39.34,2.02,730.6,80.6,543.7,50.66,2.02,177.98,50.66,0.0,796.4,141.8,543.7,3.64,1.25,2.39,16.92,0.0,day_charging
Qom,Qom,34.6401,50.8764,Autumn,6 Nov,13,37.79,343.66,724.3,78.3,522.1,52.21,343.66,-163.66,52.21,0.0,787.4,132.3,522.1,3.6,1.25,2.35,19.15,0.0,day_charging
Qom,Qom,34.6401,50.8764,Autumn,6 Nov,14,32.63,327.15,699.1,70.2,447.2,57.37,327.15,-147.15,57.37,0.0,753.2,100.1,447.2,3.45,1.25,2.2,21.24,0.0,day_charging
Qom,Qom,34.6401,50.8764,Autumn,6 Nov,15,24.72,313.38,642.2,57.2,325.8,65.28,313.38,-133.38,65.28,0.0,682.8,52.3,325.8,3.12,1.25,1.87,23.02,0.0,day_charging
Qom,Qom,34.6401,50.8764,Autumn,6 Nov,16,14.95,302.09,509.8,40.8,172.3,75.05,302.09,-122.09,75.05,0.0,535.4,37.3,172.3,2.45,1.25,1.2,24.16,0.0,day_charging
Qom,Qom,34.6401,50.8764,Autumn,6 Nov,17,3.99,292.58,130.8,26.1,35.2,85.0,292.58,-112.58,85.0,0.0,144.7,23.9,35.2,0.66,1.25,-0.59,23.54,0.0,day_discharging
Qom,Qom,34.6401,50.8764,Autumn,6 Nov,18,-7.72,284.15,0.0,0.0,0.0,0.0,180.0,0.0,0.0,0.0,0.0,0.0,0.0,0.0,1.44,-1.44,22.02,0.0,night_discharging
Qom,Qom,34.6401,50.8764,Autumn,6 Nov,19,-19.86,276.13,0.0,0.0,0.0,0.0,180.0,0.0,0.0,0.0,0.0,0.0,0.0,0.0,1.44,-1.44,20.5,0.0,night_discharging
Qom,Qom,34.6401,50.8764,Autumn,6 Nov,20,-32.18,267.77,0.0,0.0,0.0,0.0,180.0,0.0,0.0,0.0,0.0,0.0,0.0,0.0,1.8,-1.8,18.61,0.0,night_discharging
Qom,Qom,34.6401,50.8764,Autumn,6 Nov,21,-44.41,258.0,0.0,0.0,0.0,0.0,180.0,0.0,0.0,0.0,0.0,0.0,0.0,0.0,1.8,-1.8,16.72,0.0,night_discharging
Qom,Qom,34.6401,50.8764,Autumn,6 Nov,22,-56.11,244.68,0.0,0.0,0.0,0.0,180.0,0.0,0.0,0.0,0.0,0.0,0.0,0.0,1.8,-1.8,14.83,0.0,night_discharging
Qom,Qom,34.6401,50.8764,Autumn,6 Nov,23,-66.13,222.82,0.0,0.0,0.0,0.0,180.0,0.0,0.0,0.0,0.0,0.0,0.0,0.0,1.8,-1.8,12.94,0.0,night_discharging
Qom,Qom,34.6401,50.8764,Winter,4 Feb,0,-71.5,175.08,0.0,0.0,0.0,0.0,180.0,0.0,0.0,0.0,0.0,0.0,0.0,0.0,1.8,-1.8,19.56,0.0,night_discharging
Qom,Qom,34.6401,50.8764,Winter,4 Feb,1,-68.01,143.62,0.0,0.0,0.0,0.0,180.0,0.0,0.0,0.0,0.0,0.0,0.0,0.0,1.8,-1.8,17.67,0.0,night_discharging
Qom,Qom,34.6401,50.8764,Winter,4 Feb,2,-58.62,118.78,0.0,0.0,0.0,0.0,180.0,0.0,0.0,0.0,0.0,0.0,0.0,0.0,1.8,-1.8,15.78,0.0,night_discharging
Qom,Qom,34.6401,50.8764,Winter,4 Feb,3,-47.13,104.23,0.0,0.0,0.0,0.0,180.0,0.0,0.0,0.0,0.0,0.0,0.0,0.0,1.8,-1.8,13.89,0.0,night_discharging
Qom,Qom,34.6401,50.8764,Winter,4 Feb,4,-34.95,93.96,0.0,0.0,0.0,0.0,180.0,0.0,0.0,0.0,0.0,0.0,0.0,0.0,1.8,-1.8,12.0,0.0,night_discharging
Qom,Qom,34.6401,50.8764,Winter,4 Feb,5,-22.62,85.44,0.0,0.0,0.0,0.0,180.0,0.0,0.0,0.0,0.0,0.0,0.0,0.0,1.44,-1.44,10.48,0.0,night_discharging
Qom,Qom,34.6401,50.8764,Winter,4 Feb,6,-10.43,77.43,0.0,0.0,0.0,0.0,180.0,0.0,0.0,0.0,0.0,0.0,0.0,0.0,1.44,-1.44,8.96,0.0,night_discharging
Qom,Qom,34.6401,50.8764,Winter,4 Feb,7,1.39,69.15,22.8,25.1,25.6,85.0,69.15,110.85,85.0,0.0,35.7,22.9,25.6,0.16,1.25,-1.09,7.81,0.0,day_discharging
Qom,Qom,34.6401,50.8764,Winter,4 Feb,8,12.53,59.94,455.9,36.9,135.8,77.47,59.94,120.06,77.47,0.0,478.4,33.7,135.8,2.19,1.25,0.94,8.7,0.0,day_charging
Qom,Qom,34.6401,50.8764,Winter,4 Feb,9,22.58,49.11,621.1,53.6,292.1,67.42,49.11,130.89,67.42,0.0,658.2,49.0,292.1,3.01,1.25,1.76,10.37,0.0,day_charging
Qom,Qom,34.6401,50.8764,Winter,4 Feb,10,30.94,35.95,689.2,67.5,421.9,59.06,35.95,144.05,59.06,0.0,740.3,87.9,421.9,3.39,1.25,2.14,12.4,0.0,day_charging
Qom,Qom,34.6401,50.8764,Winter,4 Feb,11,36.76,20.05,719.8,76.7,507.5,53.24,20.05,159.95,53.24,0.0,781.1,124.4,507.5,3.57,1.25,2.32,14.6,0.0,day_charging
Qom,Qom,34.6401,50.8764,Winter,4 Feb,12,39.14,2.01,729.8,80.3,540.9,50.86,2.01,177.99,50.86,0.0,795.3,138.9,540.9,3.64,1.25,2.39,16.87,0.0,day_charging
Qom,Qom,34.6401,50.8764,Winter,4 Feb,13,37.59,343.72,723.5,78.0,519.3,52.41,343.72,-163.72,52.41,0.0,786.2,129.5,519.3,3.6,1.25,2.35,19.1,0.0,day_charging
Qom,Qom,34.6401,50.8764,Winter,4 Feb,14,32.45,327.26,698.1,69.9,444.5,57.55,327.26,-147.26,57.55,0.0,751.9,97.4,444.5,3.44,1.25,2.19,21.18,0.0,day_charging
Qom,Qom,34.6401,50.8764,Winter,4 Feb,15,24.56,313.52,640.8,57.0,323.3,65.44,313.52,-133.52,65.44,0.0,681.1,52.1,323.3,3.12,1.25,1.87,22.96,0.0,day_charging
Qom,Qom,34.6401,50.8764,Winter,4 Feb,16,14.81,302.24,507.0,40.6,170.2,75.19,302.24,-122.24,75.19,0.0,532.5,37.1,170.2,2.44,1.25,1.19,24.09,0.0,day_charging
Qom,Qom,34.6401,50.8764,Winter,4 Feb,17,3.87,292.74,124.8,26.0,34.4,85.0,292.74,-112.74,85.0,0.0,138.6,23.8,34.4,0.63,1.25,-0.62,23.44,0.0,day_discharging
Qom,Qom,34.6401,50.8764,Winter,4 Feb,18,-7.83,284.32,0.0,0.0,0.0,0.0,180.0,0.0,0.0,0.0,0.0,0.0,0.0,0.0,1.44,-1.44,21.92,0.0,night_discharging
Qom,Qom,34.6401,50.8764,Winter,4 Feb,19,-19.96,276.31,0.0,0.0,0.0,0.0,180.0,0.0,0.0,0.0,0.0,0.0,0.0,0.0,1.44,-1.44,20.4,0.0,night_discharging
Qom,Qom,34.6401,50.8764,Winter,4 Feb,20,-32.28,267.97,0.0,0.0,0.0,0.0,180.0,0.0,0.0,0.0,0.0,0.0,0.0,0.0,1.8,-1.8,18.51,0.0,night_discharging
Qom,Qom,34.6401,50.8764,Winter,4 Feb,21,-44.52,258.24,0.0,0.0,0.0,0.0,180.0,0.0,0.0,0.0,0.0,0.0,0.0,0.0,1.8,-1.8,16.62,0.0,night_discharging
Qom,Qom,34.6401,50.8764,Winter,4 Feb,22,-56.24,244.96,0.0,0.0,0.0,0.0,180.0,0.0,0.0,0.0,0.0,0.0,0.0,0.0,1.8,-1.8,14.73,0.0,night_discharging
Qom,Qom,34.6401,50.8764,Winter,4 Feb,23,-66.3,223.11,0.0,0.0,0.0,0.0,180.0,0.0,0.0,0.0,0.0,0.0,0.0,0.0,1.8,-1.8,12.84,0.0,night_discharging
West Azerbaijan,Urmia,37.5527,45.0761,Spring,5 May,0,-35.7,171.22,0.0,0.0,0.0,0.0,180.0,0.0,0.0,0.0,0.0,0.0,0.0,0.0,1.98,-1.98,19.69,0.0,night_discharging
West Azerbaijan,Urmia,37.5527,45.0761,Spring,5 May,1,-35.68,171.04,0.0,0.0,0.0,0.0,180.0,0.0,0.0,0.0,0.0,0.0,0.0,0.0,1.98,-1.98,17.61,0.0,night_discharging
West Azerbaijan,Urmia,37.5527,45.0761,Spring,5 May,2,-32.11,154.21,0.0,0.0,0.0,0.0,180.0,0.0,0.0,0.0,0.0,0.0,0.0,0.0,1.98,-1.98,15.53,0.0,night_discharging
West Azerbaijan,Urmia,37.5527,45.0761,Spring,5 May,3,-25.59,139.53,0.0,0.0,0.0,0.0,180.0,0.0,0.0,0.0,0.0,0.0,0.0,0.0,1.98,-1.98,13.45,0.0,night_discharging
West Azerbaijan,Urmia,37.5527,45.0761,Spring,5 May,4,-16.94,127.17,0.0,0.0,0.0,0.0,180.0,0.0,0.0,0.0,0.0,0.0,0.0,0.0,1.98,-1.98,11.37,0.0,night_discharging
West Azerbaijan,Urmia,37.5527,45.0761,Spring,5 May,5,-6.85,116.67,0.0,0.0,0.0,0.0,180.0,0.0,0.0,0.0,0.0,0.0,0.0,0.0,1.58,-1.58,9.71,0.0,night_discharging
West Azerbaijan,Urmia,37.5527,45.0761,Spring,5 May,6,4.17,107.39,139.8,26.2,36.4,85.0,107.39,72.61,85.0,0.0,153.9,56.4,36.4,0.68,1.58,-0.9,8.76,0.0,day_discharging
West Azerbaijan,Urmia,37.5527,45.0761,Spring,5 May,7,15.75,98.69,525.0,42.1,184.6,74.25,98.69,81.31,74.25,0.0,551.7,198.2,184.6,2.43,1.16,1.27,9.97,0.0,day_charging
West Azerbaijan,Urmia,37.5527,45.0761,Spring,5 May,8,27.59,89.87,666.2,62.0,370.6,62.41,89.87,90.13,62.41,0.0,711.6,305.0,370.6,3.13,1.16,1.97,11.84,0.0,day_charging
West Azerbaijan,Urmia,37.5527,45.0761,Spring,5 May,9,39.43,79.99,730.9,80.7,544.9,50.57,79.99,100.01,50.57,0.0,796.9,390.9,544.9,3.51,1.16,2.35,14.07,0.0,day_charging
West Azerbaijan,Urmia,37.5527,45.0761,Spring,5 May,10,50.84,67.46,764.9,96.2,689.2,39.16,67.46,112.54,39.16,0.0,850.2,457.9,689.2,3.74,1.16,2.58,16.52,0.0,day_charging
West Azerbaijan,Urmia,37.5527,45.0761,Spring,5 May,11,60.98,49.0,782.9,107.2,791.8,29.02,49.0,131.0,29.02,0.0,883.3,504.3,791.8,3.89,1.16,2.73,19.11,0.0,day_charging
West Azerbaijan,Urmia,37.5527,45.0761,Spring,5 May,12,67.76,19.13,790.8,112.8,844.9,22.24,19.13,160.87,22.24,0.0,899.5,528.1,844.9,3.96,1.16,2.8,21.77,0.0,day_charging
West Azerbaijan,Urmia,37.5527,45.0761,Spring,5 May,13,67.72,340.5,790.8,112.8,844.6,22.28,340.5,-160.5,22.28,0.0,899.4,527.9,844.6,3.96,1.16,2.8,24.43,0.0,day_charging
West Azerbaijan,Urmia,37.5527,45.0761,Spring,5 May,14,60.89,310.76,782.8,107.1,791.0,29.11,310.76,-130.76,29.11,0.0,883.1,504.0,791.0,3.89,1.16,2.73,27.02,0.0,day_charging
West Azerbaijan,Urmia,37.5527,45.0761,Spring,5 May,15,50.73,292.39,764.6,96.0,687.9,39.27,292.39,-112.39,39.27,0.0,849.8,457.4,687.9,3.74,1.16,2.58,29.47,0.0,day_charging
West Azerbaijan,Urmia,37.5527,45.0761,Spring,5 May,16,39.31,279.9,730.5,80.5,543.3,50.69,279.9,-99.9,50.69,0.0,796.3,390.1,543.3,3.5,1.16,2.34,31.69,0.0,day_charging
West Azerbaijan,Urmia,37.5527,45.0761,Spring,5 May,17,27.47,270.04,665.3,61.8,368.8,62.53,270.04,-90.04,62.53,0.0,710.5,304.0,368.8,3.13,1.16,1.81,33.41,0.0,day_charging
West Azerbaijan,Urmia,37.5527,45.0761,Spring,5 May,18,15.63,261.22,522.7,41.9,182.7,74.37,261.22,-81.22,74.37,0.0,549.3,197.0,182.7,2.42,1.58,0.09,33.5,0.0,day_charging
West Azerbaijan,Urmia,37.5527,45.0761,Spring,5 May,19,4.06,252.52,134.1,26.1,35.6,85.0,252.52,-72.52,85.0,0.0,148.1,54.9,35.6,0.65,1.58,-0.93,32.52,0.0,day_discharging
West Azerbaijan,Urmia,37.5527,45.0761,Spring,5 May,20,-6.95,243.23,0.0,0.0,0.0,0.0,180.0,0.0,0.0,0.0,0.0,0.0,0.0,0.0,1.98,-1.98,30.44,0.0,night_discharging
West Azerbaijan,Urmia,37.5527,45.0761,Spring,5 May,21,-17.04,232.71,0.0,0.0,0.0,0.0,180.0,0.0,0.0,0.0,0.0,0.0,0.0,0.0,1.98,-1.98,28.36,0.0,night_discharging
West Azerbaijan,Urmia,37.5527,45.0761,Spring,5 May,22,-25.67,220.33,0.0,0.0,0.0,0.0,180.0,0.0,0.0,0.0,0.0,0.0,0.0,0.0,1.98,-1.98,26.28,0.0,night_discharging
West Azerbaijan,Urmia,37.5527,45.0761,Spring,5 May,23,-32.16,205.63,0.0,0.0,0.0,0.0,180.0,0.0,0.0,0.0,0.0,0.0,0.0,0.0,1.98,-1.98,24.2,0.0,night_discharging
West Azerbaijan,Urmia,37.5527,45.0761,Summer,6 Aug,0,-35.4,171.26,0.0,0.0,0.0,0.0,180.0,0.0,0.0,0.0,0.0,0.0,0.0,0.0,1.98,-1.98,19.69,0.0,night_discharging
West Azerbaijan,Urmia,37.5527,45.0761,Summer,6 Aug,1,-35.38,171.09,0.0,0.0,0.0,0.0,180.0,0.0,0.0,0.0,0.0,0.0,0.0,0.0,1.98,-1.98,17.61,0.0,night_discharging
West Azerbaijan,Urmia,37.5527,45.0761,Summer,6 Aug,2,-31.83,154.34,0.0,0.0,0.0,0.0,180.0,0.0,0.0,0.0,0.0,0.0,0.0,0.0,1.98,-1.98,15.53,0.0,night_discharging
West Azerbaijan,Urmia,37.5527,45.0761,Summer,6 Aug,3,-25.34,139.71,0.0,0.0,0.0,0.0,180.0,0.0,0.0,0.0,0.0,0.0,0.0,0.0,1.98,-1.98,13.45,0.0,night_discharging
West Azerbaijan,Urmia,37.5527,45.0761,Summer,6 Aug,4,-16.71,127.38,0.0,0.0,0.0,0.0,180.0,0.0,0.0,0.0,0.0,0.0,0.0,0.0,1.98,-1.98,11.37,0.0,night_discharging
West Azerbaijan,Urmia,37.5527,45.0761,Summer,6 Aug,5,-6.64,116.89,0.0,0.0,0.0,0.0,180.0,0.0,0.0,0.0,0.0,0.0,0.0,0.0,1.58,-1.58,9.71,0.0,night_discharging
West Azerbaijan,Urmia,37.5527,45.0761,Summer,6 Aug,6,4.36,107.63,149.0,26.4,37.7,85.0,107.63,72.37,85.0,0.0,163.1,59.4,37.7,0.72,1.58,-0.86,8.8,0.0,day_discharging
West Azerbaijan,Urmia,37.5527,45.0761,Summer,6 Aug,7,15.92,98.94,528.1,42.4,187.2,74.08,98.94,81.06,74.08,0.0,555.1,201.9,187.2,2.44,1.16,1.28,10.02,0.0,day_charging
West Azerbaijan,Urmia,37.5527,45.0761,Summer,6 Aug,8,27.76,90.15,667.5,62.3,373.2,62.24,90.15,89.85,62.24,0.0,713.2,308.8,373.2,3.14,1.16,1.98,11.9,0.0,day_charging
West Azerbaijan,Urmia,37.5527,45.0761,Summer,6 Aug,9,39.6,80.31,731.6,81.0,547.3,50.4,80.31,99.69,50.4,0.0,797.9,394.7,547.3,3.51,1.16,2.35,14.13,0.0,day_charging
West Azerbaijan,Urmia,37.5527,45.0761,Summer,6 Aug,10,51.03,67.82,765.3,96.4,691.4,38.97,67.82,112.18,38.97,0.0,851.0,461.8,691.4,3.74,1.16,2.58,16.58,0.0,day_charging
West Azerbaijan,Urmia,37.5527,45.0761,Summer,6 Aug,11,61.21,49.39,783.2,107.4,793.8,28.79,49.39,130.61,28.79,0.0,884.0,508.2,793.8,3.89,1.16,2.73,19.17,0.0,day_charging
West Azerbaijan,Urmia,37.5527,45.0761,Summer,6 Aug,12,68.05,19.34,791.1,113.1,846.8,21.95,19.34,160.66,21.95,0.0,900.1,531.9,846.8,3.96,1.16,2.8,21.83,0.0,day_charging
West Azerbaijan,Urmia,37.5527,45.0761,Summer,6 Aug,13,68.01,340.28,791.1,113.0,846.6,21.99,340.28,-160.28,21.99,0.0,900.0,531.8,846.6,3.96,1.16,2.8,24.49,0.0,day_charging
West Azerbaijan,Urmia,37.5527,45.0761,Summer,6 Aug,14,61.12,310.37,783.1,107.3,793.0,28.88,310.37,-130.37,28.88,0.0,883.7,507.8,793.0,3.89,1.16,2.73,27.08,0.0,day_charging
West Azerbaijan,Urmia,37.5527,45.0761,Summer,6 Aug,15,50.92,292.03,765.1,96.3,690.1,39.08,292.03,-112.03,39.08,0.0,850.5,461.2,690.1,3.74,1.16,2.58,29.53,0.0,day_charging
West Azerbaijan,Urmia,37.5527,45.0761,Summer,6 Aug,16,39.48,279.58,731.2,80.8,545.7,50.52,279.58,-99.58,50.52,0.0,797.2,394.0,545.7,3.51,1.16,2.35,31.76,0.0,day_charging
West Azerbaijan,Urmia,37.5527,45.0761,Summer,6 Aug,17,27.64,269.76,666.6,62.1,371.4,62.36,269.76,-89.76,62.36,0.0,712.1,307.8,371.4,3.13,1.16,1.74,33.41,0.0,day_charging
West Azerbaijan,Urmia,37.5527,45.0761,Summer,6 Aug,18,15.8,260.97,525.9,42.2,185.4,74.2,260.97,-80.97,74.2,0.0,552.8,200.7,185.4,2.43,1.58,0.09,33.5,0.0,day_charging
West Azerbaijan,Urmia,37.5527,45.0761,Summer,6 Aug,19,4.24,252.28,143.3,26.3,36.9,85.0,252.28,-72.28,85.0,0.0,157.4,57.9,36.9,0.69,1.58,-0.89,32.56,0.0,day_discharging
West Azerbaijan,Urmia,37.5527,45.0761,Summer,6 Aug,20,-6.75,243.01,0.0,0.0,0.0,0.0,180.0,0.0,0.0,0.0,0.0,0.0,0.0,0.0,1.98,-1.98,30.48,0.0,night_discharging
West Azerbaijan,Urmia,37.5527,45.0761,Summer,6 Aug,21,-16.81,232.51,0.0,0.0,0.0,0.0,180.0,0.0,0.0,0.0,0.0,0.0,0.0,0.0,1.98,-1.98,28.4,0.0,night_discharging
West Azerbaijan,Urmia,37.5527,45.0761,Summer,6 Aug,22,-25.42,220.15,0.0,0.0,0.0,0.0,180.0,0.0,0.0,0.0,0.0,0.0,0.0,0.0,1.98,-1.98,26.32,0.0,night_discharging
West Azerbaijan,Urmia,37.5527,45.0761,Summer,6 Aug,23,-31.88,205.5,0.0,0.0,0.0,0.0,180.0,0.0,0.0,0.0,0.0,0.0,0.0,0.0,1.98,-1.98,24.24,0.0,night_discharging
West Azerbaijan,Urmia,37.5527,45.0761,Autumn,6 Nov,0,-67.47,161.08,0.0,0.0,0.0,0.0,180.0,0.0,0.0,0.0,0.0,0.0,0.0,0.0,1.98,-1.98,19.69,0.0,night_discharging
West Azerbaijan,Urmia,37.5527,45.0761,Autumn,6 Nov,1,-67.43,160.72,0.0,0.0,0.0,0.0,180.0,0.0,0.0,0.0,0.0,0.0,0.0,0.0,1.98,-1.98,17.61,0.0,night_discharging
West Azerbaijan,Urmia,37.5527,45.0761,Autumn,6 Nov,2,-60.65,131.15,0.0,0.0,0.0,0.0,180.0,0.0,0.0,0.0,0.0,0.0,0.0,0.0,1.98,-1.98,15.53,0.0,night_discharging
West Azerbaijan,Urmia,37.5527,45.0761,Autumn,6 Nov,3,-50.53,112.75,0.0,0.0,0.0,0.0,180.0,0.0,0.0,0.0,0.0,0.0,0.0,0.0,1.98,-1.98,13.45,0.0,night_discharging
West Azerbaijan,Urmia,37.5527,45.0761,Autumn,6 Nov,4,-39.13,100.21,0.0,0.0,0.0,0.0,180.0,0.0,0.0,0.0,0.0,0.0,0.0,0.0,1.98,-1.98,11.37,0.0,night_discharging
West Azerbaijan,Urmia,37.5527,45.0761,Autumn,6 Nov,5,-27.3,90.32,0.0,0.0,0.0,0.0,180.0,0.0,0.0,0.0,0.0,0.0,0.0,0.0,1.58,-1.58,9.71,0.0,night_discharging
West Azerbaijan,Urmia,37.5527,45.0761,Autumn,6 Nov,6,-15.45,81.48,0.0,0.0,0.0,0.0,180.0,0.0,0.0,0.0,0.0,0.0,0.0,0.0,1.58,-1.58,8.05,0.0,night_discharging
West Azerbaijan,Urmia,37.5527,45.0761,Autumn,6 Nov,7,-3.87,72.76,0.0,0.0,0.0,0.0,180.0,0.0,0.0,0.0,0.0,0.0,0.0,0.0,1.16,-0.88,7.17,0.28,night_idle
West Azerbaijan,Urmia,37.5527,45.0761,Autumn,6 Nov,8,7.16,63.45,279.6,29.2,64.0,82.84,63.45,116.55,82.84,0.0,296.0,26.4,64.0,1.3,1.16,0.14,7.3,0.0,day_charging
West Azerbaijan,Urmia,37.5527,45.0761,Autumn,6 Nov,9,17.26,52.92,551.1,44.6,208.2,72.74,52.92,127.08,72.74,0.0,580.0,40.4,208.2,2.55,1.16,1.39,8.62,0.0,day_charging
West Azerbaijan,Urmia,37.5527,45.0761,Autumn,6 Nov,10,25.93,40.51,652.9,59.3,344.7,64.07,40.51,139.49,64.07,0.0,695.5,53.6,344.7,3.06,1.16,1.9,10.42,0.0,day_charging
West Azerbaijan,Urmia,37.5527,45.0761,Autumn,6 Nov,11,32.44,25.75,698.1,69.9,444.4,57.56,25.75,154.25,57.56,0.0,751.8,63.3,444.4,3.31,1.16,2.15,12.46,0.0,day_charging
West Azerbaijan,Urmia,37.5527,45.0761,Autumn,6 Nov,12,35.99,8.83,716.3,75.5,496.5,54.01,8.83,171.17,54.01,0.0,776.3,72.3,496.5,3.42,1.16,2.26,14.61,0.0,day_charging
West Azerbaijan,Urmia,37.5527,45.0761,Autumn,6 Nov,13,35.97,350.99,716.2,75.5,496.2,54.03,350.99,-170.99,54.03,0.0,776.2,72.2,496.2,3.42,1.16,2.26,16.76,0.0,day_charging
West Azerbaijan,Urmia,37.5527,45.0761,Autumn,6 Nov,14,32.39,334.09,697.8,69.9,443.6,57.61,334.09,-154.09,57.61,0.0,751.4,63.2,443.6,3.31,1.16,2.15,18.8,0.0,day_charging
West Azerbaijan,Urmia,37.5527,45.0761,Autumn,6 Nov,15,25.85,319.36,652.2,59.1,343.5,64.15,319.36,-139.36,64.15,0.0,694.7,53.5,343.5,3.06,1.16,1.9,20.61,0.0,day_charging
West Azerbaijan,Urmia,37.5527,45.0761,Autumn,6 Nov,16,17.16,306.97,549.5,44.5,206.6,72.84,306.97,-126.97,72.84,0.0,578.3,40.2,206.6,2.54,1.16,1.38,21.92,0.0,day_charging
West Azerbaijan,Urmia,37.5527,45.0761,Autumn,6 Nov,17,7.05,296.45,275.0,29.0,62.8,82.95,296.45,-116.45,82.95,0.0,291.3,26.3,62.8,1.28,1.16,0.12,22.03,0.0,day_charging
West Azerbaijan,Urmia,37.5527,45.0761,Autumn,6 Nov,18,-3.99,287.15,0.0,0.0,0.0,0.0,180.0,0.0,0.0,0.0,0.0,0.0,0.0,0.0,1.58,-1.58,20.37,0.0,night_discharging
West Azerbaijan,Urmia,37.5527,45.0761,Autumn,6 Nov,19,-15.57,278.43,0.0,0.0,0.0,0.0,180.0,0.0,0.0,0.0,0.0,0.0,0.0,0.0,1.58,-1.58,18.71,0.0,night_discharging
West Azerbaijan,Urmia,37.5527,45.0761,Autumn,6 Nov,20,-27.42,269.59,0.0,0.0,0.0,0.0,180.0,0.0,0.0,0.0,0.0,0.0,0.0,0.0,1.98,-1.98,16.63,0.0,night_discharging
West Azerbaijan,Urmia,37.5527,45.0761,Autumn,6 Nov,21,-39.25,259.68,0.0,0.0,0.0,0.0,180.0,0.0,0.0,0.0,0.0,0.0,0.0,0.0,1.98,-1.98,14.55,0.0,night_discharging
West Azerbaijan,Urmia,37.5527,45.0761,Autumn,6 Nov,22,-50.64,247.1,0.0,0.0,0.0,0.0,180.0,0.0,0.0,0.0,0.0,0.0,0.0,0.0,1.98,-1.98,12.47,0.0,night_discharging
West Azerbaijan,Urmia,37.5527,45.0761,Autumn,6 Nov,23,-60.75,228.62,0.0,0.0,0.0,0.0,180.0,0.0,0.0,0.0,0.0,0.0,0.0,0.0,1.98,-1.98,10.39,0.0,night_discharging
West Azerbaijan,Urmia,37.5527,45.0761,Winter,4 Feb,0,-67.66,160.94,0.0,0.0,0.0,0.0,180.0,0.0,0.0,0.0,0.0,0.0,0.0,0.0,1.98,-1.98,19.69,0.0,night_discharging
West Azerbaijan,Urmia,37.5527,45.0761,Winter,4 Feb,1,-67.62,160.57,0.0,0.0,0.0,0.0,180.0,0.0,0.0,0.0,0.0,0.0,0.0,0.0,1.98,-1.98,17.61,0.0,night_discharging
West Azerbaijan,Urmia,37.5527,45.0761,Winter,4 Feb,2,-60.81,130.89,0.0,0.0,0.0,0.0,180.0,0.0,0.0,0.0,0.0,0.0,0.0,0.0,1.98,-1.98,15.53,0.0,night_discharging
West Azerbaijan,Urmia,37.5527,45.0761,Winter,4 Feb,3,-50.66,112.51,0.0,0.0,0.0,0.0,180.0,0.0,0.0,0.0,0.0,0.0,0.0,0.0,1.98,-1.98,13.45,0.0,night_discharging
West Azerbaijan,Urmia,37.5527,45.0761,Winter,4 Feb,4,-39.25,100.0,0.0,0.0,0.0,0.0,180.0,0.0,0.0,0.0,0.0,0.0,0.0,0.0,1.98,-1.98,11.37,0.0,night_discharging
West Azerbaijan,Urmia,37.5527,45.0761,Winter,4 Feb,5,-27.42,90.13,0.0,0.0,0.0,0.0,180.0,0.0,0.0,0.0,0.0,0.0,0.0,0.0,1.58,-1.58,9.71,0.0,night_discharging
West Azerbaijan,Urmia,37.5527,45.0761,Winter,4 Feb,6,-15.57,81.31,0.0,0.0,0.0,0.0,180.0,0.0,0.0,0.0,0.0,0.0,0.0,0.0,1.58,-1.58,8.05,0.0,night_discharging
West Azerbaijan,Urmia,37.5527,45.0761,Winter,4 Feb,7,-3.99,72.6,0.0,0.0,0.0,0.0,180.0,0.0,0.0,0.0,0.0,0.0,0.0,0.0,1.16,-0.88,7.17,0.28,night_idle
West Azerbaijan,Urmia,37.5527,45.0761,Winter,4 Feb,8,7.02,63.3,273.9,29.0,62.5,82.98,63.3,116.7,82.98,0.0,290.2,26.2,62.5,1.28,1.16,0.12,7.28,0.0,day_charging
West Azerbaijan,Urmia,37.5527,45.0761,Winter,4 Feb,9,17.11,52.78,548.7,44.4,205.8,72.89,52.78,127.22,72.89,0.0,577.4,40.1,205.8,2.54,1.16,1.38,8.59,0.0,day_charging
West Azerbaijan,Urmia,37.5527,45.0761,Winter,4 Feb,10,25.76,40.39,651.4,59.0,342.1,64.24,40.39,139.61,64.24,0.0,693.7,53.3,342.1,3.05,1.16,1.89,10.39,0.0,day_charging
West Azerbaijan,Urmia,37.5527,45.0761,Winter,4 Feb,11,32.26,25.67,697.0,69.6,441.6,57.74,25.67,154.33,57.74,0.0,750.4,63.0,441.6,3.3,1.16,2.14,12.42,0.0,day_charging
West Azerbaijan,Urmia,37.5527,45.0761,Winter,4 Feb,12,35.8,8.8,715.4,75.2,493.6,54.2,8.8,171.2,54.2,0.0,775.0,69.5,493.6,3.41,1.16,2.25,14.56,0.0,day_charging
West Azerbaijan,Urmia,37.5527,45.0761,Winter,4 Feb,13,35.78,351.02,715.3,75.2,493.4,54.22,351.02,-171.02,54.22,0.0,774.9,69.4,493.4,3.41,1.16,2.25,16.7,0.0,day_charging
West Azerbaijan,Urmia,37.5527,45.0761,Winter,4 Feb,14,32.2,334.17,696.7,69.6,440.9,57.8,334.17,-154.17,57.8,0.0,750.0,62.9,440.9,3.3,1.16,2.14,18.73,0.0,day_charging
West Azerbaijan,Urmia,37.5527,45.0761,Winter,4 Feb,15,25.68,319.48,650.8,58.8,340.8,64.32,319.48,-139.48,64.32,0.0,692.9,53.2,340.8,3.05,1.16,1.89,20.53,0.0,day_charging
West Azerbaijan,Urmia,37.5527,45.0761,Winter,4 Feb,16,17.01,307.1,547.1,44.2,204.3,72.99,307.1,-127.1,72.99,0.0,575.6,40.0,204.3,2.53,1.16,1.37,21.83,0.0,day_charging
West Azerbaijan,Urmia,37.5527,45.0761,Winter,4 Feb,17,6.91,296.6,269.3,28.9,61.3,83.09,296.6,-116.6,83.09,0.0,285.4,26.1,61.3,1.26,1.16,0.1,21.92,0.0,day_charging
West Azerbaijan,Urmia,37.5527,45.0761,Winter,4 Feb,18,-4.11,287.31,0.0,0.0,0.0,0.0,180.0,0.0,0.0,0.0,0.0,0.0,0.0,0.0,1.58,-1.58,20.26,0.0,night_discharging
West Azerbaijan,Urmia,37.5527,45.0761,Winter,4 Feb,19,-15.69,278.6,0.0,0.0,0.0,0.0,180.0,0.0,0.0,0.0,0.0,0.0,0.0,0.0,1.58,-1.58,18.6,0.0,night_discharging
West Azerbaijan,Urmia,37.5527,45.0761,Winter,4 Feb,20,-27.54,269.77,0.0,0.0,0.0,0.0,180.0,0.0,0.0,0.0,0.0,0.0,0.0,0.0,1.98,-1.98,16.52,0.0,night_discharging
West Azerbaijan,Urmia,37.5527,45.0761,Winter,4 Feb,21,-39.37,259.89,0.0,0.0,0.0,0.0,180.0,0.0,0.0,0.0,0.0,0.0,0.0,0.0,1.98,-1.98,14.44,0.0,night_discharging
West Azerbaijan,Urmia,37.5527,45.0761,Winter,4 Feb,22,-50.77,247.34,0.0,0.0,0.0,0.0,180.0,0.0,0.0,0.0,0.0,0.0,0.0,0.0,1.98,-1.98,12.36,0.0,night_discharging
West Azerbaijan,Urmia,37.5527,45.0761,Winter,4 Feb,23,-60.9,228.87,0.0,0.0,0.0,0.0,180.0,0.0,0.0,0.0,0.0,0.0,0.0,0.0,1.98,-1.98,10.28,0.0,night_discharging
Kermanshah,Kermanshah,34.3142,47.065,Spring,5 May,0,-39.12,173.27,0.0,0.0,0.0,0.0,180.0,0.0,0.0,0.0,0.0,0.0,0.0,0.0,1.98,-1.98,20.02,0.0,night_discharging
Kermanshah,Kermanshah,34.3142,47.065,Spring,5 May,1,-38.57,168.23,0.0,0.0,0.0,0.0,180.0,0.0,0.0,0.0,0.0,0.0,0.0,0.0,1.98,-1.98,17.94,0.0,night_discharging
Kermanshah,Kermanshah,34.3142,47.065,Spring,5 May,2,-34.25,151.14,0.0,0.0,0.0,0.0,180.0,0.0,0.0,0.0,0.0,0.0,0.0,0.0,1.98,-1.98,15.86,0.0,night_discharging
Kermanshah,Kermanshah,34.3142,47.065,Spring,5 May,3,-26.93,136.71,0.0,0.0,0.0,0.0,180.0,0.0,0.0,0.0,0.0,0.0,0.0,0.0,1.98,-1.98,13.78,0.0,night_discharging
Kermanshah,Kermanshah,34.3142,47.065,Spring,5 May,4,-17.54,124.9,0.0,0.0,0.0,0.0,180.0,0.0,0.0,0.0,0.0,0.0,0.0,0.0,1.98,-1.98,11.7,0.0,night_discharging
Kermanshah,Kermanshah,34.3142,47.065,Spring,5 May,5,-6.81,115.07,0.0,0.0,0.0,0.0,180.0,0.0,0.0,0.0,0.0,0.0,0.0,0.0,1.58,-1.58,10.04,0.0,night_discharging
Kermanshah,Kermanshah,34.3142,47.065,Spring,5 May,6,4.77,106.5,169.4,26.7,40.8,85.0,106.5,73.5,85.0,0.0,183.8,62.9,40.8,0.81,1.58,-0.77,9.23,0.0,day_discharging
Kermanshah,Kermanshah,34.3142,47.065,Spring,5 May,7,16.85,98.53,544.4,43.9,201.8,73.15,98.53,81.47,73.15,0.0,572.8,214.3,201.8,2.52,1.16,1.36,10.52,0.0,day_charging
Kermanshah,Kermanshah,34.3142,47.065,Spring,5 May,8,29.2,90.45,677.8,64.7,395.3,60.8,90.45,89.55,60.8,0.0,725.9,335.9,395.3,3.19,1.16,2.03,12.45,0.0,day_charging
Kermanshah,Kermanshah,34.3142,47.065,Spring,5 May,9,41.54,81.33,738.7,83.8,573.7,48.46,81.33,98.67,48.46,0.0,808.4,436.2,573.7,3.56,1.16,2.4,14.73,0.0,day_charging
Kermanshah,Kermanshah,34.3142,47.065,Spring,5 May,10,53.53,69.41,770.5,99.4,719.0,36.47,69.41,110.59,36.47,0.0,860.1,514.5,719.0,3.78,1.16,2.62,17.22,0.0,day_charging
Kermanshah,Kermanshah,34.3142,47.065,Spring,5 May,11,64.3,50.61,787.1,110.1,819.4,25.7,50.61,129.39,25.7,0.0,891.8,567.6,819.4,3.92,1.16,2.76,19.84,0.0,day_charging
Kermanshah,Kermanshah,34.3142,47.065,Spring,5 May,12,71.34,16.5,794.0,115.3,867.5,18.66,16.5,163.5,18.66,0.0,906.2,592.8,867.5,3.99,1.16,2.83,22.53,0.0,day_charging
Kermanshah,Kermanshah,34.3142,47.065,Spring,5 May,13,70.04,332.14,792.9,114.4,859.8,19.96,332.14,-152.14,19.96,0.0,903.9,588.8,859.8,3.98,1.16,2.82,25.21,0.0,day_charging
Kermanshah,Kermanshah,34.3142,47.065,Spring,5 May,14,61.55,303.12,783.7,107.7,796.7,28.45,303.12,-123.12,28.45,0.0,884.9,555.7,796.7,3.89,1.16,2.73,27.8,0.0,day_charging
Kermanshah,Kermanshah,34.3142,47.065,Spring,5 May,15,50.3,286.86,763.6,95.5,683.0,39.7,286.86,-106.86,39.7,0.0,848.1,495.3,683.0,3.73,1.16,2.57,30.24,0.0,day_charging
Kermanshah,Kermanshah,34.3142,47.065,Spring,5 May,16,38.16,275.98,725.9,78.8,527.3,51.84,275.98,-95.98,51.84,0.0,789.6,410.6,527.3,3.47,1.16,2.31,32.43,0.0,day_charging
Kermanshah,Kermanshah,34.3142,47.065,Spring,5 May,17,25.79,267.27,651.7,59.0,342.5,64.21,267.27,-87.27,64.21,0.0,694.0,304.6,342.5,3.05,1.16,1.57,33.92,0.0,day_charging
Kermanshah,Kermanshah,34.3142,47.065,Spring,5 May,18,13.49,259.3,478.8,38.4,150.1,76.51,259.3,-79.3,76.51,0.0,502.5,176.1,150.1,2.21,1.58,0.08,34.0,0.0,day_charging
Kermanshah,Kermanshah,34.3142,47.065,Spring,5 May,19,1.52,251.23,26.4,25.1,25.8,85.0,251.23,-71.23,85.0,0.0,39.3,28.3,25.8,0.17,1.58,-1.41,32.52,0.0,day_discharging
Kermanshah,Kermanshah,34.3142,47.065,Spring,5 May,20,-9.87,242.38,0.0,0.0,0.0,0.0,180.0,0.0,0.0,0.0,0.0,0.0,0.0,0.0,1.98,-1.98,30.44,0.0,night_discharging
Kermanshah,Kermanshah,34.3142,47.065,Spring,5 May,21,-20.29,232.08,0.0,0.0,0.0,0.0,180.0,0.0,0.0,0.0,0.0,0.0,0.0,0.0,1.98,-1.98,28.36,0.0,night_discharging
Kermanshah,Kermanshah,34.3142,47.065,Spring,5 May,22,-29.19,219.6,0.0,0.0,0.0,0.0,180.0,0.0,0.0,0.0,0.0,0.0,0.0,0.0,1.98,-1.98,26.28,0.0,night_discharging
Kermanshah,Kermanshah,34.3142,47.065,Spring,5 May,23,-35.78,204.4,0.0,0.0,0.0,0.0,180.0,0.0,0.0,0.0,0.0,0.0,0.0,0.0,1.98,-1.98,24.2,0.0,night_discharging
Kermanshah,Kermanshah,34.3142,47.065,Summer,6 Aug,0,-38.82,173.31,0.0,0.0,0.0,0.0,180.0,0.0,0.0,0.0,0.0,0.0,0.0,0.0,1.98,-1.98,20.02,0.0,night_discharging
Kermanshah,Kermanshah,34.3142,47.065,Summer,6 Aug,1,-38.28,168.3,0.0,0.0,0.0,0.0,180.0,0.0,0.0,0.0,0.0,0.0,0.0,0.0,1.98,-1.98,17.94,0.0,night_discharging
Kermanshah,Kermanshah,34.3142,47.065,Summer,6 Aug,2,-33.98,151.29,0.0,0.0,0.0,0.0,180.0,0.0,0.0,0.0,0.0,0.0,0.0,0.0,1.98,-1.98,15.86,0.0,night_discharging
Kermanshah,Kermanshah,34.3142,47.065,Summer,6 Aug,3,-26.69,136.91,0.0,0.0,0.0,0.0,180.0,0.0,0.0,0.0,0.0,0.0,0.0,0.0,1.98,-1.98,13.78,0.0,night_discharging
Kermanshah,Kermanshah,34.3142,47.065,Summer,6 Aug,4,-17.33,125.12,0.0,0.0,0.0,0.0,180.0,0.0,0.0,0.0,0.0,0.0,0.0,0.0,1.98,-1.98,11.7,0.0,night_discharging
Kermanshah,Kermanshah,34.3142,47.065,Summer,6 Aug,5,-6.62,115.31,0.0,0.0,0.0,0.0,180.0,0.0,0.0,0.0,0.0,0.0,0.0,0.0,1.58,-1.58,10.04,0.0,night_discharging
Kermanshah,Kermanshah,34.3142,47.065,Summer,6 Aug,6,4.94,106.75,177.7,26.8,42.1,85.0,106.75,73.25,85.0,0.0,192.3,65.8,42.1,0.85,1.58,-0.73,9.27,0.0,day_discharging
Kermanshah,Kermanshah,34.3142,47.065,Summer,6 Aug,7,17.01,98.79,547.0,44.2,204.3,72.99,98.79,81.21,72.99,0.0,575.6,217.8,204.3,2.53,1.16,1.37,10.57,0.0,day_charging
Kermanshah,Kermanshah,34.3142,47.065,Summer,6 Aug,8,29.35,90.75,678.9,64.9,397.6,60.65,90.75,89.25,60.65,0.0,727.2,339.5,397.6,3.2,1.16,2.04,12.51,0.0,day_charging
Kermanshah,Kermanshah,34.3142,47.065,Summer,6 Aug,9,41.7,81.67,739.3,84.0,575.8,48.3,81.67,98.33,48.3,0.0,809.2,439.8,575.8,3.56,1.16,2.4,14.79,0.0,day_charging
Kermanshah,Kermanshah,34.3142,47.065,Summer,6 Aug,10,53.7,69.82,770.9,99.6,720.9,36.3,69.82,110.18,36.3,0.0,860.8,518.1,720.9,3.79,1.16,2.63,17.29,0.0,day_charging
Kermanshah,Kermanshah,34.3142,47.065,Summer,6 Aug,11,64.53,51.07,787.4,110.3,821.1,25.47,51.07,128.93,25.47,0.0,892.3,571.2,821.1,3.93,1.16,2.77,19.92,0.0,day_charging
Kermanshah,Kermanshah,34.3142,47.065,Summer,6 Aug,12,71.63,16.74,794.2,115.4,869.2,18.37,16.74,163.26,18.37,0.0,906.7,596.4,869.2,3.99,1.16,2.83,22.61,0.0,day_charging
Kermanshah,Kermanshah,34.3142,47.065,Summer,6 Aug,13,70.32,331.78,793.2,114.6,861.4,19.68,331.78,-151.78,19.68,0.0,904.4,592.3,861.4,3.98,1.16,2.82,25.29,0.0,day_charging
Kermanshah,Kermanshah,34.3142,47.065,Summer,6 Aug,14,61.76,302.66,784.0,107.9,798.5,28.24,302.66,-122.66,28.24,0.0,885.4,559.3,798.5,3.9,1.16,2.74,27.89,0.0,day_charging
Kermanshah,Kermanshah,34.3142,47.065,Summer,6 Aug,15,50.47,286.47,764.0,95.7,685.0,39.53,286.47,-106.47,39.53,0.0,848.8,498.9,685.0,3.73,1.16,2.57,30.33,0.0,day_charging
Kermanshah,Kermanshah,34.3142,47.065,Summer,6 Aug,16,38.31,275.65,726.5,79.0,529.4,51.69,275.65,-95.65,51.69,0.0,790.5,414.3,529.4,3.48,1.16,2.32,32.53,0.0,day_charging
Kermanshah,Kermanshah,34.3142,47.065,Summer,6 Aug,17,25.94,266.98,653.0,59.3,344.9,64.06,266.98,-86.98,64.06,0.0,695.6,308.3,344.9,3.06,1.16,1.47,33.93,0.0,day_charging
Kermanshah,Kermanshah,34.3142,47.065,Summer,6 Aug,18,13.65,259.04,482.4,38.7,152.5,76.35,259.04,-79.04,76.35,0.0,506.3,179.6,152.5,2.23,1.58,0.07,34.0,0.0,day_charging
Kermanshah,Kermanshah,34.3142,47.065,Summer,6 Aug,19,1.69,250.98,31.6,25.1,26.0,85.0,250.98,-70.98,85.0,0.0,44.6,29.5,26.0,0.2,1.58,-1.38,32.55,0.0,day_discharging
Kermanshah,Kermanshah,34.3142,47.065,Summer,6 Aug,20,-9.67,242.15,0.0,0.0,0.0,0.0,180.0,0.0,0.0,0.0,0.0,0.0,0.0,0.0,1.98,-1.98,30.47,0.0,night_discharging
Kermanshah,Kermanshah,34.3142,47.065,Summer,6 Aug,21,-20.07,231.86,0.0,0.0,0.0,0.0,180.0,0.0,0.0,0.0,0.0,0.0,0.0,0.0,1.98,-1.98,28.39,0.0,night_discharging
Kermanshah,Kermanshah,34.3142,47.065,Summer,6 Aug,22,-28.94,219.41,0.0,0.0,0.0,0.0,180.0,0.0,0.0,0.0,0.0,0.0,0.0,0.0,1.98,-1.98,26.31,0.0,night_discharging
Kermanshah,Kermanshah,34.3142,47.065,Summer,6 Aug,23,-35.5,204.27,0.0,0.0,0.0,0.0,180.0,0.0,0.0,0.0,0.0,0.0,0.0,0.0,1.98,-1.98,24.23,0.0,night_discharging
Kermanshah,Kermanshah,34.3142,47.065,Autumn,6 Nov,0,-71.05,163.72,0.0,0.0,0.0,0.0,180.0,0.0,0.0,0.0,0.0,0.0,0.0,0.0,1.98,-1.98,20.02,0.0,night_discharging
Kermanshah,Kermanshah,34.3142,47.065,Autumn,6 Nov,1,-69.77,152.49,0.0,0.0,0.0,0.0,180.0,0.0,0.0,0.0,0.0,0.0,0.0,0.0,1.98,-1.98,17.94,0.0,night_discharging
Kermanshah,Kermanshah,34.3142,47.065,Autumn,6 Nov,2,-61.34,123.57,0.0,0.0,0.0,0.0,180.0,0.0,0.0,0.0,0.0,0.0,0.0,0.0,1.98,-1.98,15.86,0.0,night_discharging
Kermanshah,Kermanshah,34.3142,47.065,Autumn,6 Nov,3,-50.13,107.25,0.0,0.0,0.0,0.0,180.0,0.0,0.0,0.0,0.0,0.0,0.0,0.0,1.98,-1.98,13.78,0.0,night_discharging
Kermanshah,Kermanshah,34.3142,47.065,Autumn,6 Nov,4,-38.0,96.3,0.0,0.0,0.0,0.0,180.0,0.0,0.0,0.0,0.0,0.0,0.0,0.0,1.98,-1.98,11.7,0.0,night_discharging
Kermanshah,Kermanshah,34.3142,47.065,Autumn,6 Nov,5,-25.63,87.55,0.0,0.0,0.0,0.0,180.0,0.0,0.0,0.0,0.0,0.0,0.0,0.0,1.58,-1.58,10.04,0.0,night_discharging
Kermanshah,Kermanshah,34.3142,47.065,Autumn,6 Nov,6,-13.33,79.56,0.0,0.0,0.0,0.0,180.0,0.0,0.0,0.0,0.0,0.0,0.0,0.0,1.58,-1.58,8.38,0.0,night_discharging
Kermanshah,Kermanshah,34.3142,47.065,Autumn,6 Nov,7,-1.34,71.47,0.0,0.0,0.0,0.0,180.0,0.0,0.0,0.0,0.0,0.0,0.0,0.0,1.16,-1.16,7.17,0.0,night_discharging
Kermanshah,Kermanshah,34.3142,47.065,Autumn,6 Nov,8,10.06,62.61,386.5,33.1,100.6,79.94,62.61,117.39,79.94,0.0,405.9,30.3,100.6,1.79,1.16,0.63,7.77,0.0,day_charging
Kermanshah,Kermanshah,34.3142,47.065,Autumn,6 Nov,9,20.51,52.3,597.2,50.1,259.3,69.49,52.3,127.7,69.49,0.0,631.0,45.8,259.3,2.78,1.16,1.62,9.31,0.0,day_charging
Kermanshah,Kermanshah,34.3142,47.065,Autumn,6 Nov,10,29.44,39.79,679.5,65.1,399.0,60.56,39.79,140.21,60.56,0.0,728.0,82.1,399.0,3.2,1.16,2.04,11.25,0.0,day_charging
Kermanshah,Kermanshah,34.3142,47.065,Autumn,6 Nov,11,36.06,24.53,716.6,75.6,497.4,53.94,24.53,155.47,53.94,0.0,776.7,124.1,497.4,3.42,1.16,2.26,13.4,0.0,day_charging
Kermanshah,Kermanshah,34.3142,47.065,Autumn,6 Nov,12,39.42,6.77,730.9,80.7,544.8,50.58,6.77,173.23,50.58,0.0,796.9,145.0,544.8,3.51,1.16,2.35,15.63,0.0,day_charging
Kermanshah,Kermanshah,34.3142,47.065,Autumn,6 Nov,13,38.87,348.16,728.7,79.9,537.2,51.13,348.16,-168.16,51.13,0.0,793.7,141.6,537.2,3.49,1.16,2.33,17.84,0.0,day_charging
Kermanshah,Kermanshah,34.3142,47.065,Autumn,6 Nov,14,34.52,330.99,709.2,73.2,475.1,55.48,330.99,-150.99,55.48,0.0,766.6,114.4,475.1,3.37,1.16,2.21,19.94,0.0,day_charging
Kermanshah,Kermanshah,34.3142,47.065,Autumn,6 Nov,15,27.17,316.51,663.0,61.3,364.1,62.83,316.51,-136.51,62.83,0.0,707.7,67.8,364.1,3.11,1.16,1.95,21.79,0.0,day_charging
Kermanshah,Kermanshah,34.3142,47.065,Autumn,6 Nov,16,17.75,304.68,558.9,45.5,215.9,72.25,304.68,-124.68,72.25,0.0,588.6,41.6,215.9,2.59,1.16,1.43,23.15,0.0,day_charging
Kermanshah,Kermanshah,34.3142,47.065,Autumn,6 Nov,17,7.0,294.83,272.9,29.0,62.2,83.0,294.83,-114.83,83.0,0.0,289.1,26.5,62.2,1.27,1.16,0.11,23.25,0.0,day_charging
Kermanshah,Kermanshah,34.3142,47.065,Autumn,6 Nov,18,-4.6,286.25,0.0,0.0,0.0,0.0,180.0,0.0,0.0,0.0,0.0,0.0,0.0,0.0,1.58,-1.58,21.59,0.0,night_discharging
Kermanshah,Kermanshah,34.3142,47.065,Autumn,6 Nov,19,-16.7,278.26,0.0,0.0,0.0,0.0,180.0,0.0,0.0,0.0,0.0,0.0,0.0,0.0,1.58,-1.58,19.93,0.0,night_discharging
Kermanshah,Kermanshah,34.3142,47.065,Autumn,6 Nov,20,-29.04,270.16,0.0,0.0,0.0,0.0,180.0,0.0,0.0,0.0,0.0,0.0,0.0,0.0,1.98,-1.98,17.85,0.0,night_discharging
Kermanshah,Kermanshah,34.3142,47.065,Autumn,6 Nov,21,-41.38,260.99,0.0,0.0,0.0,0.0,180.0,0.0,0.0,0.0,0.0,0.0,0.0,0.0,1.98,-1.98,15.77,0.0,night_discharging
Kermanshah,Kermanshah,34.3142,47.065,Autumn,6 Nov,22,-53.35,249.01,0.0,0.0,0.0,0.0,180.0,0.0,0.0,0.0,0.0,0.0,0.0,0.0,1.98,-1.98,13.69,0.0,night_discharging
Kermanshah,Kermanshah,34.3142,47.065,Autumn,6 Nov,23,-64.08,230.15,0.0,0.0,0.0,0.0,180.0,0.0,0.0,0.0,0.0,0.0,0.0,0.0,1.98,-1.98,11.61,0.0,night_discharging
Kermanshah,Kermanshah,34.3142,47.065,Winter,4 Feb,0,-71.24,163.57,0.0,0.0,0.0,0.0,180.0,0.0,0.0,0.0,0.0,0.0,0.0,0.0,1.98,-1.98,20.02,0.0,night_discharging
Kermanshah,Kermanshah,34.3142,47.065,Winter,4 Feb,1,-69.95,152.26,0.0,0.0,0.0,0.0,180.0,0.0,0.0,0.0,0.0,0.0,0.0,0.0,1.98,-1.98,17.94,0.0,night_discharging
Kermanshah,Kermanshah,34.3142,47.065,Winter,4 Feb,2,-61.48,123.27,0.0,0.0,0.0,0.0,180.0,0.0,0.0,0.0,0.0,0.0,0.0,0.0,1.98,-1.98,15.86,0.0,night_discharging
Kermanshah,Kermanshah,34.3142,47.065,Winter,4 Feb,3,-50.24,106.99,0.0,0.0,0.0,0.0,180.0,0.0,0.0,0.0,0.0,0.0,0.0,0.0,1.98,-1.98,13.78,0.0,night_discharging
Kermanshah,Kermanshah,34.3142,47.065,Winter,4 Feb,4,-38.11,96.09,0.0,0.0,0.0,0.0,180.0,0.0,0.0,0.0,0.0,0.0,0.0,0.0,1.98,-1.98,11.7,0.0,night_discharging
Kermanshah,Kermanshah,34.3142,47.065,Winter,4 Feb,5,-25.73,87.36,0.0,0.0,0.0,0.0,180.0,0.0,0.0,0.0,0.0,0.0,0.0,0.0,1.58,-1.58,10.04,0.0,night_discharging
Kermanshah,Kermanshah,34.3142,47.065,Winter,4 Feb,6,-13.44,79.39,0.0,0.0,0.0,0.0,180.0,0.0,0.0,0.0,0.0,0.0,0.0,0.0,1.58,-1.58,8.38,0.0,night_discharging
Kermanshah,Kermanshah,34.3142,47.065,Winter,4 Feb,7,-1.46,71.31,0.0,0.0,0.0,0.0,180.0,0.0,0.0,0.0,0.0,0.0,0.0,0.0,1.16,-1.16,7.17,0.0,night_discharging
Kermanshah,Kermanshah,34.3142,47.065,Winter,4 Feb,8,9.93,62.46,382.4,32.9,98.9,80.07,62.46,117.54,80.07,0.0,401.6,30.1,98.9,1.77,1.16,0.61,7.75,0.0,day_charging
Kermanshah,Kermanshah,34.3142,47.065,Winter,4 Feb,9,20.36,52.15,595.3,49.9,257.0,69.64,52.15,127.85,69.64,0.0,628.9,45.6,257.0,2.77,1.16,1.61,9.28,0.0,day_charging
Kermanshah,Kermanshah,34.3142,47.065,Winter,4 Feb,10,29.27,39.66,678.3,64.8,396.5,60.73,39.66,140.34,60.73,0.0,726.6,79.5,396.5,3.2,1.16,2.04,11.22,0.0,day_charging
Kermanshah,Kermanshah,34.3142,47.065,Winter,4 Feb,11,35.87,24.44,715.8,75.3,494.7,54.13,24.44,155.56,54.13,0.0,775.5,121.3,494.7,3.41,1.16,2.25,13.36,0.0,day_charging
Kermanshah,Kermanshah,34.3142,47.065,Winter,4 Feb,12,39.22,6.74,730.1,80.4,542.1,50.78,6.74,173.26,50.78,0.0,795.8,142.2,542.1,3.5,1.16,2.34,15.58,0.0,day_charging
Kermanshah,Kermanshah,34.3142,47.065,Winter,4 Feb,13,38.67,348.21,728.0,79.6,534.5,51.33,348.21,-168.21,51.33,0.0,792.6,138.8,534.5,3.49,1.16,2.33,17.79,0.0,day_charging
Kermanshah,Kermanshah,34.3142,47.065,Winter,4 Feb,14,34.34,331.09,708.3,72.9,472.5,55.66,331.09,-151.09,55.66,0.0,765.3,111.7,472.5,3.37,1.16,2.21,19.89,0.0,day_charging
Kermanshah,Kermanshah,34.3142,47.065,Winter,4 Feb,15,27.01,316.64,661.7,61.1,361.6,62.99,316.64,-136.64,62.99,0.0,706.1,65.3,361.6,3.11,1.16,1.95,21.74,0.0,day_charging
Kermanshah,Kermanshah,34.3142,47.065,Winter,4 Feb,16,17.61,304.82,556.7,45.2,213.7,72.39,304.82,-124.82,72.39,0.0,586.1,41.3,213.7,2.58,1.16,1.42,23.09,0.0,day_charging
Kermanshah,Kermanshah,34.3142,47.065,Winter,4 Feb,17,6.87,294.99,267.5,28.8,60.8,83.13,294.99,-114.99,83.13,0.0,283.6,26.4,60.8,1.25,1.16,0.09,23.18,0.0,day_charging
Kermanshah,Kermanshah,34.3142,47.065,Winter,4 Feb,18,-4.71,286.42,0.0,0.0,0.0,0.0,180.0,0.0,0.0,0.0,0.0,0.0,0.0,0.0,1.58,-1.58,21.52,0.0,night_discharging
Kermanshah,Kermanshah,34.3142,47.065,Winter,4 Feb,19,-16.8,278.44,0.0,0.0,0.0,0.0,180.0,0.0,0.0,0.0,0.0,0.0,0.0,0.0,1.58,-1.58,19.86,0.0,night_discharging
Kermanshah,Kermanshah,34.3142,47.065,Winter,4 Feb,20,-29.14,270.35,0.0,0.0,0.0,0.0,180.0,0.0,0.0,0.0,0.0,0.0,0.0,0.0,1.98,-1.98,17.78,0.0,night_discharging
Kermanshah,Kermanshah,34.3142,47.065,Winter,4 Feb,21,-41.49,261.22,0.0,0.0,0.0,0.0,180.0,0.0,0.0,0.0,0.0,0.0,0.0,0.0,1.98,-1.98,15.7,0.0,night_discharging
Kermanshah,Kermanshah,34.3142,47.065,Winter,4 Feb,22,-53.47,249.28,0.0,0.0,0.0,0.0,180.0,0.0,0.0,0.0,0.0,0.0,0.0,0.0,1.98,-1.98,13.62,0.0,night_discharging
Kermanshah,Kermanshah,34.3142,47.065,Winter,4 Feb,23,-64.23,230.45,0.0,0.0,0.0,0.0,180.0,0.0,0.0,0.0,0.0,0.0,0.0,0.0,1.98,-1.98,11.54,0.0,night_discharging
Sistan & Baluchestan,Zahedan,29.4963,60.8629,Spring,5 May,0,-43.5,168.9,0.0,0.0,0.0,0.0,180.0,0.0,0.0,0.0,0.0,0.0,0.0,0.0,1.98,-1.98,21.19,0.0,night_discharging
Sistan & Baluchestan,Zahedan,29.4963,60.8629,Spring,5 May,1,-38.96,150.7,0.0,0.0,0.0,0.0,180.0,0.0,0.0,0.0,0.0,0.0,0.0,0.0,1.98,-1.98,19.11,0.0,night_discharging
Sistan & Baluchestan,Zahedan,29.4963,60.8629,Spring,5 May,2,-31.12,135.91,0.0,0.0,0.0,0.0,180.0,0.0,0.0,0.0,0.0,0.0,0.0,0.0,1.98,-1.98,17.03,0.0,night_discharging
Sistan & Baluchestan,Zahedan,29.4963,60.8629,Spring,5 May,3,-21.12,124.35,0.0,0.0,0.0,0.0,180.0,0.0,0.0,0.0,0.0,0.0,0.0,0.0,1.98,-1.98,14.95,0.0,night_discharging
Sistan & Baluchestan,Zahedan,29.4963,60.8629,Spring,5 May,4,-9.78,115.13,0.0,0.0,0.0,0.0,180.0,0.0,0.0,0.0,0.0,0.0,0.0,0.0,1.98,-1.98,12.87,0.0,night_discharging
Sistan & Baluchestan,Zahedan,29.4963,60.8629,Spring,5 May,5,2.39,107.41,56.7,25.3,27.6,85.0,107.41,72.59,85.0,0.0,69.9,34.0,27.6,0.34,1.58,-1.24,11.56,0.0,day_discharging
Sistan & Baluchestan,Zahedan,29.4963,60.8629,Spring,5 May,6,15.05,100.47,511.7,40.9,173.8,74.95,100.47,79.53,74.95,0.0,537.5,198.2,173.8,2.6,1.58,1.02,12.53,0.0,day_charging
Sistan & Baluchestan,Zahedan,29.4963,60.8629,Spring,5 May,7,28.0,93.69,669.3,62.7,376.9,62.0,93.69,86.31,62.0,0.0,715.4,352.0,376.9,3.46,1.16,2.3,14.71,0.0,day_charging
Sistan & Baluchestan,Zahedan,29.4963,60.8629,Spring,5 May,8,41.05,86.27,737.0,83.1,567.0,48.95,86.27,93.73,48.95,0.0,805.8,483.6,567.0,3.9,1.16,2.74,17.31,0.0,day_charging
Sistan & Baluchestan,Zahedan,29.4963,60.8629,Spring,5 May,9,53.95,76.74,771.4,99.8,723.5,36.05,76.74,103.26,36.05,0.0,861.6,588.6,723.5,4.17,1.16,3.01,20.17,0.0,day_charging
Sistan & Baluchestan,Zahedan,29.4963,60.8629,Spring,5 May,10,66.17,61.15,789.2,111.6,833.6,23.83,61.15,118.85,23.83,0.0,896.1,661.4,833.6,4.34,1.16,3.18,23.19,0.0,day_charging
Sistan & Baluchestan,Zahedan,29.4963,60.8629,Spring,5 May,11,75.47,26.23,796.8,117.6,888.9,14.53,26.23,153.77,14.53,0.0,912.5,697.8,888.9,4.42,1.16,3.26,26.29,0.0,day_charging
Sistan & Baluchestan,Zahedan,29.4963,60.8629,Spring,5 May,12,74.73,327.98,796.4,117.2,885.5,15.27,327.98,-147.98,15.27,0.0,911.5,695.6,885.5,4.41,1.16,3.25,29.38,0.0,day_charging
Sistan & Baluchestan,Zahedan,29.4963,60.8629,Spring,5 May,13,64.84,296.47,787.8,110.6,823.6,25.16,296.47,-116.47,25.16,0.0,893.1,654.8,823.6,4.32,1.16,3.16,32.38,0.0,day_charging
Sistan & Baluchestan,Zahedan,29.4963,60.8629,Spring,5 May,14,52.49,281.97,768.4,98.1,707.7,37.51,281.97,-101.97,37.51,0.0,856.4,578.1,707.7,4.15,1.16,2.99,35.22,0.0,day_charging
Sistan & Baluchestan,Zahedan,29.4963,60.8629,Spring,5 May,15,39.55,272.8,731.4,80.9,546.6,50.45,272.8,-92.8,50.45,0.0,797.6,469.7,546.6,3.86,1.16,0.58,35.77,0.0,day_charging
Sistan & Baluchestan,Zahedan,29.4963,60.8629,Spring,5 May,16,26.5,265.51,657.6,60.2,353.7,63.5,265.51,-85.51,63.5,0.0,701.2,335.4,353.7,3.39,1.16,0.03,35.8,0.0,day_idle
Sistan & Baluchestan,Zahedan,29.4963,60.8629,Spring,5 May,17,13.58,258.75,480.7,38.5,151.4,76.42,258.75,-78.75,76.42,0.0,504.5,179.0,151.4,2.44,1.16,0.0,35.8,0.0,day_idle
Sistan & Baluchestan,Zahedan,29.4963,60.8629,Spring,5 May,18,0.96,251.76,13.1,25.0,25.2,85.0,251.76,-71.76,85.0,0.0,25.8,25.6,25.2,0.13,1.58,-1.45,34.27,0.0,day_discharging
Sistan & Baluchestan,Zahedan,29.4963,60.8629,Spring,5 May,19,-11.13,243.9,0.0,0.0,0.0,0.0,180.0,0.0,0.0,0.0,0.0,0.0,0.0,0.0,1.58,-1.58,32.61,0.0,night_discharging
Sistan & Baluchestan,Zahedan,29.4963,60.8629,Spring,5 May,20,-22.35,234.46,0.0,0.0,0.0,0.0,180.0,0.0,0.0,0.0,0.0,0.0,0.0,0.0,1.98,-1.98,30.53,0.0,night_discharging
Sistan & Baluchestan,Zahedan,29.4963,60.8629,Spring,5 May,21,-32.15,222.57,0.0,0.0,0.0,0.0,180.0,0.0,0.0,0.0,0.0,0.0,0.0,0.0,1.98,-1.98,28.45,0.0,night_discharging
Sistan & Baluchestan,Zahedan,29.4963,60.8629,Spring,5 May,22,-39.67,207.37,0.0,0.0,0.0,0.0,180.0,0.0,0.0,0.0,0.0,0.0,0.0,0.0,1.98,-1.98,26.37,0.0,night_discharging
Sistan & Baluchestan,Zahedan,29.4963,60.8629,Spring,5 May,23,-43.76,188.84,0.0,0.0,0.0,0.0,180.0,0.0,0.0,0.0,0.0,0.0,0.0,0.0,1.98,-1.98,24.29,0.0,night_discharging
Sistan & Baluchestan,Zahedan,29.4963,60.8629,Summer,6 Aug,0,-43.2,168.98,0.0,0.0,0.0,0.0,180.0,0.0,0.0,0.0,0.0,0.0,0.0,0.0,1.98,-1.98,21.19,0.0,night_discharging
Sistan & Baluchestan,Zahedan,29.4963,60.8629,Summer,6 Aug,1,-38.69,150.87,0.0,0.0,0.0,0.0,180.0,0.0,0.0,0.0,0.0,0.0,0.0,0.0,1.98,-1.98,19.11,0.0,night_discharging
Sistan & Baluchestan,Zahedan,29.4963,60.8629,Summer,6 Aug,2,-30.89,136.13,0.0,0.0,0.0,0.0,180.0,0.0,0.0,0.0,0.0,0.0,0.0,0.0,1.98,-1.98,17.03,0.0,night_discharging
Sistan & Baluchestan,Zahedan,29.4963,60.8629,Summer,6 Aug,3,-20.92,124.59,0.0,0.0,0.0,0.0,180.0,0.0,0.0,0.0,0.0,0.0,0.0,0.0,1.98,-1.98,14.95,0.0,night_discharging
Sistan & Baluchestan,Zahedan,29.4963,60.8629,Summer,6 Aug,4,-9.61,115.38,0.0,0.0,0.0,0.0,180.0,0.0,0.0,0.0,0.0,0.0,0.0,0.0,1.98,-1.98,12.87,0.0,night_discharging
Sistan & Baluchestan,Zahedan,29.4963,60.8629,Summer,6 Aug,5,2.54,107.67,62.9,25.3,28.1,85.0,107.67,72.33,85.0,0.0,76.1,35.4,28.1,0.37,1.58,-1.21,11.6,0.0,day_discharging
Sistan & Baluchestan,Zahedan,29.4963,60.8629,Summer,6 Aug,6,15.19,100.75,514.4,41.2,175.9,74.81,100.75,79.25,74.81,0.0,540.4,201.3,175.9,2.62,1.58,1.04,12.59,0.0,day_charging
Sistan & Baluchestan,Zahedan,29.4963,60.8629,Summer,6 Aug,7,28.13,94.0,670.2,62.9,378.9,61.87,94.0,86.0,61.87,0.0,716.5,355.3,378.9,3.47,1.16,2.31,14.78,0.0,day_charging
Sistan & Baluchestan,Zahedan,29.4963,60.8629,Summer,6 Aug,8,41.17,86.63,737.4,83.3,568.8,48.83,86.63,93.37,48.83,0.0,806.5,486.9,568.8,3.9,1.16,2.74,17.38,0.0,day_charging
Sistan & Baluchestan,Zahedan,29.4963,60.8629,Summer,6 Aug,9,54.09,77.2,771.6,100.0,725.0,35.91,77.2,102.8,35.91,0.0,862.1,591.7,725.0,4.17,1.16,3.01,20.24,0.0,day_charging
Sistan & Baluchestan,Zahedan,29.4963,60.8629,Summer,6 Aug,10,66.35,61.74,789.4,111.8,834.9,23.65,61.74,118.26,23.65,0.0,896.5,664.5,834.9,4.34,1.16,3.18,23.26,0.0,day_charging
Sistan & Baluchestan,Zahedan,29.4963,60.8629,Summer,6 Aug,11,75.74,26.72,797.0,117.7,890.1,14.26,26.72,153.28,14.26,0.0,912.9,700.9,890.1,4.42,1.16,3.26,26.36,0.0,day_charging
Sistan & Baluchestan,Zahedan,29.4963,60.8629,Summer,6 Aug,12,75.0,327.43,796.6,117.3,886.7,15.0,327.43,-147.43,15.0,0.0,911.9,698.7,886.7,4.41,1.16,3.25,29.45,0.0,day_charging
Sistan & Baluchestan,Zahedan,29.4963,60.8629,Summer,6 Aug,13,65.01,295.9,788.0,110.7,824.9,24.99,295.9,-115.9,24.99,0.0,893.5,657.9,824.9,4.32,1.16,3.16,32.45,0.0,day_charging
Sistan & Baluchestan,Zahedan,29.4963,60.8629,Summer,6 Aug,14,52.63,281.53,768.7,98.3,709.2,37.37,281.53,-101.53,37.37,0.0,856.9,581.2,709.2,4.15,1.16,2.99,35.29,0.0,day_charging
Sistan & Baluchestan,Zahedan,29.4963,60.8629,Summer,6 Aug,15,39.67,272.45,731.9,81.1,548.3,50.33,272.45,-92.45,50.33,0.0,798.3,473.0,548.3,3.86,1.16,0.51,35.77,0.0,day_charging
Sistan & Baluchestan,Zahedan,29.4963,60.8629,Summer,6 Aug,16,26.63,265.21,658.7,60.4,355.7,63.37,265.21,-85.21,63.37,0.0,702.4,338.7,355.7,3.4,1.16,0.03,35.8,0.0,day_idle
Sistan & Baluchestan,Zahedan,29.4963,60.8629,Summer,6 Aug,17,13.71,258.47,483.8,38.8,153.5,76.29,258.47,-78.47,76.29,0.0,507.8,182.2,153.5,2.46,1.16,0.0,35.8,0.0,day_idle
Sistan & Baluchestan,Zahedan,29.4963,60.8629,Summer,6 Aug,18,1.11,251.5,16.2,25.0,25.4,85.0,251.5,-71.5,85.0,0.0,29.0,26.2,25.4,0.14,1.58,-1.44,34.28,0.0,day_discharging
Sistan & Baluchestan,Zahedan,29.4963,60.8629,Summer,6 Aug,19,-10.96,243.65,0.0,0.0,0.0,0.0,180.0,0.0,0.0,0.0,0.0,0.0,0.0,0.0,1.58,-1.58,32.62,0.0,night_discharging
Sistan & Baluchestan,Zahedan,29.4963,60.8629,Summer,6 Aug,20,-22.15,234.22,0.0,0.0,0.0,0.0,180.0,0.0,0.0,0.0,0.0,0.0,0.0,0.0,1.98,-1.98,30.54,0.0,night_discharging
Sistan & Baluchestan,Zahedan,29.4963,60.8629,Summer,6 Aug,21,-31.91,222.35,0.0,0.0,0.0,0.0,180.0,0.0,0.0,0.0,0.0,0.0,0.0,0.0,1.98,-1.98,28.46,0.0,night_discharging
Sistan & Baluchestan,Zahedan,29.4963,60.8629,Summer,6 Aug,22,-39.4,207.21,0.0,0.0,0.0,0.0,180.0,0.0,0.0,0.0,0.0,0.0,0.0,0.0,1.98,-1.98,26.38,0.0,night_discharging
Sistan & Baluchestan,Zahedan,29.4963,60.8629,Summer,6 Aug,23,-43.46,188.78,0.0,0.0,0.0,0.0,180.0,0.0,0.0,0.0,0.0,0.0,0.0,0.0,1.98,-1.98,24.3,0.0,night_discharging
Sistan & Baluchestan,Zahedan,29.4963,60.8629,Autumn,6 Nov,0,-74.47,148.52,0.0,0.0,0.0,0.0,180.0,0.0,0.0,0.0,0.0,0.0,0.0,0.0,1.98,-1.98,21.19,0.0,night_discharging
Sistan & Baluchestan,Zahedan,29.4963,60.8629,Autumn,6 Nov,1,-64.66,117.04,0.0,0.0,0.0,0.0,180.0,0.0,0.0,0.0,0.0,0.0,0.0,0.0,1.98,-1.98,19.11,0.0,night_discharging
Sistan & Baluchestan,Zahedan,29.4963,60.8629,Autumn,6 Nov,2,-52.35,102.4,0.0,0.0,0.0,0.0,180.0,0.0,0.0,0.0,0.0,0.0,0.0,0.0,1.98,-1.98,17.03,0.0,night_discharging
Sistan & Baluchestan,Zahedan,29.4963,60.8629,Autumn,6 Nov,3,-39.42,93.16,0.0,0.0,0.0,0.0,180.0,0.0,0.0,0.0,0.0,0.0,0.0,0.0,1.98,-1.98,14.95,0.0,night_discharging
Sistan & Baluchestan,Zahedan,29.4963,60.8629,Autumn,6 Nov,4,-26.37,85.81,0.0,0.0,0.0,0.0,180.0,0.0,0.0,0.0,0.0,0.0,0.0,0.0,1.98,-1.98,12.87,0.0,night_discharging
Sistan & Baluchestan,Zahedan,29.4963,60.8629,Autumn,6 Nov,5,-13.44,79.02,0.0,0.0,0.0,0.0,180.0,0.0,0.0,0.0,0.0,0.0,0.0,0.0,1.58,-1.58,11.21,0.0,night_discharging
Sistan & Baluchestan,Zahedan,29.4963,60.8629,Autumn,6 Nov,6,-0.8,72.01,0.0,0.0,0.0,0.0,180.0,0.0,0.0,0.0,0.0,0.0,0.0,0.0,1.58,-1.58,9.55,0.0,night_discharging
Sistan & Baluchestan,Zahedan,29.4963,60.8629,Autumn,6 Nov,7,11.31,64.15,423.7,35.0,118.0,78.69,64.15,115.85,78.69,0.0,444.6,32.8,118.0,2.15,1.16,0.99,10.49,0.0,day_charging
Sistan & Baluchestan,Zahedan,29.4963,60.8629,Autumn,6 Nov,8,22.55,54.7,620.8,53.6,291.7,67.45,54.7,125.3,67.45,0.0,657.8,97.9,291.7,3.18,1.16,2.02,12.41,0.0,day_charging
Sistan & Baluchestan,Zahedan,29.4963,60.8629,Autumn,6 Nov,9,32.39,42.79,697.8,69.9,443.6,57.61,42.79,137.21,57.61,0.0,751.4,182.7,443.6,3.64,1.16,2.48,14.77,0.0,day_charging
Sistan & Baluchestan,Zahedan,29.4963,60.8629,Autumn,6 Nov,10,39.94,27.54,732.9,81.5,552.0,50.06,27.54,152.46,50.06,0.0,799.8,246.3,552.0,3.87,1.16,2.71,17.34,0.0,day_charging
Sistan & Baluchestan,Zahedan,29.4963,60.8629,Autumn,6 Nov,11,44.05,8.89,747.0,87.3,606.8,45.95,8.89,171.11,45.95,0.0,821.0,279.0,606.8,3.97,1.16,2.81,20.01,0.0,day_charging
Sistan & Baluchestan,Zahedan,29.4963,60.8629,Autumn,6 Nov,12,43.79,348.83,746.2,87.0,603.4,46.21,348.83,-168.83,46.21,0.0,819.8,277.0,603.4,3.97,1.16,2.81,22.68,0.0,day_charging
Sistan & Baluchestan,Zahedan,29.4963,60.8629,Autumn,6 Nov,13,39.22,330.52,730.2,80.4,542.1,50.78,330.52,-150.52,50.78,0.0,795.8,240.5,542.1,3.85,1.16,2.69,25.24,0.0,day_charging
Sistan & Baluchestan,Zahedan,29.4963,60.8629,Autumn,6 Nov,14,31.35,315.68,691.7,68.2,428.1,58.65,315.68,-135.68,58.65,0.0,743.5,173.8,428.1,3.6,1.16,2.44,27.56,0.0,day_charging
Sistan & Baluchestan,Zahedan,29.4963,60.8629,Autumn,6 Nov,15,21.32,304.11,607.0,51.5,272.2,68.68,304.11,-124.11,68.68,0.0,642.1,87.6,272.2,3.11,1.16,1.95,29.41,0.0,day_charging
Sistan & Baluchestan,Zahedan,29.4963,60.8629,Autumn,6 Nov,16,9.95,294.88,383.0,32.9,99.1,80.05,294.88,-114.88,80.05,0.0,402.3,30.9,99.1,1.95,1.16,0.79,30.16,0.0,day_charging
Sistan & Baluchestan,Zahedan,29.4963,60.8629,Autumn,6 Nov,17,-2.24,287.15,0.0,0.0,0.0,0.0,180.0,0.0,0.0,0.0,0.0,0.0,0.0,0.0,1.16,-1.16,28.94,0.0,night_discharging
Sistan & Baluchestan,Zahedan,29.4963,60.8629,Autumn,6 Nov,18,-14.92,280.2,0.0,0.0,0.0,0.0,180.0,0.0,0.0,0.0,0.0,0.0,0.0,0.0,1.58,-1.58,27.28,0.0,night_discharging
Sistan & Baluchestan,Zahedan,29.4963,60.8629,Autumn,6 Nov,19,-27.87,273.39,0.0,0.0,0.0,0.0,180.0,0.0,0.0,0.0,0.0,0.0,0.0,0.0,1.58,-1.58,25.62,0.0,night_discharging
Sistan & Baluchestan,Zahedan,29.4963,60.8629,Autumn,6 Nov,20,-40.92,265.91,0.0,0.0,0.0,0.0,180.0,0.0,0.0,0.0,0.0,0.0,0.0,0.0,1.98,-1.98,23.54,0.0,night_discharging
Sistan & Baluchestan,Zahedan,29.4963,60.8629,Autumn,6 Nov,21,-53.81,256.3,0.0,0.0,0.0,0.0,180.0,0.0,0.0,0.0,0.0,0.0,0.0,0.0,1.98,-1.98,21.46,0.0,night_discharging
Sistan & Baluchestan,Zahedan,29.4963,60.8629,Autumn,6 Nov,22,-65.98,240.56,0.0,0.0,0.0,0.0,180.0,0.0,0.0,0.0,0.0,0.0,0.0,0.0,1.98,-1.98,19.38,0.0,night_discharging
Sistan & Baluchestan,Zahedan,29.4963,60.8629,Autumn,6 Nov,23,-75.19,205.76,0.0,0.0,0.0,0.0,180.0,0.0,0.0,0.0,0.0,0.0,0.0,0.0,1.98,-1.98,17.3,0.0,night_discharging
Sistan & Baluchestan,Zahedan,29.4963,60.8629,Winter,4 Feb,0,-74.65,148.17,0.0,0.0,0.0,0.0,180.0,0.0,0.0,0.0,0.0,0.0,0.0,0.0,1.98,-1.98,21.19,0.0,night_discharging
Sistan & Baluchestan,Zahedan,29.4963,60.8629,Winter,4 Feb,1,-64.78,116.66,0.0,0.0,0.0,0.0,180.0,0.0,0.0,0.0,0.0,0.0,0.0,0.0,1.98,-1.98,19.11,0.0,night_discharging
Sistan & Baluchestan,Zahedan,29.4963,60.8629,Winter,4 Feb,2,-52.44,102.11,0.0,0.0,0.0,0.0,180.0,0.0,0.0,0.0,0.0,0.0,0.0,0.0,1.98,-1.98,17.03,0.0,night_discharging
Sistan & Baluchestan,Zahedan,29.4963,60.8629,Winter,4 Feb,3,-39.5,92.92,0.0,0.0,0.0,0.0,180.0,0.0,0.0,0.0,0.0,0.0,0.0,0.0,1.98,-1.98,14.95,0.0,night_discharging
Sistan & Baluchestan,Zahedan,29.4963,60.8629,Winter,4 Feb,4,-26.46,85.61,0.0,0.0,0.0,0.0,180.0,0.0,0.0,0.0,0.0,0.0,0.0,0.0,1.98,-1.98,12.87,0.0,night_discharging
Sistan & Baluchestan,Zahedan,29.4963,60.8629,Winter,4 Feb,5,-13.53,78.84,0.0,0.0,0.0,0.0,180.0,0.0,0.0,0.0,0.0,0.0,0.0,0.0,1.58,-1.58,11.21,0.0,night_discharging
Sistan & Baluchestan,Zahedan,29.4963,60.8629,Winter,4 Feb,6,-0.91,71.84,0.0,0.0,0.0,0.0,180.0,0.0,0.0,0.0,0.0,0.0,0.0,0.0,1.58,-1.58,9.55,0.0,night_discharging
Sistan & Baluchestan,Zahedan,29.4963,60.8629,Winter,4 Feb,7,11.19,63.98,420.4,34.8,116.4,78.81,63.98,116.02,78.81,0.0,441.2,32.6,116.4,2.14,1.16,0.98,10.48,0.0,day_charging
Sistan & Baluchestan,Zahedan,29.4963,60.8629,Winter,4 Feb,8,22.42,54.54,619.3,53.3,289.6,67.58,54.54,125.46,67.58,0.0,656.2,95.6,289.6,3.18,1.16,2.02,12.4,0.0,day_charging
Sistan & Baluchestan,Zahedan,29.4963,60.8629,Winter,4 Feb,9,32.23,42.64,696.9,69.6,441.3,57.77,42.64,137.36,57.77,0.0,750.2,180.1,441.3,3.63,1.16,2.47,14.75,0.0,day_charging
Sistan & Baluchestan,Zahedan,29.4963,60.8629,Winter,4 Feb,10,39.76,27.43,732.2,81.2,549.5,50.24,27.43,152.57,50.24,0.0,798.8,243.5,549.5,3.87,1.16,2.71,17.32,0.0,day_charging
Sistan & Baluchestan,Zahedan,29.4963,60.8629,Winter,4 Feb,11,43.86,8.85,746.4,87.1,604.2,46.14,8.85,171.15,46.14,0.0,820.1,276.1,604.2,3.97,1.16,2.81,19.99,0.0,day_charging
Sistan & Baluchestan,Zahedan,29.4963,60.8629,Winter,4 Feb,12,43.6,348.88,745.6,86.7,600.8,46.4,348.88,-168.88,46.4,0.0,818.8,274.1,600.8,3.96,1.16,2.8,22.65,0.0,day_charging
Sistan & Baluchestan,Zahedan,29.4963,60.8629,Winter,4 Feb,13,39.05,330.64,729.4,80.1,539.6,50.95,330.64,-150.64,50.95,0.0,794.8,237.6,539.6,3.85,1.16,2.69,25.21,0.0,day_charging
Sistan & Baluchestan,Zahedan,29.4963,60.8629,Winter,4 Feb,14,31.2,315.83,690.8,67.9,425.8,58.8,315.83,-135.83,58.8,0.0,742.3,171.2,425.8,3.59,1.16,2.43,27.52,0.0,day_charging
Sistan & Baluchestan,Zahedan,29.4963,60.8629,Winter,4 Feb,15,21.19,304.27,605.4,51.3,270.1,68.81,304.27,-124.27,68.81,0.0,640.3,85.3,270.1,3.1,1.16,1.94,29.36,0.0,day_charging
Sistan & Baluchestan,Zahedan,29.4963,60.8629,Winter,4 Feb,16,9.84,295.05,379.3,32.8,97.6,80.16,295.05,-115.05,80.16,0.0,398.5,30.7,97.6,1.93,1.16,0.77,30.09,0.0,day_charging
Sistan & Baluchestan,Zahedan,29.4963,60.8629,Winter,4 Feb,17,-2.34,287.32,0.0,0.0,0.0,0.0,180.0,0.0,0.0,0.0,0.0,0.0,0.0,0.0,1.16,-1.16,28.87,0.0,night_discharging
Sistan & Baluchestan,Zahedan,29.4963,60.8629,Winter,4 Feb,18,-15.01,280.38,0.0,0.0,0.0,0.0,180.0,0.0,0.0,0.0,0.0,0.0,0.0,0.0,1.58,-1.58,27.21,0.0,night_discharging
Sistan & Baluchestan,Zahedan,29.4963,60.8629,Winter,4 Feb,19,-27.96,273.59,0.0,0.0,0.0,0.0,180.0,0.0,0.0,0.0,0.0,0.0,0.0,0.0,1.58,-1.58,25.55,0.0,night_discharging
Sistan & Baluchestan,Zahedan,29.4963,60.8629,Winter,4 Feb,20,-41.0,266.15,0.0,0.0,0.0,0.0,180.0,0.0,0.0,0.0,0.0,0.0,0.0,0.0,1.98,-1.98,23.47,0.0,night_discharging
Sistan & Baluchestan,Zahedan,29.4963,60.8629,Winter,4 Feb,21,-53.91,256.59,0.0,0.0,0.0,0.0,180.0,0.0,0.0,0.0,0.0,0.0,0.0,0.0,1.98,-1.98,21.39,0.0,night_discharging
Sistan & Baluchestan,Zahedan,29.4963,60.8629,Winter,4 Feb,22,-66.11,240.95,0.0,0.0,0.0,0.0,180.0,0.0,0.0,0.0,0.0,0.0,0.0,0.0,1.98,-1.98,19.31,0.0,night_discharging
Sistan & Baluchestan,Zahedan,29.4963,60.8629,Winter,4 Feb,23,-75.37,206.07,0.0,0.0,0.0,0.0,180.0,0.0,0.0,0.0,0.0,0.0,0.0,0.0,1.98,-1.98,17.23,0.0,night_discharging
Hamadan,Hamadan,34.7982,48.5146,Spring,5 May,0,-38.76,175.09,0.0,0.0,0.0,0.0,180.0,0.0,0.0,0.0,0.0,0.0,0.0,0.0,1.8,-1.8,20.86,0.0,night_discharging
Hamadan,Hamadan,34.7982,48.5146,Spring,5 May,1,-37.84,166.57,0.0,0.0,0.0,0.0,180.0,0.0,0.0,0.0,0.0,0.0,0.0,0.0,1.8,-1.8,18.97,0.0,night_discharging
Hamadan,Hamadan,34.7982,48.5146,Spring,5 May,2,-33.24,149.78,0.0,0.0,0.0,0.0,180.0,0.0,0.0,0.0,0.0,0.0,0.0,0.0,1.8,-1.8,17.08,0.0,night_discharging
Hamadan,Hamadan,34.7982,48.5146,Spring,5 May,3,-25.76,135.63,0.0,0.0,0.0,0.0,180.0,0.0,0.0,0.0,0.0,0.0,0.0,0.0,1.8,-1.8,15.19,0.0,night_discharging
Hamadan,Hamadan,34.7982,48.5146,Spring,5 May,4,-16.28,123.99,0.0,0.0,0.0,0.0,180.0,0.0,0.0,0.0,0.0,0.0,0.0,0.0,1.8,-1.8,13.3,0.0,night_discharging
Hamadan,Hamadan,34.7982,48.5146,Spring,5 May,5,-5.52,114.24,0.0,0.0,0.0,0.0,180.0,0.0,0.0,0.0,0.0,0.0,0.0,0.0,1.44,-1.44,11.78,0.0,night_discharging
Hamadan,Hamadan,34.7982,48.5146,Spring,5 May,6,6.05,105.67,230.7,27.9,52.2,83.95,105.67,74.33,83.95,0.0,246.2,80.3,52.2,1.08,1.44,-0.36,11.4,0.0,day_discharging
Hamadan,Hamadan,34.7982,48.5146,Spring,5 May,7,18.1,97.61,564.3,46.0,221.4,71.9,97.61,82.39,71.9,0.0,594.4,227.2,221.4,2.62,1.25,1.37,12.7,0.0,day_charging
Hamadan,Hamadan,34.7982,48.5146,Spring,5 May,8,30.39,89.35,685.7,66.6,413.5,59.61,89.35,90.65,59.61,0.0,735.9,344.8,413.5,3.24,1.25,1.99,14.59,0.0,day_charging
Hamadan,Hamadan,34.7982,48.5146,Spring,5 May,9,42.64,79.9,742.5,85.4,588.3,47.36,79.9,100.1,47.36,0.0,814.1,441.5,588.3,3.58,1.25,2.33,16.8,0.0,day_charging
Hamadan,Hamadan,34.7982,48.5146,Spring,5 May,10,54.46,67.37,772.3,100.4,728.8,35.54,67.37,112.63,35.54,0.0,863.4,516.2,728.8,3.8,1.25,2.55,19.22,0.0,day_charging
Hamadan,Hamadan,34.7982,48.5146,Spring,5 May,11,64.89,47.37,787.8,110.6,823.9,25.11,47.37,132.63,25.11,0.0,893.2,565.9,823.9,3.93,1.25,2.68,21.77,0.0,day_charging
Hamadan,Hamadan,34.7982,48.5146,Spring,5 May,12,71.16,11.92,793.9,115.2,866.5,18.84,11.92,168.08,18.84,0.0,905.9,587.9,866.5,3.99,1.25,2.74,24.37,0.0,day_charging
Hamadan,Hamadan,34.7982,48.5146,Spring,5 May,13,69.04,329.16,792.0,113.8,853.4,20.96,329.16,-149.16,20.96,0.0,902.0,581.2,853.4,3.97,1.25,2.72,26.95,0.0,day_charging
Hamadan,Hamadan,34.7982,48.5146,Spring,5 May,14,60.28,301.88,781.9,106.5,785.6,29.72,301.88,-121.88,29.72,0.0,881.4,545.9,785.6,3.88,1.25,2.63,29.45,0.0,day_charging
Hamadan,Hamadan,34.7982,48.5146,Spring,5 May,15,49.01,286.19,760.6,93.9,668.1,40.99,286.19,-106.19,40.99,0.0,843.0,484.1,668.1,3.71,1.25,2.46,31.79,0.0,day_charging
Hamadan,Hamadan,34.7982,48.5146,Spring,5 May,16,36.92,275.43,720.6,76.9,509.8,53.08,275.43,-95.43,53.08,0.0,782.1,398.7,509.8,3.44,1.25,2.19,33.87,0.0,day_charging
Hamadan,Hamadan,34.7982,48.5146,Spring,5 May,17,24.62,266.7,641.3,57.1,324.2,65.38,266.7,-86.7,65.38,0.0,681.7,292.4,324.2,3.0,1.25,1.13,34.94,0.0,day_charging
Hamadan,Hamadan,34.7982,48.5146,Spring,5 May,18,12.41,258.64,453.1,36.7,134.1,77.59,258.64,-78.64,77.59,0.0,475.3,163.0,134.1,2.09,1.44,0.06,35.0,0.0,day_charging
Hamadan,Hamadan,34.7982,48.5146,Spring,5 May,19,0.55,250.42,6.8,25.0,25.1,85.0,250.42,-70.42,85.0,0.0,19.4,24.2,25.1,0.09,1.44,-1.35,33.58,0.0,day_discharging
Hamadan,Hamadan,34.7982,48.5146,Spring,5 May,20,-10.69,241.38,0.0,0.0,0.0,0.0,180.0,0.0,0.0,0.0,0.0,0.0,0.0,0.0,1.8,-1.8,31.69,0.0,night_discharging
Hamadan,Hamadan,34.7982,48.5146,Spring,5 May,21,-20.92,230.83,0.0,0.0,0.0,0.0,180.0,0.0,0.0,0.0,0.0,0.0,0.0,0.0,1.8,-1.8,29.8,0.0,night_discharging
Hamadan,Hamadan,34.7982,48.5146,Spring,5 May,22,-29.56,218.08,0.0,0.0,0.0,0.0,180.0,0.0,0.0,0.0,0.0,0.0,0.0,0.0,1.8,-1.8,27.91,0.0,night_discharging
Hamadan,Hamadan,34.7982,48.5146,Spring,5 May,23,-35.81,202.65,0.0,0.0,0.0,0.0,180.0,0.0,0.0,0.0,0.0,0.0,0.0,0.0,1.8,-1.8,26.02,0.0,night_discharging
Hamadan,Hamadan,34.7982,48.5146,Summer,6 Aug,0,-38.46,175.12,0.0,0.0,0.0,0.0,180.0,0.0,0.0,0.0,0.0,0.0,0.0,0.0,1.8,-1.8,20.86,0.0,night_discharging
Hamadan,Hamadan,34.7982,48.5146,Summer,6 Aug,1,-37.55,166.65,0.0,0.0,0.0,0.0,180.0,0.0,0.0,0.0,0.0,0.0,0.0,0.0,1.8,-1.8,18.97,0.0,night_discharging
Hamadan,Hamadan,34.7982,48.5146,Summer,6 Aug,2,-32.97,149.93,0.0,0.0,0.0,0.0,180.0,0.0,0.0,0.0,0.0,0.0,0.0,0.0,1.8,-1.8,17.08,0.0,night_discharging
Hamadan,Hamadan,34.7982,48.5146,Summer,6 Aug,3,-25.51,135.82,0.0,0.0,0.0,0.0,180.0,0.0,0.0,0.0,0.0,0.0,0.0,0.0,1.8,-1.8,15.19,0.0,night_discharging
Hamadan,Hamadan,34.7982,48.5146,Summer,6 Aug,4,-16.07,124.21,0.0,0.0,0.0,0.0,180.0,0.0,0.0,0.0,0.0,0.0,0.0,0.0,1.8,-1.8,13.3,0.0,night_discharging
Hamadan,Hamadan,34.7982,48.5146,Summer,6 Aug,5,-5.33,114.48,0.0,0.0,0.0,0.0,180.0,0.0,0.0,0.0,0.0,0.0,0.0,0.0,1.44,-1.44,11.78,0.0,night_discharging
Hamadan,Hamadan,34.7982,48.5146,Summer,6 Aug,6,6.22,105.92,238.5,28.1,53.9,83.78,105.92,74.08,83.78,0.0,254.1,83.5,53.9,1.12,1.44,-0.32,11.44,0.0,day_discharging
Hamadan,Hamadan,34.7982,48.5146,Summer,6 Aug,7,18.26,97.87,566.6,46.3,223.9,71.74,97.87,82.13,71.74,0.0,597.1,230.8,223.9,2.63,1.25,1.38,12.75,0.0,day_charging
Hamadan,Hamadan,34.7982,48.5146,Summer,6 Aug,8,30.54,89.65,686.7,66.9,415.9,59.46,89.65,90.35,59.46,0.0,737.1,348.5,415.9,3.24,1.25,1.99,14.64,0.0,day_charging
Hamadan,Hamadan,34.7982,48.5146,Summer,6 Aug,9,42.8,80.25,743.0,85.6,590.4,47.2,80.25,99.75,47.2,0.0,814.9,445.2,590.4,3.59,1.25,2.34,16.86,0.0,day_charging
Hamadan,Hamadan,34.7982,48.5146,Summer,6 Aug,10,54.64,67.77,772.7,100.6,730.8,35.36,67.77,112.23,35.36,0.0,864.0,519.9,730.8,3.8,1.25,2.55,19.28,0.0,day_charging
Hamadan,Hamadan,34.7982,48.5146,Summer,6 Aug,11,65.12,47.81,788.1,110.8,825.7,24.88,47.81,132.19,24.88,0.0,893.7,569.5,825.7,3.93,1.25,2.68,21.83,0.0,day_charging
Hamadan,Hamadan,34.7982,48.5146,Summer,6 Aug,12,71.46,12.09,794.1,115.3,868.2,18.54,12.09,167.91,18.54,0.0,906.4,591.5,868.2,3.99,1.25,2.74,24.43,0.0,day_charging
Hamadan,Hamadan,34.7982,48.5146,Summer,6 Aug,13,69.31,328.79,792.3,113.9,855.1,20.69,328.79,-148.79,20.69,0.0,902.6,584.8,855.1,3.97,1.25,2.72,27.01,0.0,day_charging
Hamadan,Hamadan,34.7982,48.5146,Summer,6 Aug,14,60.49,301.43,782.2,106.7,787.4,29.51,301.43,-121.43,29.51,0.0,882.0,549.5,787.4,3.88,1.25,2.63,29.51,0.0,day_charging
Hamadan,Hamadan,34.7982,48.5146,Summer,6 Aug,15,49.18,285.81,761.0,94.1,670.1,40.82,285.81,-105.81,40.82,0.0,843.7,487.8,670.1,3.71,1.25,2.46,31.85,0.0,day_charging
Hamadan,Hamadan,34.7982,48.5146,Summer,6 Aug,16,37.08,275.11,721.2,77.2,512.0,52.92,275.11,-95.11,52.92,0.0,783.1,402.4,512.0,3.45,1.25,2.2,33.94,0.0,day_charging
Hamadan,Hamadan,34.7982,48.5146,Summer,6 Aug,17,24.77,266.42,642.7,57.3,326.7,65.23,266.42,-86.42,65.23,0.0,683.4,296.1,326.7,3.01,1.25,1.06,34.95,0.0,day_charging
Hamadan,Hamadan,34.7982,48.5146,Summer,6 Aug,18,12.58,258.38,457.1,36.9,136.5,77.42,258.38,-78.38,77.42,0.0,479.6,166.6,136.5,2.11,1.44,0.05,35.0,0.0,day_idle
Hamadan,Hamadan,34.7982,48.5146,Summer,6 Aug,19,0.73,250.18,9.2,25.0,25.1,85.0,250.18,-70.18,85.0,0.0,21.9,24.7,25.1,0.1,1.44,-1.34,33.59,0.0,day_discharging
Hamadan,Hamadan,34.7982,48.5146,Summer,6 Aug,20,-10.49,241.15,0.0,0.0,0.0,0.0,180.0,0.0,0.0,0.0,0.0,0.0,0.0,0.0,1.8,-1.8,31.7,0.0,night_discharging
Hamadan,Hamadan,34.7982,48.5146,Summer,6 Aug,21,-20.7,230.62,0.0,0.0,0.0,0.0,180.0,0.0,0.0,0.0,0.0,0.0,0.0,0.0,1.8,-1.8,29.81,0.0,night_discharging
Hamadan,Hamadan,34.7982,48.5146,Summer,6 Aug,22,-29.31,217.9,0.0,0.0,0.0,0.0,180.0,0.0,0.0,0.0,0.0,0.0,0.0,0.0,1.8,-1.8,27.92,0.0,night_discharging
Hamadan,Hamadan,34.7982,48.5146,Summer,6 Aug,23,-35.53,202.52,0.0,0.0,0.0,0.0,180.0,0.0,0.0,0.0,0.0,0.0,0.0,0.0,1.8,-1.8,26.03,0.0,night_discharging
Hamadan,Hamadan,34.7982,48.5146,Autumn,6 Nov,0,-70.87,168.24,0.0,0.0,0.0,0.0,180.0,0.0,0.0,0.0,0.0,0.0,0.0,0.0,1.8,-1.8,20.86,0.0,night_discharging
Hamadan,Hamadan,34.7982,48.5146,Autumn,6 Nov,1,-68.77,149.53,0.0,0.0,0.0,0.0,180.0,0.0,0.0,0.0,0.0,0.0,0.0,0.0,1.8,-1.8,18.97,0.0,night_discharging
Hamadan,Hamadan,34.7982,48.5146,Autumn,6 Nov,2,-60.08,122.31,0.0,0.0,0.0,0.0,180.0,0.0,0.0,0.0,0.0,0.0,0.0,0.0,1.8,-1.8,17.08,0.0,night_discharging
Hamadan,Hamadan,34.7982,48.5146,Autumn,6 Nov,3,-48.84,106.56,0.0,0.0,0.0,0.0,180.0,0.0,0.0,0.0,0.0,0.0,0.0,0.0,1.8,-1.8,15.19,0.0,night_discharging
Hamadan,Hamadan,34.7982,48.5146,Autumn,6 Nov,4,-36.77,95.75,0.0,0.0,0.0,0.0,180.0,0.0,0.0,0.0,0.0,0.0,0.0,0.0,1.8,-1.8,13.3,0.0,night_discharging
Hamadan,Hamadan,34.7982,48.5146,Autumn,6 Nov,5,-24.46,86.98,0.0,0.0,0.0,0.0,180.0,0.0,0.0,0.0,0.0,0.0,0.0,0.0,1.44,-1.44,11.78,0.0,night_discharging
Hamadan,Hamadan,34.7982,48.5146,Autumn,6 Nov,6,-12.25,78.9,0.0,0.0,0.0,0.0,180.0,0.0,0.0,0.0,0.0,0.0,0.0,0.0,1.44,-1.44,10.26,0.0,night_discharging
Hamadan,Hamadan,34.7982,48.5146,Autumn,6 Nov,7,-0.37,70.66,0.0,0.0,0.0,0.0,180.0,0.0,0.0,0.0,0.0,0.0,0.0,0.0,1.25,-1.25,8.94,0.0,night_discharging
Hamadan,Hamadan,34.7982,48.5146,Autumn,6 Nov,8,10.89,61.61,411.7,34.3,112.1,79.11,61.61,118.39,79.11,0.0,432.2,31.4,112.1,1.9,1.25,0.65,9.56,0.0,day_charging
Hamadan,Hamadan,34.7982,48.5146,Autumn,6 Nov,9,21.14,51.05,604.9,51.2,269.4,68.86,51.05,128.95,68.86,0.0,639.7,46.8,269.4,2.81,1.25,1.56,11.04,0.0,day_charging
Hamadan,Hamadan,34.7982,48.5146,Autumn,6 Nov,10,29.82,38.27,682.0,65.7,404.8,60.18,38.27,141.73,60.18,0.0,731.2,81.4,404.8,3.22,1.25,1.97,12.91,0.0,day_charging
Hamadan,Hamadan,34.7982,48.5146,Autumn,6 Nov,11,36.09,22.77,716.8,75.7,497.9,53.91,22.77,157.23,53.91,0.0,776.9,120.6,497.9,3.42,1.25,2.17,14.97,0.0,day_charging
Hamadan,Hamadan,34.7982,48.5146,Autumn,6 Nov,12,39.06,4.94,729.5,80.2,539.9,50.94,4.94,175.06,50.94,0.0,794.8,138.8,539.9,3.5,1.25,2.25,17.11,0.0,day_charging
Hamadan,Hamadan,34.7982,48.5146,Autumn,6 Nov,13,38.13,346.5,725.7,78.8,526.9,51.87,346.5,-166.5,51.87,0.0,789.5,133.2,526.9,3.47,1.25,2.22,19.22,0.0,day_charging
Hamadan,Hamadan,34.7982,48.5146,Autumn,6 Nov,14,33.51,329.63,704.0,71.6,460.3,56.49,329.63,-149.63,56.49,0.0,759.5,104.5,460.3,3.34,1.25,2.09,21.21,0.0,day_charging
Hamadan,Hamadan,34.7982,48.5146,Autumn,6 Nov,15,26.0,315.43,653.5,59.4,345.8,64.0,315.43,-135.43,64.0,0.0,696.1,57.8,345.8,3.06,1.25,1.81,22.93,0.0,day_charging
Hamadan,Hamadan,34.7982,48.5146,Autumn,6 Nov,16,16.5,303.77,538.3,43.3,196.2,73.5,303.77,-123.77,73.5,0.0,566.1,39.6,196.2,2.49,1.25,1.24,24.11,0.0,day_charging
Hamadan,Hamadan,34.7982,48.5146,Autumn,6 Nov,17,5.71,294.01,214.9,27.6,48.9,84.29,294.01,-114.01,84.29,0.0,230.0,25.2,48.9,1.01,1.25,-0.24,23.86,0.0,day_discharging
Hamadan,Hamadan,34.7982,48.5146,Autumn,6 Nov,18,-5.88,285.42,0.0,0.0,0.0,0.0,180.0,0.0,0.0,0.0,0.0,0.0,0.0,0.0,1.44,-1.44,22.34,0.0,night_discharging
Hamadan,Hamadan,34.7982,48.5146,Autumn,6 Nov,19,-17.95,277.34,0.0,0.0,0.0,0.0,180.0,0.0,0.0,0.0,0.0,0.0,0.0,0.0,1.44,-1.44,20.82,0.0,night_discharging
Hamadan,Hamadan,34.7982,48.5146,Autumn,6 Nov,20,-30.23,269.05,0.0,0.0,0.0,0.0,180.0,0.0,0.0,0.0,0.0,0.0,0.0,0.0,1.8,-1.8,18.93,0.0,night_discharging
Hamadan,Hamadan,34.7982,48.5146,Autumn,6 Nov,21,-42.48,259.56,0.0,0.0,0.0,0.0,180.0,0.0,0.0,0.0,0.0,0.0,0.0,0.0,1.8,-1.8,17.04,0.0,night_discharging
Hamadan,Hamadan,34.7982,48.5146,Autumn,6 Nov,22,-54.27,246.96,0.0,0.0,0.0,0.0,180.0,0.0,0.0,0.0,0.0,0.0,0.0,0.0,1.8,-1.8,15.15,0.0,night_discharging
Hamadan,Hamadan,34.7982,48.5146,Autumn,6 Nov,23,-64.65,226.92,0.0,0.0,0.0,0.0,180.0,0.0,0.0,0.0,0.0,0.0,0.0,0.0,1.8,-1.8,13.26,0.0,night_discharging
Hamadan,Hamadan,34.7982,48.5146,Winter,4 Feb,0,-71.06,168.13,0.0,0.0,0.0,0.0,180.0,0.0,0.0,0.0,0.0,0.0,0.0,0.0,1.8,-1.8,20.86,0.0,night_discharging
Hamadan,Hamadan,34.7982,48.5146,Winter,4 Feb,1,-68.95,149.29,0.0,0.0,0.0,0.0,180.0,0.0,0.0,0.0,0.0,0.0,0.0,0.0,1.8,-1.8,18.97,0.0,night_discharging
Hamadan,Hamadan,34.7982,48.5146,Winter,4 Feb,2,-60.21,122.02,0.0,0.0,0.0,0.0,180.0,0.0,0.0,0.0,0.0,0.0,0.0,0.0,1.8,-1.8,17.08,0.0,night_discharging
Hamadan,Hamadan,34.7982,48.5146,Winter,4 Feb,3,-48.96,106.31,0.0,0.0,0.0,0.0,180.0,0.0,0.0,0.0,0.0,0.0,0.0,0.0,1.8,-1.8,15.19,0.0,night_discharging
Hamadan,Hamadan,34.7982,48.5146,Winter,4 Feb,4,-36.87,95.54,0.0,0.0,0.0,0.0,180.0,0.0,0.0,0.0,0.0,0.0,0.0,0.0,1.8,-1.8,13.3,0.0,night_discharging
Hamadan,Hamadan,34.7982,48.5146,Winter,4 Feb,5,-24.57,86.8,0.0,0.0,0.0,0.0,180.0,0.0,0.0,0.0,0.0,0.0,0.0,0.0,1.44,-1.44,11.78,0.0,night_discharging
Hamadan,Hamadan,34.7982,48.5146,Winter,4 Feb,6,-12.36,78.72,0.0,0.0,0.0,0.0,180.0,0.0,0.0,0.0,0.0,0.0,0.0,0.0,1.44,-1.44,10.26,0.0,night_discharging
Hamadan,Hamadan,34.7982,48.5146,Winter,4 Feb,7,-0.49,70.5,0.0,0.0,0.0,0.0,180.0,0.0,0.0,0.0,0.0,0.0,0.0,0.0,1.25,-1.25,8.94,0.0,night_discharging
Hamadan,Hamadan,34.7982,48.5146,Winter,4 Feb,8,10.76,61.45,407.9,34.1,110.3,79.24,61.45,118.55,79.24,0.0,428.1,31.2,110.3,1.88,1.25,0.63,9.54,0.0,day_charging
Hamadan,Hamadan,34.7982,48.5146,Winter,4 Feb,9,20.99,50.91,603.1,50.9,267.0,69.01,50.91,129.09,69.01,0.0,637.7,46.6,267.0,2.81,1.25,1.56,11.02,0.0,day_charging
Hamadan,Hamadan,34.7982,48.5146,Winter,4 Feb,10,29.65,38.14,680.9,65.4,402.2,60.35,38.14,141.86,60.35,0.0,729.7,78.8,402.2,3.21,1.25,1.96,12.88,0.0,day_charging
Hamadan,Hamadan,34.7982,48.5146,Winter,4 Feb,11,35.91,22.69,715.9,75.4,495.2,54.09,22.69,157.31,54.09,0.0,775.7,117.8,495.2,3.41,1.25,2.16,14.93,0.0,day_charging
Hamadan,Hamadan,34.7982,48.5146,Winter,4 Feb,12,38.86,4.92,728.7,79.9,537.1,51.14,4.92,175.08,51.14,0.0,793.7,136.0,537.1,3.49,1.25,2.24,17.06,0.0,day_charging
Hamadan,Hamadan,34.7982,48.5146,Winter,4 Feb,13,37.94,346.55,724.9,78.5,524.2,52.06,346.55,-166.55,52.06,0.0,788.3,130.3,524.2,3.47,1.25,2.22,19.17,0.0,day_charging
Hamadan,Hamadan,34.7982,48.5146,Winter,4 Feb,14,33.33,329.73,703.0,71.4,457.6,56.67,329.73,-149.73,56.67,0.0,758.3,101.8,457.6,3.34,1.25,2.09,21.16,0.0,day_charging
Hamadan,Hamadan,34.7982,48.5146,Winter,4 Feb,15,25.84,315.56,652.1,59.1,343.3,64.16,315.56,-135.56,64.16,0.0,694.5,55.3,343.3,3.06,1.25,1.81,22.88,0.0,day_charging
Hamadan,Hamadan,34.7982,48.5146,Winter,4 Feb,16,16.35,303.92,535.9,43.1,194.0,73.65,303.92,-123.92,73.65,0.0,563.5,39.4,194.0,2.48,1.25,1.23,24.05,0.0,day_charging
Hamadan,Hamadan,34.7982,48.5146,Winter,4 Feb,17,5.59,294.16,209.0,27.4,47.8,84.41,294.16,-114.16,84.41,0.0,224.0,25.1,47.8,0.99,1.25,-0.26,23.78,0.0,day_discharging
Hamadan,Hamadan,34.7982,48.5146,Winter,4 Feb,18,-5.99,285.58,0.0,0.0,0.0,0.0,180.0,0.0,0.0,0.0,0.0,0.0,0.0,0.0,1.44,-1.44,22.26,0.0,night_discharging
Hamadan,Hamadan,34.7982,48.5146,Winter,4 Feb,19,-18.05,277.52,0.0,0.0,0.0,0.0,180.0,0.0,0.0,0.0,0.0,0.0,0.0,0.0,1.44,-1.44,20.74,0.0,night_discharging
Hamadan,Hamadan,34.7982,48.5146,Winter,4 Feb,20,-30.34,269.25,0.0,0.0,0.0,0.0,180.0,0.0,0.0,0.0,0.0,0.0,0.0,0.0,1.8,-1.8,18.85,0.0,night_discharging
Hamadan,Hamadan,34.7982,48.5146,Winter,4 Feb,21,-42.59,259.79,0.0,0.0,0.0,0.0,180.0,0.0,0.0,0.0,0.0,0.0,0.0,0.0,1.8,-1.8,16.96,0.0,night_discharging
Hamadan,Hamadan,34.7982,48.5146,Winter,4 Feb,22,-54.4,247.23,0.0,0.0,0.0,0.0,180.0,0.0,0.0,0.0,0.0,0.0,0.0,0.0,1.8,-1.8,15.07,0.0,night_discharging
Hamadan,Hamadan,34.7982,48.5146,Winter,4 Feb,23,-64.81,227.22,0.0,0.0,0.0,0.0,180.0,0.0,0.0,0.0,0.0,0.0,0.0,0.0,1.8,-1.8,13.18,0.0,night_discharging
Kohgiluyeh & Boyer-Ahmad,Yasuj,30.6682,51.588,Spring,5 May,0,-43.02,178.8,0.0,0.0,0.0,0.0,180.0,0.0,0.0,0.0,0.0,0.0,0.0,0.0,1.8,-1.8,21.38,0.0,night_discharging
Kohgiluyeh & Boyer-Ahmad,Yasuj,30.6682,51.588,Spring,5 May,1,-41.12,161.93,0.0,0.0,0.0,0.0,180.0,0.0,0.0,0.0,0.0,0.0,0.0,0.0,1.8,-1.8,19.49,0.0,night_discharging
Kohgiluyeh & Boyer-Ahmad,Yasuj,30.6682,51.588,Spring,5 May,2,-35.33,145.11,0.0,0.0,0.0,0.0,180.0,0.0,0.0,0.0,0.0,0.0,0.0,0.0,1.8,-1.8,17.6,0.0,night_discharging
Kohgiluyeh & Boyer-Ahmad,Yasuj,30.6682,51.588,Spring,5 May,3,-26.73,131.61,0.0,0.0,0.0,0.0,180.0,0.0,0.0,0.0,0.0,0.0,0.0,0.0,1.8,-1.8,15.71,0.0,night_discharging
Kohgiluyeh & Boyer-Ahmad,Yasuj,30.6682,51.588,Spring,5 May,4,-16.32,120.9,0.0,0.0,0.0,0.0,180.0,0.0,0.0,0.0,0.0,0.0,0.0,0.0,1.8,-1.8,13.82,0.0,night_discharging
Kohgiluyeh & Boyer-Ahmad,Yasuj,30.6682,51.588,Spring,5 May,5,-4.77,112.14,0.0,0.0,0.0,0.0,180.0,0.0,0.0,0.0,0.0,0.0,0.0,0.0,1.44,-1.44,12.3,0.0,night_discharging
Kohgiluyeh & Boyer-Ahmad,Yasuj,30.6682,51.588,Spring,5 May,6,7.47,104.56,292.7,29.6,67.6,82.53,104.56,75.44,82.53,0.0,309.4,97.6,67.6,1.42,1.44,-0.02,12.28,0.0,day_discharging
Kohgiluyeh & Boyer-Ahmad,Yasuj,30.6682,51.588,Spring,5 May,7,20.13,97.48,592.4,49.5,253.3,69.87,97.48,82.52,69.87,0.0,625.6,258.0,253.3,2.86,1.25,1.61,13.81,0.0,day_charging
Kohgiluyeh & Boyer-Ahmad,Yasuj,30.6682,51.588,Spring,5 May,8,32.99,90.23,701.1,70.8,452.6,57.01,90.23,89.77,57.01,0.0,755.8,394.2,452.6,3.46,1.25,2.21,15.91,0.0,day_charging
Kohgiluyeh & Boyer-Ahmad,Yasuj,30.6682,51.588,Spring,5 May,9,45.85,81.81,752.3,89.8,629.6,44.15,81.81,98.19,44.15,0.0,829.4,507.6,629.6,3.8,1.25,2.55,18.33,0.0,day_charging
Kohgiluyeh & Boyer-Ahmad,Yasuj,30.6682,51.588,Spring,5 May,10,58.37,70.09,779.1,104.6,767.9,31.63,70.09,109.91,31.63,0.0,875.9,594.1,767.9,4.01,1.25,2.76,20.95,0.0,day_charging
Kohgiluyeh & Boyer-Ahmad,Yasuj,30.6682,51.588,Spring,5 May,11,69.57,48.92,792.5,114.1,856.8,20.43,48.92,131.08,20.43,0.0,903.0,648.9,856.8,4.13,1.25,2.88,23.69,0.0,day_charging
Kohgiluyeh & Boyer-Ahmad,Yasuj,30.6682,51.588,Spring,5 May,12,75.61,3.52,796.9,117.6,889.5,14.39,3.52,176.48,14.39,0.0,912.7,669.1,889.5,4.18,1.25,2.93,26.47,0.0,day_charging
Kohgiluyeh & Boyer-Ahmad,Yasuj,30.6682,51.588,Spring,5 May,13,70.72,314.98,793.5,114.9,863.8,19.28,314.98,-134.98,19.28,0.0,905.1,653.3,863.8,4.14,1.25,2.89,29.22,0.0,day_charging
Kohgiluyeh & Boyer-Ahmad,Yasuj,30.6682,51.588,Spring,5 May,14,59.84,291.78,781.3,106.1,781.6,30.16,291.78,-111.78,30.16,0.0,880.2,602.5,781.6,4.03,1.25,2.78,31.86,0.0,day_charging
Kohgiluyeh & Boyer-Ahmad,Yasuj,30.6682,51.588,Spring,5 May,15,47.4,279.37,756.5,91.8,648.7,42.6,279.37,-99.37,42.6,0.0,836.3,519.7,648.7,3.83,1.25,2.58,34.31,0.0,day_charging
Kohgiluyeh & Boyer-Ahmad,Yasuj,30.6682,51.588,Spring,5 May,16,34.56,270.7,709.4,73.3,475.7,55.44,270.7,-90.7,55.44,0.0,766.8,409.3,475.7,3.51,1.25,1.49,35.73,0.0,day_charging
Kohgiluyeh & Boyer-Ahmad,Yasuj,30.6682,51.588,Spring,5 May,17,21.68,263.38,611.2,52.1,277.9,68.32,263.38,-83.38,68.32,0.0,646.9,275.7,277.9,2.96,1.25,0.07,35.8,0.0,day_charging
Kohgiluyeh & Boyer-Ahmad,Yasuj,30.6682,51.588,Spring,5 May,18,8.99,256.32,350.7,31.6,86.4,81.01,256.32,-76.32,81.01,0.0,368.9,118.5,86.4,1.69,1.44,0.0,35.8,0.0,day_idle
Kohgiluyeh & Boyer-Ahmad,Yasuj,30.6682,51.588,Spring,5 May,19,-3.31,248.83,0.0,0.0,0.0,0.0,180.0,0.0,0.0,0.0,0.0,0.0,0.0,0.0,1.44,-1.44,34.28,0.0,night_discharging
Kohgiluyeh & Boyer-Ahmad,Yasuj,30.6682,51.588,Spring,5 May,20,-14.96,240.25,0.0,0.0,0.0,0.0,180.0,0.0,0.0,0.0,0.0,0.0,0.0,0.0,1.8,-1.8,32.39,0.0,night_discharging
Kohgiluyeh & Boyer-Ahmad,Yasuj,30.6682,51.588,Spring,5 May,21,-25.55,229.83,0.0,0.0,0.0,0.0,180.0,0.0,0.0,0.0,0.0,0.0,0.0,0.0,1.8,-1.8,30.5,0.0,night_discharging
Kohgiluyeh & Boyer-Ahmad,Yasuj,30.6682,51.588,Spring,5 May,22,-34.41,216.7,0.0,0.0,0.0,0.0,180.0,0.0,0.0,0.0,0.0,0.0,0.0,0.0,1.8,-1.8,28.61,0.0,night_discharging
Kohgiluyeh & Boyer-Ahmad,Yasuj,30.6682,51.588,Spring,5 May,23,-40.6,200.28,0.0,0.0,0.0,0.0,180.0,0.0,0.0,0.0,0.0,0.0,0.0,0.0,1.8,-1.8,26.72,0.0,night_discharging
Kohgiluyeh & Boyer-Ahmad,Yasuj,30.6682,51.588,Summer,6 Aug,0,-42.72,178.81,0.0,0.0,0.0,0.0,180.0,0.0,0.0,0.0,0.0,0.0,0.0,0.0,1.8,-1.8,21.38,0.0,night_discharging
Kohgiluyeh & Boyer-Ahmad,Yasuj,30.6682,51.588,Summer,6 Aug,1,-40.83,162.04,0.0,0.0,0.0,0.0,180.0,0.0,0.0,0.0,0.0,0.0,0.0,0.0,1.8,-1.8,19.49,0.0,night_discharging
Kohgiluyeh & Boyer-Ahmad,Yasuj,30.6682,51.588,Summer,6 Aug,2,-35.07,145.3,0.0,0.0,0.0,0.0,180.0,0.0,0.0,0.0,0.0,0.0,0.0,0.0,1.8,-1.8,17.6,0.0,night_discharging
Kohgiluyeh & Boyer-Ahmad,Yasuj,30.6682,51.588,Summer,6 Aug,3,-26.51,131.83,0.0,0.0,0.0,0.0,180.0,0.0,0.0,0.0,0.0,0.0,0.0,0.0,1.8,-1.8,15.71,0.0,night_discharging
Kohgiluyeh & Boyer-Ahmad,Yasuj,30.6682,51.588,Summer,6 Aug,4,-16.12,121.14,0.0,0.0,0.0,0.0,180.0,0.0,0.0,0.0,0.0,0.0,0.0,0.0,1.8,-1.8,13.82,0.0,night_discharging
Kohgiluyeh & Boyer-Ahmad,Yasuj,30.6682,51.588,Summer,6 Aug,5,-4.6,112.39,0.0,0.0,0.0,0.0,180.0,0.0,0.0,0.0,0.0,0.0,0.0,0.0,1.44,-1.44,12.3,0.0,night_discharging
Kohgiluyeh & Boyer-Ahmad,Yasuj,30.6682,51.588,Summer,6 Aug,6,7.62,104.82,298.7,29.8,69.4,82.38,104.82,75.18,82.38,0.0,315.6,100.6,69.4,1.44,1.44,-0.0,12.3,0.0,day_discharging
Kohgiluyeh & Boyer-Ahmad,Yasuj,30.6682,51.588,Summer,6 Aug,7,20.26,97.77,594.1,49.7,255.5,69.74,97.77,82.23,69.74,0.0,627.6,261.3,255.5,2.87,1.25,1.62,13.84,0.0,day_charging
Kohgiluyeh & Boyer-Ahmad,Yasuj,30.6682,51.588,Summer,6 Aug,8,33.12,90.55,701.9,71.0,454.6,56.88,90.55,89.45,56.88,0.0,756.8,397.6,454.6,3.46,1.25,2.21,15.94,0.0,day_charging
Kohgiluyeh & Boyer-Ahmad,Yasuj,30.6682,51.588,Summer,6 Aug,9,45.99,82.19,752.7,90.0,631.3,44.01,82.19,97.81,44.01,0.0,830.0,511.0,631.3,3.8,1.25,2.55,18.36,0.0,day_charging
Kohgiluyeh & Boyer-Ahmad,Yasuj,30.6682,51.588,Summer,6 Aug,10,58.53,70.57,779.3,104.8,769.5,31.47,70.57,109.43,31.47,0.0,876.4,597.3,769.5,4.01,1.25,2.76,20.98,0.0,day_charging
Kohgiluyeh & Boyer-Ahmad,Yasuj,30.6682,51.588,Summer,6 Aug,11,69.79,49.51,792.7,114.3,858.2,20.21,49.51,130.49,20.21,0.0,903.5,652.2,858.2,4.13,1.25,2.88,23.72,0.0,day_charging
Kohgiluyeh & Boyer-Ahmad,Yasuj,30.6682,51.588,Summer,6 Aug,12,75.91,3.59,797.1,117.8,890.9,14.09,3.59,176.41,14.09,0.0,913.1,672.3,890.9,4.18,1.25,2.93,26.5,0.0,day_charging
Kohgiluyeh & Boyer-Ahmad,Yasuj,30.6682,51.588,Summer,6 Aug,13,70.95,314.39,793.7,115.0,865.2,19.05,314.39,-134.39,19.05,0.0,905.6,656.5,865.2,4.14,1.25,2.89,29.25,0.0,day_charging
Kohgiluyeh & Boyer-Ahmad,Yasuj,30.6682,51.588,Summer,6 Aug,14,60.0,291.28,781.5,106.2,783.1,30.0,291.28,-111.28,30.0,0.0,880.6,605.8,783.1,4.03,1.25,2.78,31.89,0.0,day_charging
Kohgiluyeh & Boyer-Ahmad,Yasuj,30.6682,51.588,Summer,6 Aug,15,47.54,278.98,756.9,92.0,650.4,42.46,278.98,-98.98,42.46,0.0,836.8,523.0,650.4,3.83,1.25,2.58,34.34,0.0,day_charging
Kohgiluyeh & Boyer-Ahmad,Yasuj,30.6682,51.588,Summer,6 Aug,16,34.69,270.37,710.1,73.5,477.6,55.31,270.37,-90.37,55.31,0.0,767.7,412.7,477.6,3.51,1.25,1.46,35.73,0.0,day_charging
Kohgiluyeh & Boyer-Ahmad,Yasuj,30.6682,51.588,Summer,6 Aug,17,21.82,263.09,612.7,52.3,280.1,68.18,263.09,-83.09,68.18,0.0,648.6,279.1,280.1,2.97,1.25,0.07,35.8,0.0,day_charging
Kohgiluyeh & Boyer-Ahmad,Yasuj,30.6682,51.588,Summer,6 Aug,18,9.14,256.05,355.8,31.8,88.3,80.86,256.05,-76.05,80.86,0.0,374.3,121.6,88.3,1.71,1.44,0.0,35.8,0.0,day_idle
Kohgiluyeh & Boyer-Ahmad,Yasuj,30.6682,51.588,Summer,6 Aug,19,-3.15,248.58,0.0,0.0,0.0,0.0,180.0,0.0,0.0,0.0,0.0,0.0,0.0,0.0,1.44,-1.44,34.28,0.0,night_discharging
Kohgiluyeh & Boyer-Ahmad,Yasuj,30.6682,51.588,Summer,6 Aug,20,-14.77,240.01,0.0,0.0,0.0,0.0,180.0,0.0,0.0,0.0,0.0,0.0,0.0,0.0,1.8,-1.8,32.39,0.0,night_discharging
Kohgiluyeh & Boyer-Ahmad,Yasuj,30.6682,51.588,Summer,6 Aug,21,-25.33,229.6,0.0,0.0,0.0,0.0,180.0,0.0,0.0,0.0,0.0,0.0,0.0,0.0,1.8,-1.8,30.5,0.0,night_discharging
Kohgiluyeh & Boyer-Ahmad,Yasuj,30.6682,51.588,Summer,6 Aug,22,-34.16,216.51,0.0,0.0,0.0,0.0,180.0,0.0,0.0,0.0,0.0,0.0,0.0,0.0,1.8,-1.8,28.61,0.0,night_discharging
Kohgiluyeh & Boyer-Ahmad,Yasuj,30.6682,51.588,Summer,6 Aug,23,-40.31,200.16,0.0,0.0,0.0,0.0,180.0,0.0,0.0,0.0,0.0,0.0,0.0,0.0,1.8,-1.8,26.72,0.0,night_discharging
Kohgiluyeh & Boyer-Ahmad,Yasuj,30.6682,51.588,Autumn,6 Nov,0,-75.31,176.54,0.0,0.0,0.0,0.0,180.0,0.0,0.0,0.0,0.0,0.0,0.0,0.0,1.8,-1.8,21.38,0.0,night_discharging
Kohgiluyeh & Boyer-Ahmad,Yasuj,30.6682,51.588,Autumn,6 Nov,1,-70.48,135.54,0.0,0.0,0.0,0.0,180.0,0.0,0.0,0.0,0.0,0.0,0.0,0.0,1.8,-1.8,19.49,0.0,night_discharging
Kohgiluyeh & Boyer-Ahmad,Yasuj,30.6682,51.588,Autumn,6 Nov,2,-59.67,112.27,0.0,0.0,0.0,0.0,180.0,0.0,0.0,0.0,0.0,0.0,0.0,0.0,1.8,-1.8,17.6,0.0,night_discharging
Kohgiluyeh & Boyer-Ahmad,Yasuj,30.6682,51.588,Autumn,6 Nov,3,-47.26,99.76,0.0,0.0,0.0,0.0,180.0,0.0,0.0,0.0,0.0,0.0,0.0,0.0,1.8,-1.8,15.71,0.0,night_discharging
Kohgiluyeh & Boyer-Ahmad,Yasuj,30.6682,51.588,Autumn,6 Nov,4,-34.43,91.03,0.0,0.0,0.0,0.0,180.0,0.0,0.0,0.0,0.0,0.0,0.0,0.0,1.8,-1.8,13.82,0.0,night_discharging
Kohgiluyeh & Boyer-Ahmad,Yasuj,30.6682,51.588,Autumn,6 Nov,5,-21.55,83.66,0.0,0.0,0.0,0.0,180.0,0.0,0.0,0.0,0.0,0.0,0.0,0.0,1.44,-1.44,12.3,0.0,night_discharging
Kohgiluyeh & Boyer-Ahmad,Yasuj,30.6682,51.588,Autumn,6 Nov,6,-8.84,76.58,0.0,0.0,0.0,0.0,180.0,0.0,0.0,0.0,0.0,0.0,0.0,0.0,1.44,-1.44,10.78,0.0,night_discharging
Kohgiluyeh & Boyer-Ahmad,Yasuj,30.6682,51.588,Autumn,6 Nov,7,3.48,69.08,105.8,25.8,32.2,85.0,69.08,110.92,85.0,0.0,119.4,23.9,32.2,0.55,1.25,-0.7,10.04,0.0,day_discharging
Kohgiluyeh & Boyer-Ahmad,Yasuj,30.6682,51.588,Autumn,6 Nov,8,15.15,60.49,513.7,41.1,175.4,74.85,60.49,119.51,74.85,0.0,539.6,38.2,175.4,2.47,1.25,1.22,11.2,0.0,day_charging
Kohgiluyeh & Boyer-Ahmad,Yasuj,30.6682,51.588,Autumn,6 Nov,9,25.76,50.06,651.5,59.0,342.2,64.24,50.06,129.94,64.24,0.0,693.8,103.5,342.2,3.17,1.25,1.92,13.02,0.0,day_charging
Kohgiluyeh & Boyer-Ahmad,Yasuj,30.6682,51.588,Autumn,6 Nov,10,34.67,36.9,709.9,73.5,477.2,55.33,36.9,143.1,55.33,0.0,767.5,173.8,477.2,3.51,1.25,2.26,15.17,0.0,day_charging
Kohgiluyeh & Boyer-Ahmad,Yasuj,30.6682,51.588,Autumn,6 Nov,11,40.88,20.4,736.4,82.8,564.8,49.12,20.4,159.6,49.12,0.0,804.9,221.3,564.8,3.68,1.25,2.43,17.48,0.0,day_charging
Kohgiluyeh & Boyer-Ahmad,Yasuj,30.6682,51.588,Autumn,6 Nov,12,43.32,1.21,744.7,86.3,597.3,46.68,1.21,178.79,46.68,0.0,817.5,239.2,597.3,3.74,1.25,2.49,19.85,0.0,day_charging
Kohgiluyeh & Boyer-Ahmad,Yasuj,30.6682,51.588,Autumn,6 Nov,13,41.4,341.82,738.3,83.6,571.8,48.6,341.82,-161.82,48.6,0.0,807.7,225.2,571.8,3.7,1.25,2.45,22.18,0.0,day_charging
Kohgiluyeh & Boyer-Ahmad,Yasuj,30.6682,51.588,Autumn,6 Nov,14,35.59,324.93,714.4,74.9,490.6,54.41,324.93,-144.93,54.41,0.0,773.7,181.0,490.6,3.54,1.25,2.29,24.36,0.0,day_charging
Kohgiluyeh & Boyer-Ahmad,Yasuj,30.6682,51.588,Autumn,6 Nov,15,26.95,311.38,661.3,61.0,360.7,63.05,311.38,-131.38,63.05,0.0,705.6,112.9,360.7,3.23,1.25,1.98,26.24,0.0,day_charging
Kohgiluyeh & Boyer-Ahmad,Yasuj,30.6682,51.588,Autumn,6 Nov,16,16.51,300.66,538.5,43.4,196.4,73.49,300.66,-120.66,73.49,0.0,566.4,40.3,196.4,2.59,1.25,1.34,27.51,0.0,day_charging
Kohgiluyeh & Boyer-Ahmad,Yasuj,30.6682,51.588,Autumn,6 Nov,17,4.94,291.89,177.7,26.8,42.1,85.0,291.89,-111.89,85.0,0.0,192.3,24.9,42.1,0.88,1.25,-0.37,27.12,0.0,day_discharging
Kohgiluyeh & Boyer-Ahmad,Yasuj,30.6682,51.588,Autumn,6 Nov,18,-7.32,284.29,0.0,0.0,0.0,0.0,180.0,0.0,0.0,0.0,0.0,0.0,0.0,0.0,1.44,-1.44,25.6,0.0,night_discharging
Kohgiluyeh & Boyer-Ahmad,Yasuj,30.6682,51.588,Autumn,6 Nov,19,-19.99,277.2,0.0,0.0,0.0,0.0,180.0,0.0,0.0,0.0,0.0,0.0,0.0,0.0,1.44,-1.44,24.08,0.0,night_discharging
Kohgiluyeh & Boyer-Ahmad,Yasuj,30.6682,51.588,Autumn,6 Nov,20,-32.86,269.91,0.0,0.0,0.0,0.0,180.0,0.0,0.0,0.0,0.0,0.0,0.0,0.0,1.8,-1.8,22.19,0.0,night_discharging
Kohgiluyeh & Boyer-Ahmad,Yasuj,30.6682,51.588,Autumn,6 Nov,21,-45.71,261.43,0.0,0.0,0.0,0.0,180.0,0.0,0.0,0.0,0.0,0.0,0.0,0.0,1.8,-1.8,20.3,0.0,night_discharging
Kohgiluyeh & Boyer-Ahmad,Yasuj,30.6682,51.588,Autumn,6 Nov,22,-58.21,249.61,0.0,0.0,0.0,0.0,180.0,0.0,0.0,0.0,0.0,0.0,0.0,0.0,1.8,-1.8,18.41,0.0,night_discharging
Kohgiluyeh & Boyer-Ahmad,Yasuj,30.6682,51.588,Autumn,6 Nov,23,-69.35,228.35,0.0,0.0,0.0,0.0,180.0,0.0,0.0,0.0,0.0,0.0,0.0,0.0,1.8,-1.8,16.52,0.0,night_discharging
Kohgiluyeh & Boyer-Ahmad,Yasuj,30.6682,51.588,Winter,4 Feb,0,-75.51,176.5,0.0,0.0,0.0,0.0,180.0,0.0,0.0,0.0,0.0,0.0,0.0,0.0,1.8,-1.8,21.38,0.0,night_discharging
Kohgiluyeh & Boyer-Ahmad,Yasuj,30.6682,51.588,Winter,4 Feb,1,-70.64,135.17,0.0,0.0,0.0,0.0,180.0,0.0,0.0,0.0,0.0,0.0,0.0,0.0,1.8,-1.8,19.49,0.0,night_discharging
Kohgiluyeh & Boyer-Ahmad,Yasuj,30.6682,51.588,Winter,4 Feb,2,-59.78,111.94,0.0,0.0,0.0,0.0,180.0,0.0,0.0,0.0,0.0,0.0,0.0,0.0,1.8,-1.8,17.6,0.0,night_discharging
Kohgiluyeh & Boyer-Ahmad,Yasuj,30.6682,51.588,Winter,4 Feb,3,-47.36,99.5,0.0,0.0,0.0,0.0,180.0,0.0,0.0,0.0,0.0,0.0,0.0,0.0,1.8,-1.8,15.71,0.0,night_discharging
Kohgiluyeh & Boyer-Ahmad,Yasuj,30.6682,51.588,Winter,4 Feb,4,-34.52,90.81,0.0,0.0,0.0,0.0,180.0,0.0,0.0,0.0,0.0,0.0,0.0,0.0,1.8,-1.8,13.82,0.0,night_discharging
Kohgiluyeh & Boyer-Ahmad,Yasuj,30.6682,51.588,Winter,4 Feb,5,-21.64,83.47,0.0,0.0,0.0,0.0,180.0,0.0,0.0,0.0,0.0,0.0,0.0,0.0,1.44,-1.44,12.3,0.0,night_discharging
Kohgiluyeh & Boyer-Ahmad,Yasuj,30.6682,51.588,Winter,4 Feb,6,-8.94,76.41,0.0,0.0,0.0,0.0,180.0,0.0,0.0,0.0,0.0,0.0,0.0,0.0,1.44,-1.44,10.78,0.0,night_discharging
Kohgiluyeh & Boyer-Ahmad,Yasuj,30.6682,51.588,Winter,4 Feb,7,3.37,68.91,100.5,25.7,31.6,85.0,68.91,111.09,85.0,0.0,114.1,23.9,31.6,0.52,1.25,-0.73,10.01,0.0,day_discharging
Kohgiluyeh & Boyer-Ahmad,Yasuj,30.6682,51.588,Winter,4 Feb,8,15.03,60.33,511.2,40.9,173.4,74.97,60.33,119.67,74.97,0.0,537.0,38.0,173.4,2.46,1.25,1.21,11.16,0.0,day_charging
Kohgiluyeh & Boyer-Ahmad,Yasuj,30.6682,51.588,Winter,4 Feb,9,25.62,49.9,650.2,58.7,339.9,64.38,49.9,130.1,64.38,0.0,692.3,101.0,339.9,3.17,1.25,1.92,12.98,0.0,day_charging
Kohgiluyeh & Boyer-Ahmad,Yasuj,30.6682,51.588,Winter,4 Feb,10,34.5,36.77,709.1,73.2,474.8,55.5,36.77,143.23,55.5,0.0,766.4,171.1,474.8,3.51,1.25,2.26,15.13,0.0,day_charging
Kohgiluyeh & Boyer-Ahmad,Yasuj,30.6682,51.588,Winter,4 Feb,11,40.69,20.32,735.7,82.6,562.3,49.31,20.32,159.68,49.31,0.0,803.9,218.4,562.3,3.68,1.25,2.43,17.44,0.0,day_charging
Kohgiluyeh & Boyer-Ahmad,Yasuj,30.6682,51.588,Winter,4 Feb,12,43.12,1.2,744.1,86.0,594.6,46.88,1.2,178.8,46.88,0.0,816.5,236.2,594.6,3.74,1.25,2.49,19.81,0.0,day_charging
Kohgiluyeh & Boyer-Ahmad,Yasuj,30.6682,51.588,Winter,4 Feb,13,41.21,341.9,737.6,83.3,569.3,48.79,341.9,-161.9,48.79,0.0,806.7,222.3,569.3,3.69,1.25,2.44,22.13,0.0,day_charging
Kohgiluyeh & Boyer-Ahmad,Yasuj,30.6682,51.588,Winter,4 Feb,14,35.42,325.05,713.6,74.6,488.2,54.58,325.05,-145.05,54.58,0.0,772.5,178.2,488.2,3.54,1.25,2.29,24.31,0.0,day_charging
Kohgiluyeh & Boyer-Ahmad,Yasuj,30.6682,51.588,Winter,4 Feb,15,26.81,311.53,660.1,60.7,358.4,63.19,311.53,-131.53,63.19,0.0,704.2,110.4,358.4,3.22,1.25,1.97,26.18,0.0,day_charging
Kohgiluyeh & Boyer-Ahmad,Yasuj,30.6682,51.588,Winter,4 Feb,16,16.38,300.82,536.3,43.2,194.4,73.62,300.82,-120.82,73.62,0.0,564.0,40.1,194.4,2.58,1.25,1.33,27.44,0.0,day_charging
Kohgiluyeh & Boyer-Ahmad,Yasuj,30.6682,51.588,Winter,4 Feb,17,4.83,292.06,172.2,26.7,41.2,85.0,292.06,-112.06,85.0,0.0,186.7,24.8,41.2,0.85,1.25,-0.4,27.02,0.0,day_discharging
Kohgiluyeh & Boyer-Ahmad,Yasuj,30.6682,51.588,Winter,4 Feb,18,-7.42,284.47,0.0,0.0,0.0,0.0,180.0,0.0,0.0,0.0,0.0,0.0,0.0,0.0,1.44,-1.44,25.5,0.0,night_discharging
Kohgiluyeh & Boyer-Ahmad,Yasuj,30.6682,51.588,Winter,4 Feb,19,-20.08,277.39,0.0,0.0,0.0,0.0,180.0,0.0,0.0,0.0,0.0,0.0,0.0,0.0,1.44,-1.44,23.98,0.0,night_discharging
Kohgiluyeh & Boyer-Ahmad,Yasuj,30.6682,51.588,Winter,4 Feb,20,-32.95,270.13,0.0,0.0,0.0,0.0,180.0,0.0,0.0,0.0,0.0,0.0,0.0,0.0,1.8,-1.8,22.09,0.0,night_discharging
Kohgiluyeh & Boyer-Ahmad,Yasuj,30.6682,51.588,Winter,4 Feb,21,-45.81,261.68,0.0,0.0,0.0,0.0,180.0,0.0,0.0,0.0,0.0,0.0,0.0,0.0,1.8,-1.8,20.2,0.0,night_discharging
Kohgiluyeh & Boyer-Ahmad,Yasuj,30.6682,51.588,Winter,4 Feb,22,-58.32,249.93,0.0,0.0,0.0,0.0,180.0,0.0,0.0,0.0,0.0,0.0,0.0,0.0,1.8,-1.8,18.31,0.0,night_discharging
Kohgiluyeh & Boyer-Ahmad,Yasuj,30.6682,51.588,Winter,4 Feb,23,-69.49,228.73,0.0,0.0,0.0,0.0,180.0,0.0,0.0,0.0,0.0,0.0,0.0,0.0,1.8,-1.8,16.42,0.0,night_discharging
Ilam,Ilam,33.6374,46.4227,Spring,5 May,0,-39.73,172.41,0.0,0.0,0.0,0.0,180.0,0.0,0.0,0.0,0.0,0.0,0.0,0.0,1.98,-1.98,20.67,0.0,night_discharging
Ilam,Ilam,33.6374,46.4227,Spring,5 May,1,-39.34,168.9,0.0,0.0,0.0,0.0,180.0,0.0,0.0,0.0,0.0,0.0,0.0,0.0,1.98,-1.98,18.59,0.0,night_discharging
Ilam,Ilam,33.6374,46.4227,Spring,5 May,2,-35.1,151.59,0.0,0.0,0.0,0.0,180.0,0.0,0.0,0.0,0.0,0.0,0.0,0.0,1.98,-1.98,16.51,0.0,night_discharging
Ilam,Ilam,33.6374,46.4227,Spring,5 May,3,-27.79,137.03,0.0,0.0,0.0,0.0,180.0,0.0,0.0,0.0,0.0,0.0,0.0,0.0,1.98,-1.98,14.43,0.0,night_discharging
Ilam,Ilam,33.6374,46.4227,Spring,5 May,4,-18.37,125.18,0.0,0.0,0.0,0.0,180.0,0.0,0.0,0.0,0.0,0.0,0.0,0.0,1.98,-1.98,12.35,0.0,night_discharging
Ilam,Ilam,33.6374,46.4227,Spring,5 May,5,-7.58,115.38,0.0,0.0,0.0,0.0,180.0,0.0,0.0,0.0,0.0,0.0,0.0,0.0,1.58,-1.58,10.69,0.0,night_discharging
Ilam,Ilam,33.6374,46.4227,Spring,5 May,6,4.06,106.9,134.5,26.1,35.7,85.0,106.9,73.1,85.0,0.0,148.5,53.3,35.7,0.65,1.58,-0.93,9.71,0.0,day_discharging
Ilam,Ilam,33.6374,46.4227,Spring,5 May,7,16.23,99.06,533.6,42.9,192.0,73.77,99.06,80.94,73.77,0.0,561.0,208.4,192.0,2.47,1.16,1.31,10.95,0.0,day_charging
Ilam,Ilam,33.6374,46.4227,Spring,5 May,8,28.65,91.18,674.0,63.8,387.0,61.35,91.18,88.82,61.35,0.0,721.2,336.3,387.0,3.17,1.16,2.01,12.86,0.0,day_charging
Ilam,Ilam,33.6374,46.4227,Spring,5 May,9,41.11,82.35,737.2,83.2,567.9,48.89,82.35,97.65,48.89,0.0,806.1,442.7,567.9,3.55,1.16,2.39,15.13,0.0,day_charging
Ilam,Ilam,33.6374,46.4227,Spring,5 May,10,53.26,70.87,770.0,99.0,716.0,36.74,70.87,109.13,36.74,0.0,859.2,526.3,716.0,3.78,1.16,2.62,17.62,0.0,day_charging
Ilam,Ilam,33.6374,46.4227,Spring,5 May,11,64.3,52.76,787.1,110.1,819.4,25.7,52.76,127.24,25.7,0.0,891.8,583.6,819.4,3.92,1.16,2.76,20.24,0.0,day_charging
Ilam,Ilam,33.6374,46.4227,Spring,5 May,12,71.82,19.01,794.4,115.6,870.3,18.18,19.01,160.99,18.18,0.0,907.0,611.6,870.3,3.99,1.16,2.83,22.93,0.0,day_charging
Ilam,Ilam,33.6374,46.4227,Spring,5 May,13,70.89,332.95,793.6,115.0,864.9,19.11,332.95,-152.95,19.11,0.0,905.5,608.6,864.9,3.98,1.16,2.82,25.61,0.0,day_charging
Ilam,Ilam,33.6374,46.4227,Spring,5 May,14,62.36,302.96,784.8,108.4,803.7,27.64,302.96,-122.96,27.64,0.0,887.0,574.9,803.7,3.9,1.16,2.74,28.21,0.0,day_charging
Ilam,Ilam,33.6374,46.4227,Spring,5 May,15,51.0,286.62,765.2,96.4,691.1,39.0,286.62,-106.62,39.0,0.0,850.9,512.4,691.1,3.74,1.16,2.58,30.66,0.0,day_charging
Ilam,Ilam,33.6374,46.4227,Spring,5 May,16,38.76,275.85,728.3,79.7,535.7,51.24,275.85,-95.85,51.24,0.0,793.1,424.2,535.7,3.49,1.16,2.33,32.87,0.0,day_charging
Ilam,Ilam,33.6374,46.4227,Spring,5 May,17,26.29,267.29,655.9,59.9,350.3,63.71,267.29,-87.29,63.71,0.0,699.1,313.8,350.3,3.08,1.16,1.92,34.69,0.0,day_charging
Ilam,Ilam,33.6374,46.4227,Spring,5 May,18,13.89,259.47,487.7,39.1,156.1,76.11,259.47,-79.47,76.11,0.0,511.9,181.2,156.1,2.25,1.58,0.31,34.98,0.0,day_charging
Ilam,Ilam,33.6374,46.4227,Spring,5 May,19,1.81,251.56,35.3,25.1,26.2,85.0,251.56,-71.56,85.0,0.0,48.3,30.1,26.2,0.21,1.58,-1.37,33.54,0.0,day_discharging
Ilam,Ilam,33.6374,46.4227,Spring,5 May,20,-9.7,242.88,0.0,0.0,0.0,0.0,180.0,0.0,0.0,0.0,0.0,0.0,0.0,0.0,1.98,-1.98,31.46,0.0,night_discharging
Ilam,Ilam,33.6374,46.4227,Spring,5 May,21,-20.28,232.76,0.0,0.0,0.0,0.0,180.0,0.0,0.0,0.0,0.0,0.0,0.0,0.0,1.98,-1.98,29.38,0.0,night_discharging
Ilam,Ilam,33.6374,46.4227,Spring,5 May,22,-29.37,220.43,0.0,0.0,0.0,0.0,180.0,0.0,0.0,0.0,0.0,0.0,0.0,0.0,1.98,-1.98,27.3,0.0,night_discharging
Ilam,Ilam,33.6374,46.4227,Spring,5 May,23,-36.17,205.31,0.0,0.0,0.0,0.0,180.0,0.0,0.0,0.0,0.0,0.0,0.0,0.0,1.98,-1.98,25.22,0.0,night_discharging
Ilam,Ilam,33.6374,46.4227,Summer,6 Aug,0,-39.43,172.45,0.0,0.0,0.0,0.0,180.0,0.0,0.0,0.0,0.0,0.0,0.0,0.0,1.98,-1.98,20.67,0.0,night_discharging
Ilam,Ilam,33.6374,46.4227,Summer,6 Aug,1,-39.05,168.97,0.0,0.0,0.0,0.0,180.0,0.0,0.0,0.0,0.0,0.0,0.0,0.0,1.98,-1.98,18.59,0.0,night_discharging
Ilam,Ilam,33.6374,46.4227,Summer,6 Aug,2,-34.82,151.75,0.0,0.0,0.0,0.0,180.0,0.0,0.0,0.0,0.0,0.0,0.0,0.0,1.98,-1.98,16.51,0.0,night_discharging
Ilam,Ilam,33.6374,46.4227,Summer,6 Aug,3,-27.55,137.23,0.0,0.0,0.0,0.0,180.0,0.0,0.0,0.0,0.0,0.0,0.0,0.0,1.98,-1.98,14.43,0.0,night_discharging
Ilam,Ilam,33.6374,46.4227,Summer,6 Aug,4,-18.15,125.4,0.0,0.0,0.0,0.0,180.0,0.0,0.0,0.0,0.0,0.0,0.0,0.0,1.98,-1.98,12.35,0.0,night_discharging
Ilam,Ilam,33.6374,46.4227,Summer,6 Aug,5,-7.39,115.62,0.0,0.0,0.0,0.0,180.0,0.0,0.0,0.0,0.0,0.0,0.0,0.0,1.58,-1.58,10.69,0.0,night_discharging
Ilam,Ilam,33.6374,46.4227,Summer,6 Aug,6,4.23,107.15,142.8,26.3,36.8,85.0,107.15,72.85,85.0,0.0,156.9,55.8,36.8,0.69,1.58,-0.89,9.75,0.0,day_discharging
Ilam,Ilam,33.6374,46.4227,Summer,6 Aug,7,16.38,99.33,536.3,43.1,194.4,73.62,99.33,80.67,73.62,0.0,564.0,211.9,194.4,2.48,1.16,1.32,11.0,0.0,day_charging
Ilam,Ilam,33.6374,46.4227,Summer,6 Aug,8,28.8,91.48,675.1,64.0,389.3,61.2,91.48,88.52,61.2,0.0,722.5,339.9,389.3,3.18,1.16,2.02,12.92,0.0,day_charging
Ilam,Ilam,33.6374,46.4227,Summer,6 Aug,9,41.26,82.69,737.8,83.4,570.0,48.74,82.69,97.31,48.74,0.0,807.0,446.3,570.0,3.55,1.16,2.39,15.19,0.0,day_charging
Ilam,Ilam,33.6374,46.4227,Summer,6 Aug,10,53.43,71.28,770.3,99.2,717.9,36.57,71.28,108.72,36.57,0.0,859.8,529.9,717.9,3.78,1.16,2.62,17.68,0.0,day_charging
Ilam,Ilam,33.6374,46.4227,Summer,6 Aug,11,64.52,53.24,787.4,110.3,821.1,25.48,53.24,126.76,25.48,0.0,892.3,587.1,821.1,3.93,1.16,2.77,20.31,0.0,day_charging
Ilam,Ilam,33.6374,46.4227,Summer,6 Aug,12,72.11,19.28,794.6,115.7,871.9,17.89,19.28,160.72,17.89,0.0,907.5,615.1,871.9,3.99,1.16,2.83,23.0,0.0,day_charging
Ilam,Ilam,33.6374,46.4227,Summer,6 Aug,13,71.17,332.59,793.9,115.2,866.5,18.83,332.59,-152.59,18.83,0.0,905.9,612.1,866.5,3.99,1.16,2.83,25.69,0.0,day_charging
Ilam,Ilam,33.6374,46.4227,Summer,6 Aug,14,62.57,302.48,785.0,108.6,805.4,27.43,302.48,-122.48,27.43,0.0,887.5,578.4,805.4,3.91,1.16,2.75,28.3,0.0,day_charging
Ilam,Ilam,33.6374,46.4227,Summer,6 Aug,15,51.17,286.22,765.6,96.6,693.0,38.83,286.22,-106.22,38.83,0.0,851.5,515.9,693.0,3.75,1.16,2.59,30.76,0.0,day_charging
Ilam,Ilam,33.6374,46.4227,Summer,6 Aug,16,38.91,275.51,728.9,79.9,537.8,51.09,275.51,-95.51,51.09,0.0,794.0,427.8,537.8,3.49,1.16,2.33,32.97,0.0,day_charging
Ilam,Ilam,33.6374,46.4227,Summer,6 Aug,17,26.44,266.99,657.1,60.1,352.6,63.56,266.99,-86.99,63.56,0.0,700.5,317.4,352.6,3.08,1.16,1.92,34.79,0.0,day_charging
Ilam,Ilam,33.6374,46.4227,Summer,6 Aug,18,14.05,259.21,491.1,39.3,158.5,75.95,259.21,-79.21,75.95,0.0,515.5,184.7,158.5,2.27,1.58,0.21,34.99,0.0,day_charging
Ilam,Ilam,33.6374,46.4227,Summer,6 Aug,19,1.98,251.31,41.1,25.2,26.6,85.0,251.31,-71.31,85.0,0.0,54.2,31.5,26.6,0.24,1.58,-1.34,33.58,0.0,day_discharging
Ilam,Ilam,33.6374,46.4227,Summer,6 Aug,20,-9.51,242.65,0.0,0.0,0.0,0.0,180.0,0.0,0.0,0.0,0.0,0.0,0.0,0.0,1.98,-1.98,31.5,0.0,night_discharging
Ilam,Ilam,33.6374,46.4227,Summer,6 Aug,21,-20.06,232.54,0.0,0.0,0.0,0.0,180.0,0.0,0.0,0.0,0.0,0.0,0.0,0.0,1.98,-1.98,29.42,0.0,night_discharging
Ilam,Ilam,33.6374,46.4227,Summer,6 Aug,22,-29.12,220.24,0.0,0.0,0.0,0.0,180.0,0.0,0.0,0.0,0.0,0.0,0.0,0.0,1.98,-1.98,27.34,0.0,night_discharging
Ilam,Ilam,33.6374,46.4227,Summer,6 Aug,23,-35.89,205.18,0.0,0.0,0.0,0.0,180.0,0.0,0.0,0.0,0.0,0.0,0.0,0.0,1.98,-1.98,25.26,0.0,night_discharging
Ilam,Ilam,33.6374,46.4227,Autumn,6 Nov,0,-71.53,161.26,0.0,0.0,0.0,0.0,180.0,0.0,0.0,0.0,0.0,0.0,0.0,0.0,1.98,-1.98,20.67,0.0,night_discharging
Ilam,Ilam,33.6374,46.4227,Autumn,6 Nov,1,-70.61,153.31,0.0,0.0,0.0,0.0,180.0,0.0,0.0,0.0,0.0,0.0,0.0,0.0,1.98,-1.98,18.59,0.0,night_discharging
Ilam,Ilam,33.6374,46.4227,Autumn,6 Nov,2,-62.16,123.42,0.0,0.0,0.0,0.0,180.0,0.0,0.0,0.0,0.0,0.0,0.0,0.0,1.98,-1.98,16.51,0.0,night_discharging
Ilam,Ilam,33.6374,46.4227,Autumn,6 Nov,3,-50.83,107.01,0.0,0.0,0.0,0.0,180.0,0.0,0.0,0.0,0.0,0.0,0.0,0.0,1.98,-1.98,14.43,0.0,night_discharging
Ilam,Ilam,33.6374,46.4227,Autumn,6 Nov,4,-38.61,96.18,0.0,0.0,0.0,0.0,180.0,0.0,0.0,0.0,0.0,0.0,0.0,0.0,1.98,-1.98,12.35,0.0,night_discharging
Ilam,Ilam,33.6374,46.4227,Autumn,6 Nov,5,-26.14,87.57,0.0,0.0,0.0,0.0,180.0,0.0,0.0,0.0,0.0,0.0,0.0,0.0,1.58,-1.58,10.69,0.0,night_discharging
Ilam,Ilam,33.6374,46.4227,Autumn,6 Nov,6,-13.73,79.73,0.0,0.0,0.0,0.0,180.0,0.0,0.0,0.0,0.0,0.0,0.0,0.0,1.58,-1.58,9.03,0.0,night_discharging
Ilam,Ilam,33.6374,46.4227,Autumn,6 Nov,7,-1.64,71.81,0.0,0.0,0.0,0.0,180.0,0.0,0.0,0.0,0.0,0.0,0.0,0.0,1.16,-1.16,7.81,0.0,night_discharging
Ilam,Ilam,33.6374,46.4227,Autumn,6 Nov,8,9.89,63.12,381.2,32.9,98.4,80.11,63.12,116.88,80.11,0.0,400.4,30.2,98.4,1.76,1.16,0.6,8.38,0.0,day_charging
Ilam,Ilam,33.6374,46.4227,Autumn,6 Nov,9,20.49,52.98,597.0,50.1,259.1,69.51,52.98,127.02,69.51,0.0,630.8,46.0,259.1,2.78,1.16,1.62,9.92,0.0,day_charging
Ilam,Ilam,33.6374,46.4227,Autumn,6 Nov,10,29.61,40.63,680.6,65.4,401.7,60.39,40.63,139.37,60.39,0.0,729.5,97.6,401.7,3.21,1.16,2.05,11.87,0.0,day_charging
Ilam,Ilam,33.6374,46.4227,Autumn,6 Nov,11,36.45,25.45,718.4,76.2,503.0,53.55,25.45,154.55,53.55,0.0,779.2,143.8,503.0,3.43,1.16,2.27,14.03,0.0,day_charging
Ilam,Ilam,33.6374,46.4227,Autumn,6 Nov,12,40.03,7.64,733.2,81.6,553.1,49.97,7.64,172.36,49.97,0.0,800.3,167.4,553.1,3.52,1.16,2.36,16.27,0.0,day_charging
Ilam,Ilam,33.6374,46.4227,Autumn,6 Nov,13,39.64,348.84,731.8,81.0,547.8,50.36,348.84,-168.84,50.36,0.0,798.1,164.9,547.8,3.51,1.16,2.35,18.5,0.0,day_charging
Ilam,Ilam,33.6374,46.4227,Autumn,6 Nov,14,35.37,331.44,713.4,74.6,487.5,54.63,331.44,-151.44,54.63,0.0,772.2,136.6,487.5,3.4,1.16,2.24,20.63,0.0,day_charging
Ilam,Ilam,33.6374,46.4227,Autumn,6 Nov,15,28.03,316.83,669.5,62.8,377.4,61.97,316.83,-136.83,61.97,0.0,715.6,86.8,377.4,3.15,1.16,1.99,22.52,0.0,day_charging
Ilam,Ilam,33.6374,46.4227,Autumn,6 Nov,16,18.58,304.95,571.3,46.8,228.8,71.42,304.95,-124.95,71.42,0.0,602.1,43.1,228.8,2.65,1.16,1.49,23.94,0.0,day_charging
Ilam,Ilam,33.6374,46.4227,Autumn,6 Nov,17,7.77,295.14,304.6,29.9,71.1,82.23,295.14,-115.14,82.23,0.0,321.6,27.5,71.1,1.42,1.16,0.26,24.19,0.0,day_charging
Ilam,Ilam,33.6374,46.4227,Autumn,6 Nov,18,-3.9,286.65,0.0,0.0,0.0,0.0,180.0,0.0,0.0,0.0,0.0,0.0,0.0,0.0,1.58,-1.58,22.53,0.0,night_discharging
Ilam,Ilam,33.6374,46.4227,Autumn,6 Nov,19,-16.07,278.79,0.0,0.0,0.0,0.0,180.0,0.0,0.0,0.0,0.0,0.0,0.0,0.0,1.58,-1.58,20.87,0.0,night_discharging
Ilam,Ilam,33.6374,46.4227,Autumn,6 Nov,20,-28.5,270.88,0.0,0.0,0.0,0.0,180.0,0.0,0.0,0.0,0.0,0.0,0.0,0.0,1.98,-1.98,18.79,0.0,night_discharging
Ilam,Ilam,33.6374,46.4227,Autumn,6 Nov,21,-40.96,262.0,0.0,0.0,0.0,0.0,180.0,0.0,0.0,0.0,0.0,0.0,0.0,0.0,1.98,-1.98,16.71,0.0,night_discharging
Ilam,Ilam,33.6374,46.4227,Autumn,6 Nov,22,-53.08,250.46,0.0,0.0,0.0,0.0,180.0,0.0,0.0,0.0,0.0,0.0,0.0,0.0,1.98,-1.98,14.63,0.0,night_discharging
Ilam,Ilam,33.6374,46.4227,Autumn,6 Nov,23,-64.09,232.28,0.0,0.0,0.0,0.0,180.0,0.0,0.0,0.0,0.0,0.0,0.0,0.0,1.98,-1.98,12.55,0.0,night_discharging
Ilam,Ilam,33.6374,46.4227,Winter,4 Feb,0,-71.72,161.08,0.0,0.0,0.0,0.0,180.0,0.0,0.0,0.0,0.0,0.0,0.0,0.0,1.98,-1.98,20.67,0.0,night_discharging
Ilam,Ilam,33.6374,46.4227,Winter,4 Feb,1,-70.8,153.07,0.0,0.0,0.0,0.0,180.0,0.0,0.0,0.0,0.0,0.0,0.0,0.0,1.98,-1.98,18.59,0.0,night_discharging
Ilam,Ilam,33.6374,46.4227,Winter,4 Feb,2,-62.3,123.11,0.0,0.0,0.0,0.0,180.0,0.0,0.0,0.0,0.0,0.0,0.0,0.0,1.98,-1.98,16.51,0.0,night_discharging
Ilam,Ilam,33.6374,46.4227,Winter,4 Feb,3,-50.95,106.75,0.0,0.0,0.0,0.0,180.0,0.0,0.0,0.0,0.0,0.0,0.0,0.0,1.98,-1.98,14.43,0.0,night_discharging
Ilam,Ilam,33.6374,46.4227,Winter,4 Feb,4,-38.71,95.96,0.0,0.0,0.0,0.0,180.0,0.0,0.0,0.0,0.0,0.0,0.0,0.0,1.98,-1.98,12.35,0.0,night_discharging
Ilam,Ilam,33.6374,46.4227,Winter,4 Feb,5,-26.24,87.38,0.0,0.0,0.0,0.0,180.0,0.0,0.0,0.0,0.0,0.0,0.0,0.0,1.58,-1.58,10.69,0.0,night_discharging
Ilam,Ilam,33.6374,46.4227,Winter,4 Feb,6,-13.84,79.56,0.0,0.0,0.0,0.0,180.0,0.0,0.0,0.0,0.0,0.0,0.0,0.0,1.58,-1.58,9.03,0.0,night_discharging
Ilam,Ilam,33.6374,46.4227,Winter,4 Feb,7,-1.75,71.64,0.0,0.0,0.0,0.0,180.0,0.0,0.0,0.0,0.0,0.0,0.0,0.0,1.16,-1.16,7.81,0.0,night_discharging
Ilam,Ilam,33.6374,46.4227,Winter,4 Feb,8,9.77,62.96,377.1,32.7,96.6,80.23,62.96,117.04,80.23,0.0,396.2,30.0,96.6,1.74,1.16,0.58,8.36,0.0,day_charging
Ilam,Ilam,33.6374,46.4227,Winter,4 Feb,9,20.35,52.83,595.2,49.8,256.8,69.65,52.83,127.17,69.65,0.0,628.8,45.8,256.8,2.77,1.16,1.61,9.89,0.0,day_charging
Ilam,Ilam,33.6374,46.4227,Winter,4 Feb,10,29.45,40.5,679.5,65.1,399.2,60.55,40.5,139.5,60.55,0.0,728.1,94.9,399.2,3.2,1.16,2.04,11.83,0.0,day_charging
Ilam,Ilam,33.6374,46.4227,Winter,4 Feb,11,36.26,25.36,717.6,75.9,500.4,53.74,25.36,154.64,53.74,0.0,778.0,141.0,500.4,3.42,1.16,2.26,13.98,0.0,day_charging
Ilam,Ilam,33.6374,46.4227,Winter,4 Feb,12,39.83,7.61,732.5,81.3,550.4,50.17,7.61,172.39,50.17,0.0,799.2,164.5,550.4,3.52,1.16,2.36,16.22,0.0,day_charging
Ilam,Ilam,33.6374,46.4227,Winter,4 Feb,13,39.44,348.88,731.0,80.7,545.1,50.56,348.88,-168.88,50.56,0.0,797.0,162.0,545.1,3.51,1.16,2.35,18.45,0.0,day_charging
Ilam,Ilam,33.6374,46.4227,Winter,4 Feb,14,35.19,331.54,712.5,74.3,484.9,54.81,331.54,-151.54,54.81,0.0,771.0,133.8,484.9,3.39,1.16,2.23,20.57,0.0,day_charging
Ilam,Ilam,33.6374,46.4227,Winter,4 Feb,15,27.87,316.96,668.3,62.5,374.9,62.13,316.96,-136.96,62.13,0.0,714.2,84.3,374.9,3.14,1.16,1.98,22.45,0.0,day_charging
Ilam,Ilam,33.6374,46.4227,Winter,4 Feb,16,18.44,305.1,569.2,46.6,226.6,71.56,305.1,-125.1,71.56,0.0,599.9,42.8,226.6,2.64,1.16,1.48,23.86,0.0,day_charging
Ilam,Ilam,33.6374,46.4227,Winter,4 Feb,17,7.64,295.3,299.6,29.8,69.6,82.36,295.3,-115.3,82.36,0.0,316.5,27.4,69.6,1.39,1.16,0.23,24.08,0.0,day_charging
Ilam,Ilam,33.6374,46.4227,Winter,4 Feb,18,-4.01,286.82,0.0,0.0,0.0,0.0,180.0,0.0,0.0,0.0,0.0,0.0,0.0,0.0,1.58,-1.58,22.42,0.0,night_discharging
Ilam,Ilam,33.6374,46.4227,Winter,4 Feb,19,-16.17,278.97,0.0,0.0,0.0,0.0,180.0,0.0,0.0,0.0,0.0,0.0,0.0,0.0,1.58,-1.58,20.76,0.0,night_discharging
Ilam,Ilam,33.6374,46.4227,Winter,4 Feb,20,-28.6,271.08,0.0,0.0,0.0,0.0,180.0,0.0,0.0,0.0,0.0,0.0,0.0,0.0,1.98,-1.98,18.68,0.0,night_discharging
Ilam,Ilam,33.6374,46.4227,Winter,4 Feb,21,-41.06,262.23,0.0,0.0,0.0,0.0,180.0,0.0,0.0,0.0,0.0,0.0,0.0,0.0,1.98,-1.98,16.6,0.0,night_discharging
Ilam,Ilam,33.6374,46.4227,Winter,4 Feb,22,-53.2,250.73,0.0,0.0,0.0,0.0,180.0,0.0,0.0,0.0,0.0,0.0,0.0,0.0,1.98,-1.98,14.52,0.0,night_discharging
Ilam,Ilam,33.6374,46.4227,Winter,4 Feb,23,-64.23,232.6,0.0,0.0,0.0,0.0,180.0,0.0,0.0,0.0,0.0,0.0,0.0,0.0,1.98,-1.98,12.44,0.0,night_discharging
Zanjan,Zanjan,36.6736,48.4787,Spring,5 May,0,-36.89,175.17,0.0,0.0,0.0,0.0,180.0,0.0,0.0,0.0,0.0,0.0,0.0,0.0,1.98,-1.98,19.37,0.0,night_discharging
Zanjan,Zanjan,36.6736,48.4787,Spring,5 May,1,-36.02,166.94,0.0,0.0,0.0,0.0,180.0,0.0,0.0,0.0,0.0,0.0,0.0,0.0,1.98,-1.98,17.29,0.0,night_discharging
Zanjan,Zanjan,36.6736,48.4787,Spring,5 May,2,-31.63,150.41,0.0,0.0,0.0,0.0,180.0,0.0,0.0,0.0,0.0,0.0,0.0,0.0,1.98,-1.98,15.21,0.0,night_discharging
Zanjan,Zanjan,36.6736,48.4787,Spring,5 May,3,-24.43,136.27,0.0,0.0,0.0,0.0,180.0,0.0,0.0,0.0,0.0,0.0,0.0,0.0,1.98,-1.98,13.13,0.0,night_discharging
Zanjan,Zanjan,36.6736,48.4787,Spring,5 May,4,-15.25,124.46,0.0,0.0,0.0,0.0,180.0,0.0,0.0,0.0,0.0,0.0,0.0,0.0,1.98,-1.98,11.05,0.0,night_discharging
Zanjan,Zanjan,36.6736,48.4787,Spring,5 May,5,-4.78,114.42,0.0,0.0,0.0,0.0,180.0,0.0,0.0,0.0,0.0,0.0,0.0,0.0,1.58,-1.58,9.39,0.0,night_discharging
Zanjan,Zanjan,36.6736,48.4787,Spring,5 May,6,6.53,105.49,252.3,28.4,57.1,83.47,105.49,74.51,83.47,0.0,268.1,87.7,57.1,1.18,1.58,-0.4,8.97,0.0,day_discharging
Zanjan,Zanjan,36.6736,48.4787,Spring,5 May,7,18.31,97.01,567.4,46.4,224.7,71.69,97.01,82.99,71.69,0.0,597.9,226.0,224.7,2.63,1.16,1.47,10.37,0.0,day_charging
Zanjan,Zanjan,36.6736,48.4787,Spring,5 May,8,30.32,88.27,685.3,66.5,412.5,59.68,88.27,91.73,59.68,0.0,735.3,333.7,412.5,3.24,1.16,2.08,12.35,0.0,day_charging
Zanjan,Zanjan,36.6736,48.4787,Spring,5 May,9,42.26,78.24,741.2,84.8,583.2,47.74,78.24,101.76,47.74,0.0,812.1,421.3,583.2,3.57,1.16,2.41,14.64,0.0,day_charging
Zanjan,Zanjan,36.6736,48.4787,Spring,5 May,10,53.68,65.03,770.8,99.5,720.5,36.32,65.03,114.97,36.32,0.0,860.7,488.7,720.5,3.79,1.16,2.63,17.14,0.0,day_charging
Zanjan,Zanjan,36.6736,48.4787,Spring,5 May,11,63.56,44.63,786.3,109.5,813.5,26.44,44.63,135.37,26.44,0.0,890.0,533.4,813.5,3.92,1.16,2.76,19.76,0.0,day_charging
Zanjan,Zanjan,36.6736,48.4787,Spring,5 May,12,69.32,10.99,792.3,113.9,855.2,20.68,10.99,169.01,20.68,0.0,902.6,553.3,855.2,3.97,1.16,2.81,22.43,0.0,day_charging
Zanjan,Zanjan,36.6736,48.4787,Spring,5 May,13,67.42,331.57,790.5,112.6,842.5,22.58,331.57,-151.57,22.58,0.0,898.8,547.2,842.5,3.95,1.16,2.79,25.08,0.0,day_charging
Zanjan,Zanjan,36.6736,48.4787,Spring,5 May,14,59.28,304.62,780.5,105.5,776.4,30.72,304.62,-124.62,30.72,0.0,878.6,515.6,776.4,3.87,1.16,2.71,27.65,0.0,day_charging
Zanjan,Zanjan,36.6736,48.4787,Spring,5 May,15,48.49,288.26,759.3,93.2,661.8,41.51,288.26,-108.26,41.51,0.0,840.8,460.1,661.8,3.7,1.16,2.54,30.06,0.0,day_charging
Zanjan,Zanjan,36.6736,48.4787,Spring,5 May,16,36.75,276.85,719.8,76.7,507.4,53.25,276.85,-96.85,53.25,0.0,781.1,383.1,507.4,3.44,1.16,2.28,32.23,0.0,day_charging
Zanjan,Zanjan,36.6736,48.4787,Spring,5 May,17,24.74,267.58,642.4,57.3,326.1,65.26,267.58,-87.58,65.26,0.0,683.1,286.4,326.1,3.01,1.16,0.77,32.96,0.0,day_charging
Zanjan,Zanjan,36.6736,48.4787,Spring,5 May,18,12.8,259.07,462.7,37.3,139.8,77.2,259.07,-79.07,77.2,0.0,485.5,167.0,139.8,2.14,1.58,0.04,33.0,0.0,day_idle
Zanjan,Zanjan,36.6736,48.4787,Spring,5 May,19,1.2,250.47,18.3,25.0,25.4,85.0,250.47,-70.47,85.0,0.0,31.1,26.6,25.4,0.14,1.58,-1.44,31.48,0.0,day_discharging
Zanjan,Zanjan,36.6736,48.4787,Spring,5 May,20,-9.76,241.1,0.0,0.0,0.0,0.0,180.0,0.0,0.0,0.0,0.0,0.0,0.0,0.0,1.98,-1.98,29.4,0.0,night_discharging
Zanjan,Zanjan,36.6736,48.4787,Spring,5 May,21,-19.71,230.33,0.0,0.0,0.0,0.0,180.0,0.0,0.0,0.0,0.0,0.0,0.0,0.0,1.98,-1.98,27.32,0.0,night_discharging
Zanjan,Zanjan,36.6736,48.4787,Spring,5 May,22,-28.06,217.48,0.0,0.0,0.0,0.0,180.0,0.0,0.0,0.0,0.0,0.0,0.0,0.0,1.98,-1.98,25.24,0.0,night_discharging
Zanjan,Zanjan,36.6736,48.4787,Spring,5 May,23,-34.07,202.19,0.0,0.0,0.0,0.0,180.0,0.0,0.0,0.0,0.0,0.0,0.0,0.0,1.98,-1.98,23.16,0.0,night_discharging
Zanjan,Zanjan,36.6736,48.4787,Summer,6 Aug,0,-36.59,175.2,0.0,0.0,0.0,0.0,180.0,0.0,0.0,0.0,0.0,0.0,0.0,0.0,1.98,-1.98,19.37,0.0,night_discharging
Zanjan,Zanjan,36.6736,48.4787,Summer,6 Aug,1,-35.73,167.01,0.0,0.0,0.0,0.0,180.0,0.0,0.0,0.0,0.0,0.0,0.0,0.0,1.98,-1.98,17.29,0.0,night_discharging
Zanjan,Zanjan,36.6736,48.4787,Summer,6 Aug,2,-31.35,150.56,0.0,0.0,0.0,0.0,180.0,0.0,0.0,0.0,0.0,0.0,0.0,0.0,1.98,-1.98,15.21,0.0,night_discharging
Zanjan,Zanjan,36.6736,48.4787,Summer,6 Aug,3,-24.18,136.46,0.0,0.0,0.0,0.0,180.0,0.0,0.0,0.0,0.0,0.0,0.0,0.0,1.98,-1.98,13.13,0.0,night_discharging
Zanjan,Zanjan,36.6736,48.4787,Summer,6 Aug,4,-15.04,124.67,0.0,0.0,0.0,0.0,180.0,0.0,0.0,0.0,0.0,0.0,0.0,0.0,1.98,-1.98,11.05,0.0,night_discharging
Zanjan,Zanjan,36.6736,48.4787,Summer,6 Aug,5,-4.58,114.65,0.0,0.0,0.0,0.0,180.0,0.0,0.0,0.0,0.0,0.0,0.0,0.0,1.58,-1.58,9.39,0.0,night_discharging
Zanjan,Zanjan,36.6736,48.4787,Summer,6 Aug,6,6.7,105.73,260.1,28.6,59.0,83.3,105.73,74.27,83.3,0.0,276.1,91.1,59.0,1.21,1.58,-0.37,9.0,0.0,day_discharging
Zanjan,Zanjan,36.6736,48.4787,Summer,6 Aug,7,18.48,97.28,569.9,46.7,227.3,71.52,97.28,82.72,71.52,0.0,600.6,229.7,227.3,2.64,1.16,1.48,10.41,0.0,day_charging
Zanjan,Zanjan,36.6736,48.4787,Summer,6 Aug,8,30.49,88.57,686.3,66.8,415.0,59.51,88.57,91.43,59.51,0.0,736.7,337.5,415.0,3.24,1.16,2.08,12.39,0.0,day_charging
Zanjan,Zanjan,36.6736,48.4787,Summer,6 Aug,9,42.43,78.58,741.8,85.1,585.5,47.57,78.58,101.42,47.57,0.0,813.0,425.1,585.5,3.58,1.16,2.42,14.69,0.0,day_charging
Zanjan,Zanjan,36.6736,48.4787,Summer,6 Aug,10,53.87,65.42,771.2,99.7,722.6,36.13,65.42,114.58,36.13,0.0,861.3,492.5,722.6,3.79,1.16,2.63,17.19,0.0,day_charging
Zanjan,Zanjan,36.6736,48.4787,Summer,6 Aug,11,63.8,45.03,786.6,109.7,815.5,26.2,45.03,134.97,26.2,0.0,890.6,537.2,815.5,3.92,1.16,2.76,19.81,0.0,day_charging
Zanjan,Zanjan,36.6736,48.4787,Summer,6 Aug,12,69.61,11.12,792.6,114.1,857.1,20.39,11.12,168.88,20.39,0.0,903.1,557.0,857.1,3.97,1.16,2.81,22.48,0.0,day_charging
Zanjan,Zanjan,36.6736,48.4787,Summer,6 Aug,13,67.7,331.26,790.8,112.8,844.4,22.3,331.26,-151.26,22.3,0.0,899.4,551.0,844.4,3.96,1.16,2.8,25.14,0.0,day_charging
Zanjan,Zanjan,36.6736,48.4787,Summer,6 Aug,14,59.5,304.21,780.8,105.7,778.4,30.5,304.21,-124.21,30.5,0.0,879.2,519.4,778.4,3.87,1.16,2.71,27.71,0.0,day_charging
Zanjan,Zanjan,36.6736,48.4787,Summer,6 Aug,15,48.67,287.9,759.8,93.5,664.0,41.33,287.9,-107.9,41.33,0.0,841.6,463.9,664.0,3.7,1.16,2.54,30.12,0.0,day_charging
Zanjan,Zanjan,36.6736,48.4787,Summer,6 Aug,16,36.92,276.54,720.5,76.9,509.7,53.08,276.54,-96.54,53.08,0.0,782.1,386.9,509.7,3.44,1.16,2.28,32.29,0.0,day_charging
Zanjan,Zanjan,36.6736,48.4787,Summer,6 Aug,17,24.91,267.31,643.9,57.5,328.7,65.09,267.31,-87.31,65.09,0.0,684.8,290.2,328.7,3.01,1.16,0.71,32.96,0.0,day_charging
Zanjan,Zanjan,36.6736,48.4787,Summer,6 Aug,18,12.98,258.82,466.8,37.6,142.4,77.02,258.82,-78.82,77.02,0.0,489.8,170.6,142.4,2.16,1.58,0.04,33.0,0.0,day_idle
Zanjan,Zanjan,36.6736,48.4787,Summer,6 Aug,19,1.39,250.23,22.9,25.1,25.6,85.0,250.23,-70.23,85.0,0.0,35.8,27.7,25.6,0.16,1.58,-1.42,31.51,0.0,day_discharging
Zanjan,Zanjan,36.6736,48.4787,Summer,6 Aug,20,-9.56,240.88,0.0,0.0,0.0,0.0,180.0,0.0,0.0,0.0,0.0,0.0,0.0,0.0,1.98,-1.98,29.43,0.0,night_discharging
Zanjan,Zanjan,36.6736,48.4787,Summer,6 Aug,21,-19.48,230.12,0.0,0.0,0.0,0.0,180.0,0.0,0.0,0.0,0.0,0.0,0.0,0.0,1.98,-1.98,27.35,0.0,night_discharging
Zanjan,Zanjan,36.6736,48.4787,Summer,6 Aug,22,-27.8,217.31,0.0,0.0,0.0,0.0,180.0,0.0,0.0,0.0,0.0,0.0,0.0,0.0,1.98,-1.98,25.27,0.0,night_discharging
Zanjan,Zanjan,36.6736,48.4787,Summer,6 Aug,23,-33.78,202.07,0.0,0.0,0.0,0.0,180.0,0.0,0.0,0.0,0.0,0.0,0.0,0.0,1.98,-1.98,23.19,0.0,night_discharging
Zanjan,Zanjan,36.6736,48.4787,Autumn,6 Nov,0,-69.02,169.15,0.0,0.0,0.0,0.0,180.0,0.0,0.0,0.0,0.0,0.0,0.0,0.0,1.98,-1.98,19.37,0.0,night_discharging
Zanjan,Zanjan,36.6736,48.4787,Autumn,6 Nov,1,-67.15,151.88,0.0,0.0,0.0,0.0,180.0,0.0,0.0,0.0,0.0,0.0,0.0,0.0,1.98,-1.98,17.29,0.0,night_discharging
Zanjan,Zanjan,36.6736,48.4787,Autumn,6 Nov,2,-59.06,125.02,0.0,0.0,0.0,0.0,180.0,0.0,0.0,0.0,0.0,0.0,0.0,0.0,1.98,-1.98,15.21,0.0,night_discharging
Zanjan,Zanjan,36.6736,48.4787,Autumn,6 Nov,3,-48.3,108.62,0.0,0.0,0.0,0.0,180.0,0.0,0.0,0.0,0.0,0.0,0.0,0.0,1.98,-1.98,13.13,0.0,night_discharging
Zanjan,Zanjan,36.6736,48.4787,Autumn,6 Nov,4,-36.58,97.16,0.0,0.0,0.0,0.0,180.0,0.0,0.0,0.0,0.0,0.0,0.0,0.0,1.98,-1.98,11.05,0.0,night_discharging
Zanjan,Zanjan,36.6736,48.4787,Autumn,6 Nov,5,-24.58,87.86,0.0,0.0,0.0,0.0,180.0,0.0,0.0,0.0,0.0,0.0,0.0,0.0,1.58,-1.58,9.39,0.0,night_discharging
Zanjan,Zanjan,36.6736,48.4787,Autumn,6 Nov,6,-12.63,79.32,0.0,0.0,0.0,0.0,180.0,0.0,0.0,0.0,0.0,0.0,0.0,0.0,1.58,-1.58,7.73,0.0,night_discharging
Zanjan,Zanjan,36.6736,48.4787,Autumn,6 Nov,7,-1.02,70.7,0.0,0.0,0.0,0.0,180.0,0.0,0.0,0.0,0.0,0.0,0.0,0.0,1.16,-0.56,7.17,0.6,night_idle
Zanjan,Zanjan,36.6736,48.4787,Autumn,6 Nov,8,9.97,61.33,383.5,33.0,99.4,80.03,61.33,118.67,80.03,0.0,402.9,30.0,99.4,1.77,1.16,0.61,7.75,0.0,day_charging
Zanjan,Zanjan,36.6736,48.4787,Autumn,6 Nov,9,19.94,50.53,589.9,49.1,250.3,70.06,50.53,129.47,70.06,0.0,622.9,44.7,250.3,2.74,1.16,1.58,9.25,0.0,day_charging
Zanjan,Zanjan,36.6736,48.4787,Autumn,6 Nov,10,28.32,37.66,671.6,63.2,381.8,61.68,37.66,142.34,61.68,0.0,718.2,57.5,381.8,3.16,1.16,2.0,11.15,0.0,day_charging
Zanjan,Zanjan,36.6736,48.4787,Autumn,6 Nov,11,34.35,22.3,708.3,73.0,472.6,55.65,22.3,157.7,55.65,0.0,765.4,83.4,472.6,3.37,1.16,2.21,13.25,0.0,day_charging
Zanjan,Zanjan,36.6736,48.4787,Autumn,6 Nov,12,37.19,4.85,721.7,77.4,513.6,52.81,4.85,175.15,52.81,0.0,783.8,99.1,513.6,3.45,1.16,2.29,15.43,0.0,day_charging
Zanjan,Zanjan,36.6736,48.4787,Autumn,6 Nov,13,36.32,346.87,717.8,76.0,501.1,53.68,346.87,-166.87,53.68,0.0,778.3,94.3,501.1,3.42,1.16,2.26,17.58,0.0,day_charging
Zanjan,Zanjan,36.6736,48.4787,Autumn,6 Nov,14,31.9,330.27,695.0,69.1,436.3,58.1,330.27,-150.27,58.1,0.0,747.8,69.8,436.3,3.29,1.16,2.13,19.6,0.0,day_charging
Zanjan,Zanjan,36.6736,48.4787,Autumn,6 Nov,15,24.67,316.08,641.8,57.1,325.1,65.33,316.08,-136.08,65.33,0.0,682.3,52.0,325.1,3.0,1.16,1.84,21.35,0.0,day_charging
Zanjan,Zanjan,36.6736,48.4787,Autumn,6 Nov,16,15.47,304.24,519.8,41.6,180.3,74.53,304.24,-124.24,74.53,0.0,546.2,37.9,180.3,2.4,1.16,1.24,22.53,0.0,day_charging
Zanjan,Zanjan,36.6736,48.4787,Autumn,6 Nov,17,4.97,294.19,179.3,26.9,42.4,85.0,294.19,-114.19,85.0,0.0,193.9,24.4,42.4,0.85,1.16,-0.31,22.2,0.0,day_discharging
Zanjan,Zanjan,36.6736,48.4787,Autumn,6 Nov,18,-6.35,285.25,0.0,0.0,0.0,0.0,180.0,0.0,0.0,0.0,0.0,0.0,0.0,0.0,1.58,-1.58,20.54,0.0,night_discharging
Zanjan,Zanjan,36.6736,48.4787,Autumn,6 Nov,19,-18.15,276.75,0.0,0.0,0.0,0.0,180.0,0.0,0.0,0.0,0.0,0.0,0.0,0.0,1.58,-1.58,18.88,0.0,night_discharging
Zanjan,Zanjan,36.6736,48.4787,Autumn,6 Nov,20,-30.16,267.98,0.0,0.0,0.0,0.0,180.0,0.0,0.0,0.0,0.0,0.0,0.0,0.0,1.98,-1.98,16.8,0.0,night_discharging
Zanjan,Zanjan,36.6736,48.4787,Autumn,6 Nov,21,-42.08,257.91,0.0,0.0,0.0,0.0,180.0,0.0,0.0,0.0,0.0,0.0,0.0,0.0,1.98,-1.98,14.72,0.0,night_discharging
Zanjan,Zanjan,36.6736,48.4787,Autumn,6 Nov,22,-53.48,244.65,0.0,0.0,0.0,0.0,180.0,0.0,0.0,0.0,0.0,0.0,0.0,0.0,1.98,-1.98,12.64,0.0,night_discharging
Zanjan,Zanjan,36.6736,48.4787,Autumn,6 Nov,23,-63.32,224.24,0.0,0.0,0.0,0.0,180.0,0.0,0.0,0.0,0.0,0.0,0.0,0.0,1.98,-1.98,10.56,0.0,night_discharging
Zanjan,Zanjan,36.6736,48.4787,Winter,4 Feb,0,-69.22,169.06,0.0,0.0,0.0,0.0,180.0,0.0,0.0,0.0,0.0,0.0,0.0,0.0,1.98,-1.98,19.37,0.0,night_discharging
Zanjan,Zanjan,36.6736,48.4787,Winter,4 Feb,1,-67.33,151.67,0.0,0.0,0.0,0.0,180.0,0.0,0.0,0.0,0.0,0.0,0.0,0.0,1.98,-1.98,17.29,0.0,night_discharging
Zanjan,Zanjan,36.6736,48.4787,Winter,4 Feb,2,-59.21,124.75,0.0,0.0,0.0,0.0,180.0,0.0,0.0,0.0,0.0,0.0,0.0,0.0,1.98,-1.98,15.21,0.0,night_discharging
Zanjan,Zanjan,36.6736,48.4787,Winter,4 Feb,3,-48.43,108.38,0.0,0.0,0.0,0.0,180.0,0.0,0.0,0.0,0.0,0.0,0.0,0.0,1.98,-1.98,13.13,0.0,night_discharging
Zanjan,Zanjan,36.6736,48.4787,Winter,4 Feb,4,-36.7,96.96,0.0,0.0,0.0,0.0,180.0,0.0,0.0,0.0,0.0,0.0,0.0,0.0,1.98,-1.98,11.05,0.0,night_discharging
Zanjan,Zanjan,36.6736,48.4787,Winter,4 Feb,5,-24.69,87.68,0.0,0.0,0.0,0.0,180.0,0.0,0.0,0.0,0.0,0.0,0.0,0.0,1.58,-1.58,9.39,0.0,night_discharging
Zanjan,Zanjan,36.6736,48.4787,Winter,4 Feb,6,-12.75,79.15,0.0,0.0,0.0,0.0,180.0,0.0,0.0,0.0,0.0,0.0,0.0,0.0,1.58,-1.58,7.73,0.0,night_discharging
Zanjan,Zanjan,36.6736,48.4787,Winter,4 Feb,7,-1.14,70.55,0.0,0.0,0.0,0.0,180.0,0.0,0.0,0.0,0.0,0.0,0.0,0.0,1.16,-0.56,7.17,0.6,night_idle
Zanjan,Zanjan,36.6736,48.4787,Winter,4 Feb,8,9.83,61.18,379.1,32.8,97.5,80.17,61.18,118.82,80.17,0.0,398.3,29.8,97.5,1.75,1.16,0.59,7.73,0.0,day_charging
Zanjan,Zanjan,36.6736,48.4787,Winter,4 Feb,9,19.78,50.39,587.9,48.9,247.9,70.22,50.39,129.61,70.22,0.0,620.6,44.5,247.9,2.73,1.16,1.57,9.22,0.0,day_charging
Zanjan,Zanjan,36.6736,48.4787,Winter,4 Feb,10,28.15,37.54,670.4,62.9,379.2,61.85,37.54,142.46,61.85,0.0,716.7,57.3,379.2,3.15,1.16,1.99,11.11,0.0,day_charging
Zanjan,Zanjan,36.6736,48.4787,Winter,4 Feb,11,34.16,22.22,707.4,72.7,469.9,55.84,22.22,157.78,55.84,0.0,764.1,80.7,469.9,3.36,1.16,2.2,13.2,0.0,day_charging
Zanjan,Zanjan,36.6736,48.4787,Winter,4 Feb,12,36.99,4.84,720.8,77.0,510.8,53.01,4.84,175.16,53.01,0.0,782.6,96.3,510.8,3.44,1.16,2.28,15.37,0.0,day_charging
Zanjan,Zanjan,36.6736,48.4787,Winter,4 Feb,13,36.12,346.91,716.9,75.7,498.3,53.88,346.91,-166.91,53.88,0.0,777.1,91.5,498.3,3.42,1.16,2.26,17.52,0.0,day_charging
Zanjan,Zanjan,36.6736,48.4787,Winter,4 Feb,14,31.72,330.36,693.9,68.8,433.6,58.28,330.36,-150.36,58.28,0.0,746.4,67.1,433.6,3.28,1.16,2.12,19.53,0.0,day_charging
Zanjan,Zanjan,36.6736,48.4787,Winter,4 Feb,15,24.51,316.2,640.3,56.9,322.5,65.49,316.2,-136.2,65.49,0.0,680.5,51.7,322.5,2.99,1.16,1.83,21.27,0.0,day_charging
Zanjan,Zanjan,36.6736,48.4787,Winter,4 Feb,16,15.33,304.38,517.0,41.4,178.1,74.67,304.38,-124.38,74.67,0.0,543.2,37.7,178.1,2.39,1.16,1.23,22.44,0.0,day_charging
Zanjan,Zanjan,36.6736,48.4787,Winter,4 Feb,17,4.84,294.34,172.9,26.8,41.3,85.0,294.34,-114.34,85.0,0.0,187.4,24.3,41.3,0.82,1.16,-0.34,22.08,0.0,day_discharging
Zanjan,Zanjan,36.6736,48.4787,Winter,4 Feb,18,-6.47,285.41,0.0,0.0,0.0,0.0,180.0,0.0,0.0,0.0,0.0,0.0,0.0,0.0,1.58,-1.58,20.42,0.0,night_discharging
Zanjan,Zanjan,36.6736,48.4787,Winter,4 Feb,19,-18.26,276.93,0.0,0.0,0.0,0.0,180.0,0.0,0.0,0.0,0.0,0.0,0.0,0.0,1.58,-1.58,18.76,0.0,night_discharging
Zanjan,Zanjan,36.6736,48.4787,Winter,4 Feb,20,-30.27,268.18,0.0,0.0,0.0,0.0,180.0,0.0,0.0,0.0,0.0,0.0,0.0,0.0,1.98,-1.98,16.68,0.0,night_discharging
Zanjan,Zanjan,36.6736,48.4787,Winter,4 Feb,21,-42.2,258.13,0.0,0.0,0.0,0.0,180.0,0.0,0.0,0.0,0.0,0.0,0.0,0.0,1.98,-1.98,14.6,0.0,night_discharging
Zanjan,Zanjan,36.6736,48.4787,Winter,4 Feb,22,-53.61,244.91,0.0,0.0,0.0,0.0,180.0,0.0,0.0,0.0,0.0,0.0,0.0,0.0,1.98,-1.98,12.52,0.0,night_discharging
Zanjan,Zanjan,36.6736,48.4787,Winter,4 Feb,23,-63.48,224.5,0.0,0.0,0.0,0.0,180.0,0.0,0.0,0.0,0.0,0.0,0.0,0.0,1.98,-1.98,10.44,0.0,night_discharging
Alborz,Karaj,35.84,50.9391,Spring,5 May,0,-37.84,178.1,0.0,0.0,0.0,0.0,180.0,0.0,0.0,0.0,0.0,0.0,0.0,0.0,1.8,-1.8,18.91,0.0,night_discharging
Alborz,Karaj,35.84,50.9391,Spring,5 May,1,-36.33,163.93,0.0,0.0,0.0,0.0,180.0,0.0,0.0,0.0,0.0,0.0,0.0,0.0,1.8,-1.8,17.02,0.0,night_discharging
Alborz,Karaj,35.84,50.9391,Spring,5 May,2,-31.32,147.65,0.0,0.0,0.0,0.0,180.0,0.0,0.0,0.0,0.0,0.0,0.0,0.0,1.8,-1.8,15.13,0.0,night_discharging
Alborz,Karaj,35.84,50.9391,Spring,5 May,3,-23.62,133.92,0.0,0.0,0.0,0.0,180.0,0.0,0.0,0.0,0.0,0.0,0.0,0.0,1.8,-1.8,13.24,0.0,night_discharging
Alborz,Karaj,35.84,50.9391,Spring,5 May,4,-14.06,122.53,0.0,0.0,0.0,0.0,180.0,0.0,0.0,0.0,0.0,0.0,0.0,0.0,1.8,-1.8,11.35,0.0,night_discharging
Alborz,Karaj,35.84,50.9391,Spring,5 May,5,-3.29,112.85,0.0,0.0,0.0,0.0,180.0,0.0,0.0,0.0,0.0,0.0,0.0,0.0,1.44,-1.44,9.83,0.0,night_discharging
Alborz,Karaj,35.84,50.9391,Spring,5 May,6,8.23,104.2,322.7,30.5,76.7,81.77,104.2,75.8,81.77,0.0,340.1,110.0,76.7,1.5,1.44,0.06,9.89,0.0,day_charging
Alborz,Karaj,35.84,50.9391,Spring,5 May,7,20.19,95.93,593.2,49.6,254.3,69.81,95.93,84.07,69.81,0.0,626.5,247.2,254.3,2.76,1.25,1.51,11.32,0.0,day_charging
Alborz,Karaj,35.84,50.9391,Spring,5 May,8,32.34,87.28,697.5,69.8,442.8,57.66,87.28,92.72,57.66,0.0,751.0,357.4,442.8,3.3,1.25,2.05,13.27,0.0,day_charging
Alborz,Karaj,35.84,50.9391,Spring,5 May,9,44.37,77.16,748.0,87.8,610.8,45.63,77.16,102.84,45.63,0.0,822.5,447.5,610.8,3.62,1.25,2.37,15.52,0.0,day_charging
Alborz,Karaj,35.84,50.9391,Spring,5 May,10,55.82,63.42,774.8,101.9,742.9,34.18,63.42,116.58,34.18,0.0,867.9,515.7,742.9,3.82,1.25,2.57,17.96,0.0,day_charging
Alborz,Karaj,35.84,50.9391,Spring,5 May,11,65.52,41.32,788.5,111.1,828.8,24.48,41.32,138.68,24.48,0.0,894.7,559.4,828.8,3.94,1.25,2.69,20.52,0.0,day_charging
Alborz,Karaj,35.84,50.9391,Spring,5 May,12,70.41,4.47,793.2,114.7,862.0,19.59,4.47,175.53,19.59,0.0,904.6,576.2,862.0,3.98,1.25,2.73,23.11,0.0,day_charging
Alborz,Karaj,35.84,50.9391,Spring,5 May,13,67.09,325.04,790.2,112.3,840.2,22.91,325.04,-145.04,22.91,0.0,898.1,565.2,840.2,3.95,1.25,2.7,25.68,0.0,day_charging
Alborz,Karaj,35.84,50.9391,Spring,5 May,14,58.05,300.26,778.6,104.3,764.9,31.95,300.26,-120.26,31.95,0.0,874.9,526.9,764.9,3.85,1.25,2.6,28.15,0.0,day_charging
Alborz,Karaj,35.84,50.9391,Spring,5 May,15,46.83,285.3,755.0,91.1,641.7,43.17,285.3,-105.3,43.17,0.0,833.8,463.6,641.7,3.67,1.25,2.42,30.45,0.0,day_charging
Alborz,Karaj,35.84,50.9391,Spring,5 May,16,34.86,274.66,710.9,73.8,480.1,55.14,274.66,-94.66,55.14,0.0,768.9,377.8,480.1,3.38,1.25,1.55,31.92,0.0,day_charging
Alborz,Karaj,35.84,50.9391,Spring,5 May,17,22.71,265.81,622.5,53.8,294.2,67.29,265.81,-85.81,67.29,0.0,659.8,271.9,294.2,2.9,1.25,0.08,32.0,0.0,day_charging
Alborz,Karaj,35.84,50.9391,Spring,5 May,18,10.69,257.53,405.9,34.0,109.3,79.31,257.53,-77.53,79.31,0.0,426.1,141.7,109.3,1.87,1.44,0.0,32.0,0.0,day_idle
Alborz,Karaj,35.84,50.9391,Spring,5 May,19,-0.95,249.01,0.0,0.0,0.0,0.0,180.0,0.0,0.0,0.0,0.0,0.0,0.0,0.0,1.44,-1.44,30.48,0.0,night_discharging
Alborz,Karaj,35.84,50.9391,Spring,5 May,20,-11.9,239.6,0.0,0.0,0.0,0.0,180.0,0.0,0.0,0.0,0.0,0.0,0.0,0.0,1.8,-1.8,28.59,0.0,night_discharging
Alborz,Karaj,35.84,50.9391,Spring,5 May,21,-21.76,228.62,0.0,0.0,0.0,0.0,180.0,0.0,0.0,0.0,0.0,0.0,0.0,0.0,1.8,-1.8,26.7,0.0,night_discharging
Alborz,Karaj,35.84,50.9391,Spring,5 May,22,-29.91,215.42,0.0,0.0,0.0,0.0,180.0,0.0,0.0,0.0,0.0,0.0,0.0,0.0,1.8,-1.8,24.81,0.0,night_discharging
Alborz,Karaj,35.84,50.9391,Spring,5 May,23,-35.55,199.65,0.0,0.0,0.0,0.0,180.0,0.0,0.0,0.0,0.0,0.0,0.0,0.0,1.8,-1.8,22.92,0.0,night_discharging
Alborz,Karaj,35.84,50.9391,Summer,6 Aug,0,-37.54,178.11,0.0,0.0,0.0,0.0,180.0,0.0,0.0,0.0,0.0,0.0,0.0,0.0,1.8,-1.8,18.91,0.0,night_discharging
Alborz,Karaj,35.84,50.9391,Summer,6 Aug,1,-36.04,164.01,0.0,0.0,0.0,0.0,180.0,0.0,0.0,0.0,0.0,0.0,0.0,0.0,1.8,-1.8,17.02,0.0,night_discharging
Alborz,Karaj,35.84,50.9391,Summer,6 Aug,2,-31.05,147.81,0.0,0.0,0.0,0.0,180.0,0.0,0.0,0.0,0.0,0.0,0.0,0.0,1.8,-1.8,15.13,0.0,night_discharging
Alborz,Karaj,35.84,50.9391,Summer,6 Aug,3,-23.38,134.12,0.0,0.0,0.0,0.0,180.0,0.0,0.0,0.0,0.0,0.0,0.0,0.0,1.8,-1.8,13.24,0.0,night_discharging
Alborz,Karaj,35.84,50.9391,Summer,6 Aug,4,-13.85,122.75,0.0,0.0,0.0,0.0,180.0,0.0,0.0,0.0,0.0,0.0,0.0,0.0,1.8,-1.8,11.35,0.0,night_discharging
Alborz,Karaj,35.84,50.9391,Summer,6 Aug,5,-3.1,113.09,0.0,0.0,0.0,0.0,180.0,0.0,0.0,0.0,0.0,0.0,0.0,0.0,1.44,-1.44,9.83,0.0,night_discharging
Alborz,Karaj,35.84,50.9391,Summer,6 Aug,6,8.4,104.45,329.2,30.8,78.9,81.6,104.45,75.55,81.6,0.0,346.8,113.5,78.9,1.53,1.44,0.09,9.92,0.0,day_charging
Alborz,Karaj,35.84,50.9391,Summer,6 Aug,7,20.35,96.2,595.3,49.8,256.9,69.65,96.2,83.8,69.65,0.0,628.9,250.9,256.9,2.77,1.25,1.52,11.36,0.0,day_charging
Alborz,Karaj,35.84,50.9391,Summer,6 Aug,8,32.5,87.58,698.4,70.0,445.2,57.5,87.58,92.42,57.5,0.0,752.2,361.2,445.2,3.31,1.25,2.06,13.32,0.0,day_charging
Alborz,Karaj,35.84,50.9391,Summer,6 Aug,9,44.54,77.5,748.5,88.0,613.0,45.46,77.5,102.5,45.46,0.0,823.3,451.2,613.0,3.62,1.25,2.37,15.57,0.0,day_charging
Alborz,Karaj,35.84,50.9391,Summer,6 Aug,10,56.02,63.83,775.2,102.1,744.9,33.98,63.83,116.17,33.98,0.0,868.6,519.4,744.9,3.82,1.25,2.57,18.01,0.0,day_charging
Alborz,Karaj,35.84,50.9391,Summer,6 Aug,11,65.77,41.73,788.8,111.3,830.6,24.23,41.73,138.27,24.23,0.0,895.2,563.1,830.6,3.94,1.25,2.69,20.57,0.0,day_charging
Alborz,Karaj,35.84,50.9391,Summer,6 Aug,12,70.71,4.53,793.5,114.9,863.8,19.29,4.53,175.47,19.29,0.0,905.1,579.8,863.8,3.98,1.25,2.73,23.16,0.0,day_charging
Alborz,Karaj,35.84,50.9391,Summer,6 Aug,13,67.35,324.67,790.4,112.5,842.0,22.65,324.67,-144.67,22.65,0.0,898.6,568.8,842.0,3.95,1.25,2.7,25.73,0.0,day_charging
Alborz,Karaj,35.84,50.9391,Summer,6 Aug,14,58.25,299.84,778.9,104.5,766.8,31.75,299.84,-119.84,31.75,0.0,875.5,530.6,766.8,3.85,1.25,2.6,28.2,0.0,day_charging
Alborz,Karaj,35.84,50.9391,Summer,6 Aug,15,47.0,284.94,755.5,91.3,643.8,43.0,284.94,-104.94,43.0,0.0,834.5,467.3,643.8,3.67,1.25,2.42,30.5,0.0,day_charging
Alborz,Karaj,35.84,50.9391,Summer,6 Aug,16,35.02,274.35,711.7,74.0,482.4,54.98,274.35,-94.35,54.98,0.0,769.9,381.6,482.4,3.39,1.25,1.5,31.93,0.0,day_charging
Alborz,Karaj,35.84,50.9391,Summer,6 Aug,17,22.87,265.54,624.2,54.1,296.7,67.13,265.54,-85.54,67.13,0.0,661.7,275.6,296.7,2.91,1.25,0.07,32.0,0.0,day_charging
Alborz,Karaj,35.84,50.9391,Summer,6 Aug,18,10.86,257.28,410.9,34.3,111.7,79.14,257.28,-77.28,79.14,0.0,431.3,145.3,111.7,1.9,1.44,0.0,32.0,0.0,day_idle
Alborz,Karaj,35.84,50.9391,Summer,6 Aug,19,-0.76,248.77,0.0,0.0,0.0,0.0,180.0,0.0,0.0,0.0,0.0,0.0,0.0,0.0,1.44,-1.44,30.48,0.0,night_discharging
Alborz,Karaj,35.84,50.9391,Summer,6 Aug,20,-11.69,239.38,0.0,0.0,0.0,0.0,180.0,0.0,0.0,0.0,0.0,0.0,0.0,0.0,1.8,-1.8,28.59,0.0,night_discharging
Alborz,Karaj,35.84,50.9391,Summer,6 Aug,21,-21.52,228.42,0.0,0.0,0.0,0.0,180.0,0.0,0.0,0.0,0.0,0.0,0.0,0.0,1.8,-1.8,26.7,0.0,night_discharging
Alborz,Karaj,35.84,50.9391,Summer,6 Aug,22,-29.65,215.25,0.0,0.0,0.0,0.0,180.0,0.0,0.0,0.0,0.0,0.0,0.0,0.0,1.8,-1.8,24.81,0.0,night_discharging
Alborz,Karaj,35.84,50.9391,Summer,6 Aug,23,-35.27,199.55,0.0,0.0,0.0,0.0,180.0,0.0,0.0,0.0,0.0,0.0,0.0,0.0,1.8,-1.8,22.92,0.0,night_discharging
Alborz,Karaj,35.84,50.9391,Autumn,6 Nov,0,-70.11,175.59,0.0,0.0,0.0,0.0,180.0,0.0,0.0,0.0,0.0,0.0,0.0,0.0,1.8,-1.8,18.91,0.0,night_discharging
Alborz,Karaj,35.84,50.9391,Autumn,6 Nov,1,-66.82,145.41,0.0,0.0,0.0,0.0,180.0,0.0,0.0,0.0,0.0,0.0,0.0,0.0,1.8,-1.8,17.02,0.0,night_discharging
Alborz,Karaj,35.84,50.9391,Autumn,6 Nov,2,-57.84,120.67,0.0,0.0,0.0,0.0,180.0,0.0,0.0,0.0,0.0,0.0,0.0,0.0,1.8,-1.8,15.13,0.0,night_discharging
Alborz,Karaj,35.84,50.9391,Autumn,6 Nov,3,-46.65,105.66,0.0,0.0,0.0,0.0,180.0,0.0,0.0,0.0,0.0,0.0,0.0,0.0,1.8,-1.8,13.24,0.0,night_discharging
Alborz,Karaj,35.84,50.9391,Autumn,6 Nov,4,-34.7,94.96,0.0,0.0,0.0,0.0,180.0,0.0,0.0,0.0,0.0,0.0,0.0,0.0,1.8,-1.8,11.35,0.0,night_discharging
Alborz,Karaj,35.84,50.9391,Autumn,6 Nov,5,-22.55,86.09,0.0,0.0,0.0,0.0,180.0,0.0,0.0,0.0,0.0,0.0,0.0,0.0,1.44,-1.44,9.83,0.0,night_discharging
Alborz,Karaj,35.84,50.9391,Autumn,6 Nov,6,-10.52,77.78,0.0,0.0,0.0,0.0,180.0,0.0,0.0,0.0,0.0,0.0,0.0,0.0,1.44,-1.44,8.31,0.0,night_discharging
Alborz,Karaj,35.84,50.9391,Autumn,6 Nov,7,1.13,69.25,16.7,25.0,25.4,85.0,69.25,110.75,85.0,0.0,29.4,22.9,25.4,0.13,1.25,-1.12,7.17,0.0,day_discharging
Alborz,Karaj,35.84,50.9391,Autumn,6 Nov,8,12.11,59.82,445.2,36.2,129.6,77.89,59.82,120.18,77.89,0.0,467.1,33.1,129.6,2.06,1.25,0.81,7.94,0.0,day_charging
Alborz,Karaj,35.84,50.9391,Autumn,6 Nov,9,21.99,48.83,614.6,52.6,282.7,68.01,48.83,131.17,68.01,0.0,650.8,48.1,282.7,2.86,1.25,1.61,9.47,0.0,day_charging
Alborz,Karaj,35.84,50.9391,Autumn,6 Nov,10,30.17,35.59,684.3,66.3,410.2,59.83,35.59,144.41,59.83,0.0,734.1,76.7,410.2,3.23,1.25,1.98,11.35,0.0,day_charging
Alborz,Karaj,35.84,50.9391,Autumn,6 Nov,11,35.84,19.75,715.6,75.3,494.3,54.16,19.75,160.25,54.16,0.0,775.3,110.9,494.3,3.41,1.25,2.16,13.4,0.0,day_charging
Alborz,Karaj,35.84,50.9391,Autumn,6 Nov,12,38.14,1.91,725.8,78.8,527.0,51.86,1.91,178.09,51.86,0.0,789.5,124.6,527.0,3.47,1.25,2.22,15.51,0.0,day_charging
Alborz,Karaj,35.84,50.9391,Autumn,6 Nov,13,36.62,343.84,719.2,76.5,505.5,53.38,343.84,-163.84,53.38,0.0,780.3,115.6,505.5,3.43,1.25,2.18,17.58,0.0,day_charging
Alborz,Karaj,35.84,50.9391,Autumn,6 Nov,14,31.59,327.49,693.1,68.6,431.6,58.41,327.49,-147.49,58.41,0.0,745.4,85.3,431.6,3.28,1.25,2.03,19.51,0.0,day_charging
Alborz,Karaj,35.84,50.9391,Autumn,6 Nov,15,23.86,313.72,634.1,55.8,312.2,66.14,313.72,-133.72,66.14,0.0,673.2,51.0,312.2,2.96,1.25,1.71,21.13,0.0,day_charging
Alborz,Karaj,35.84,50.9391,Autumn,6 Nov,16,14.27,302.31,495.8,39.7,161.9,75.73,302.31,-122.31,75.73,0.0,520.5,36.3,161.9,2.29,1.25,1.04,22.12,0.0,day_charging
Alborz,Karaj,35.84,50.9391,Autumn,6 Nov,17,3.48,292.62,105.9,25.8,32.2,85.0,292.62,-112.62,85.0,0.0,119.6,23.6,32.2,0.53,1.25,-0.72,21.36,0.0,day_discharging
Alborz,Karaj,35.84,50.9391,Autumn,6 Nov,18,-8.06,283.95,0.0,0.0,0.0,0.0,180.0,0.0,0.0,0.0,0.0,0.0,0.0,0.0,1.44,-1.44,19.84,0.0,night_discharging
Alborz,Karaj,35.84,50.9391,Autumn,6 Nov,19,-20.03,275.66,0.0,0.0,0.0,0.0,180.0,0.0,0.0,0.0,0.0,0.0,0.0,0.0,1.44,-1.44,18.32,0.0,night_discharging
Alborz,Karaj,35.84,50.9391,Autumn,6 Nov,20,-32.17,266.98,0.0,0.0,0.0,0.0,180.0,0.0,0.0,0.0,0.0,0.0,0.0,0.0,1.8,-1.8,16.43,0.0,night_discharging
Alborz,Karaj,35.84,50.9391,Autumn,6 Nov,21,-44.2,256.81,0.0,0.0,0.0,0.0,180.0,0.0,0.0,0.0,0.0,0.0,0.0,0.0,1.8,-1.8,14.54,0.0,night_discharging
Alborz,Karaj,35.84,50.9391,Autumn,6 Nov,22,-55.63,243.02,0.0,0.0,0.0,0.0,180.0,0.0,0.0,0.0,0.0,0.0,0.0,0.0,1.8,-1.8,12.65,0.0,night_discharging
Alborz,Karaj,35.84,50.9391,Autumn,6 Nov,23,-65.27,220.92,0.0,0.0,0.0,0.0,180.0,0.0,0.0,0.0,0.0,0.0,0.0,0.0,1.8,-1.8,10.76,0.0,night_discharging
Alborz,Karaj,35.84,50.9391,Winter,4 Feb,0,-70.31,175.55,0.0,0.0,0.0,0.0,180.0,0.0,0.0,0.0,0.0,0.0,0.0,0.0,1.8,-1.8,18.91,0.0,night_discharging
Alborz,Karaj,35.84,50.9391,Winter,4 Feb,1,-67.0,145.17,0.0,0.0,0.0,0.0,180.0,0.0,0.0,0.0,0.0,0.0,0.0,0.0,1.8,-1.8,17.02,0.0,night_discharging
Alborz,Karaj,35.84,50.9391,Winter,4 Feb,2,-57.98,120.4,0.0,0.0,0.0,0.0,180.0,0.0,0.0,0.0,0.0,0.0,0.0,0.0,1.8,-1.8,15.13,0.0,night_discharging
Alborz,Karaj,35.84,50.9391,Winter,4 Feb,3,-46.77,105.42,0.0,0.0,0.0,0.0,180.0,0.0,0.0,0.0,0.0,0.0,0.0,0.0,1.8,-1.8,13.24,0.0,night_discharging
Alborz,Karaj,35.84,50.9391,Winter,4 Feb,4,-34.81,94.76,0.0,0.0,0.0,0.0,180.0,0.0,0.0,0.0,0.0,0.0,0.0,0.0,1.8,-1.8,11.35,0.0,night_discharging
Alborz,Karaj,35.84,50.9391,Winter,4 Feb,5,-22.66,85.91,0.0,0.0,0.0,0.0,180.0,0.0,0.0,0.0,0.0,0.0,0.0,0.0,1.44,-1.44,9.83,0.0,night_discharging
Alborz,Karaj,35.84,50.9391,Winter,4 Feb,6,-10.64,77.61,0.0,0.0,0.0,0.0,180.0,0.0,0.0,0.0,0.0,0.0,0.0,0.0,1.44,-1.44,8.31,0.0,night_discharging
Alborz,Karaj,35.84,50.9391,Winter,4 Feb,7,1.01,69.09,14.1,25.0,25.3,85.0,69.09,110.91,85.0,0.0,26.8,22.9,25.3,0.12,1.25,-1.13,7.17,0.0,day_discharging
Alborz,Karaj,35.84,50.9391,Winter,4 Feb,8,11.97,59.67,441.6,36.0,127.6,78.03,59.67,120.33,78.03,0.0,463.4,32.9,127.6,2.04,1.25,0.79,7.92,0.0,day_charging
Alborz,Karaj,35.84,50.9391,Winter,4 Feb,9,21.83,48.69,612.9,52.4,280.3,68.17,48.69,131.31,68.17,0.0,648.8,47.9,280.3,2.85,1.25,1.6,9.44,0.0,day_charging
Alborz,Karaj,35.84,50.9391,Winter,4 Feb,10,30.0,35.48,683.2,66.0,407.6,60.0,35.48,144.52,60.0,0.0,732.7,74.1,407.6,3.22,1.25,1.97,11.31,0.0,day_charging
Alborz,Karaj,35.84,50.9391,Winter,4 Feb,11,35.65,19.68,714.7,75.0,491.5,54.35,19.68,160.32,54.35,0.0,774.1,108.1,491.5,3.41,1.25,2.16,13.36,0.0,day_charging
Alborz,Karaj,35.84,50.9391,Winter,4 Feb,12,37.94,1.9,724.9,78.5,524.2,52.06,1.9,178.1,52.06,0.0,788.3,121.8,524.2,3.47,1.25,2.22,15.47,0.0,day_charging
Alborz,Karaj,35.84,50.9391,Winter,4 Feb,13,36.43,343.9,718.3,76.2,502.7,53.57,343.9,-163.9,53.57,0.0,779.0,112.8,502.7,3.43,1.25,2.18,17.54,0.0,day_charging
Alborz,Karaj,35.84,50.9391,Winter,4 Feb,14,31.41,327.6,692.1,68.3,429.0,58.59,327.6,-147.6,58.59,0.0,744.0,82.6,429.0,3.27,1.25,2.02,19.46,0.0,day_charging
Alborz,Karaj,35.84,50.9391,Winter,4 Feb,15,23.7,313.86,632.5,55.5,309.7,66.3,313.86,-133.86,66.3,0.0,671.4,50.8,309.7,2.95,1.25,1.7,21.07,0.0,day_charging
Alborz,Karaj,35.84,50.9391,Winter,4 Feb,16,14.13,302.46,492.8,39.4,159.7,75.87,302.46,-122.46,75.87,0.0,517.4,36.1,159.7,2.28,1.25,1.03,22.05,0.0,day_charging
Alborz,Karaj,35.84,50.9391,Winter,4 Feb,17,3.36,292.77,99.9,25.7,31.6,85.0,292.77,-112.77,85.0,0.0,113.5,23.5,31.6,0.5,1.25,-0.75,21.26,0.0,day_discharging
Alborz,Karaj,35.84,50.9391,Winter,4 Feb,18,-8.17,284.12,0.0,0.0,0.0,0.0,180.0,0.0,0.0,0.0,0.0,0.0,0.0,0.0,1.44,-1.44,19.74,0.0,night_discharging
Alborz,Karaj,35.84,50.9391,Winter,4 Feb,19,-20.14,275.84,0.0,0.0,0.0,0.0,180.0,0.0,0.0,0.0,0.0,0.0,0.0,0.0,1.44,-1.44,18.22,0.0,night_discharging
Alborz,Karaj,35.84,50.9391,Winter,4 Feb,20,-32.28,267.18,0.0,0.0,0.0,0.0,180.0,0.0,0.0,0.0,0.0,0.0,0.0,0.0,1.8,-1.8,16.33,0.0,night_discharging
Alborz,Karaj,35.84,50.9391,Winter,4 Feb,21,-44.32,257.04,0.0,0.0,0.0,0.0,180.0,0.0,0.0,0.0,0.0,0.0,0.0,0.0,1.8,-1.8,14.44,0.0,night_discharging
Alborz,Karaj,35.84,50.9391,Winter,4 Feb,22,-55.76,243.29,0.0,0.0,0.0,0.0,180.0,0.0,0.0,0.0,0.0,0.0,0.0,0.0,1.8,-1.8,12.55,0.0,night_discharging
Alborz,Karaj,35.84,50.9391,Winter,4 Feb,23,-65.44,221.19,0.0,0.0,0.0,0.0,180.0,0.0,0.0,0.0,0.0,0.0,0.0,0.0,1.8,-1.8,10.66,0.0,night_discharging
Lorestan,Khorramabad,33.4878,48.3558,Spring,5 May,0,-40.06,174.8,0.0,0.0,0.0,0.0,180.0,0.0,0.0,0.0,0.0,0.0,0.0,0.0,1.8,-1.8,21.38,0.0,night_discharging
Lorestan,Khorramabad,33.4878,48.3558,Spring,5 May,1,-39.15,166.52,0.0,0.0,0.0,0.0,180.0,0.0,0.0,0.0,0.0,0.0,0.0,0.0,1.8,-1.8,19.49,0.0,night_discharging
Lorestan,Khorramabad,33.4878,48.3558,Spring,5 May,2,-34.44,149.5,0.0,0.0,0.0,0.0,180.0,0.0,0.0,0.0,0.0,0.0,0.0,0.0,1.8,-1.8,17.6,0.0,night_discharging
Lorestan,Khorramabad,33.4878,48.3558,Spring,5 May,3,-26.78,135.31,0.0,0.0,0.0,0.0,180.0,0.0,0.0,0.0,0.0,0.0,0.0,0.0,1.8,-1.8,15.71,0.0,night_discharging
Lorestan,Khorramabad,33.4878,48.3558,Spring,5 May,4,-17.12,123.78,0.0,0.0,0.0,0.0,180.0,0.0,0.0,0.0,0.0,0.0,0.0,0.0,1.8,-1.8,13.82,0.0,night_discharging
Lorestan,Khorramabad,33.4878,48.3558,Spring,5 May,5,-6.18,114.21,0.0,0.0,0.0,0.0,180.0,0.0,0.0,0.0,0.0,0.0,0.0,0.0,1.44,-1.44,12.3,0.0,night_discharging
Lorestan,Khorramabad,33.4878,48.3558,Spring,5 May,6,5.57,105.88,208.1,27.4,47.6,84.43,105.88,74.12,84.43,0.0,223.2,73.0,47.6,0.98,1.44,-0.46,11.82,0.0,day_discharging
Lorestan,Khorramabad,33.4878,48.3558,Spring,5 May,7,17.8,98.11,559.5,45.5,216.5,72.2,98.11,81.89,72.2,0.0,589.3,226.2,216.5,2.59,1.25,1.34,13.09,0.0,day_charging
Lorestan,Khorramabad,33.4878,48.3558,Spring,5 May,8,30.26,90.21,684.9,66.4,411.6,59.74,90.21,89.79,59.74,0.0,734.9,351.7,411.6,3.23,1.25,1.98,14.97,0.0,day_charging
Lorestan,Khorramabad,33.4878,48.3558,Spring,5 May,9,42.73,81.2,742.8,85.5,589.4,47.27,81.2,98.8,47.27,0.0,814.5,455.8,589.4,3.58,1.25,2.33,17.18,0.0,day_charging
Lorestan,Khorramabad,33.4878,48.3558,Spring,5 May,10,54.82,69.24,773.0,100.8,732.6,35.18,69.24,110.76,35.18,0.0,864.6,536.6,732.6,3.8,1.25,2.55,19.6,0.0,day_charging
Lorestan,Khorramabad,33.4878,48.3558,Spring,5 May,11,65.65,49.78,788.7,111.2,829.8,24.35,49.78,130.22,24.35,0.0,895.0,590.5,829.8,3.94,1.25,2.69,22.16,0.0,day_charging
Lorestan,Khorramabad,33.4878,48.3558,Spring,5 May,12,72.41,13.27,794.8,115.9,873.6,17.59,13.27,166.73,17.59,0.0,908.0,614.7,873.6,4.0,1.25,2.75,24.77,0.0,day_charging
Lorestan,Khorramabad,33.4878,48.3558,Spring,5 May,13,70.22,327.71,793.1,114.6,860.9,19.78,327.71,-147.71,19.78,0.0,904.3,607.7,860.9,3.98,1.25,2.73,27.36,0.0,day_charging
Lorestan,Khorramabad,33.4878,48.3558,Spring,5 May,14,61.07,300.08,783.0,107.2,792.6,28.93,300.08,-120.08,28.93,0.0,883.6,569.9,792.6,3.89,1.25,2.64,29.87,0.0,day_charging
Lorestan,Khorramabad,33.4878,48.3558,Spring,5 May,15,49.49,284.85,761.8,94.5,673.7,40.51,284.85,-104.85,40.51,0.0,844.9,503.5,673.7,3.72,1.25,2.47,32.22,0.0,day_charging
Lorestan,Khorramabad,33.4878,48.3558,Spring,5 May,16,37.17,274.55,721.6,77.3,513.3,52.83,274.55,-94.55,52.83,0.0,783.6,411.9,513.3,3.45,1.25,2.2,34.31,0.0,day_charging
Lorestan,Khorramabad,33.4878,48.3558,Spring,5 May,17,24.67,266.19,641.8,57.1,325.0,65.33,266.19,-86.19,65.33,0.0,682.3,298.3,325.0,3.0,1.25,1.49,35.73,0.0,day_charging
Lorestan,Khorramabad,33.4878,48.3558,Spring,5 May,18,12.28,258.44,449.7,36.5,132.1,77.72,258.44,-78.44,77.72,0.0,471.9,161.7,132.1,2.08,1.44,0.07,35.8,0.0,day_charging
Lorestan,Khorramabad,33.4878,48.3558,Spring,5 May,19,0.23,250.5,3.7,25.0,25.0,85.0,250.5,-70.5,85.0,0.0,16.2,23.7,25.0,0.07,1.44,-1.37,34.36,0.0,day_discharging
Lorestan,Khorramabad,33.4878,48.3558,Spring,5 May,20,-11.2,241.7,0.0,0.0,0.0,0.0,180.0,0.0,0.0,0.0,0.0,0.0,0.0,0.0,1.8,-1.8,32.47,0.0,night_discharging
Lorestan,Khorramabad,33.4878,48.3558,Spring,5 May,21,-21.64,231.35,0.0,0.0,0.0,0.0,180.0,0.0,0.0,0.0,0.0,0.0,0.0,0.0,1.8,-1.8,30.58,0.0,night_discharging
Lorestan,Khorramabad,33.4878,48.3558,Spring,5 May,22,-30.51,218.7,0.0,0.0,0.0,0.0,180.0,0.0,0.0,0.0,0.0,0.0,0.0,0.0,1.8,-1.8,28.69,0.0,night_discharging
Lorestan,Khorramabad,33.4878,48.3558,Spring,5 May,23,-36.97,203.2,0.0,0.0,0.0,0.0,180.0,0.0,0.0,0.0,0.0,0.0,0.0,0.0,1.8,-1.8,26.8,0.0,night_discharging
Lorestan,Khorramabad,33.4878,48.3558,Summer,6 Aug,0,-39.76,174.83,0.0,0.0,0.0,0.0,180.0,0.0,0.0,0.0,0.0,0.0,0.0,0.0,1.8,-1.8,21.38,0.0,night_discharging
Lorestan,Khorramabad,33.4878,48.3558,Summer,6 Aug,1,-38.85,166.6,0.0,0.0,0.0,0.0,180.0,0.0,0.0,0.0,0.0,0.0,0.0,0.0,1.8,-1.8,19.49,0.0,night_discharging
Lorestan,Khorramabad,33.4878,48.3558,Summer,6 Aug,2,-34.17,149.66,0.0,0.0,0.0,0.0,180.0,0.0,0.0,0.0,0.0,0.0,0.0,0.0,1.8,-1.8,17.6,0.0,night_discharging
Lorestan,Khorramabad,33.4878,48.3558,Summer,6 Aug,3,-26.54,135.51,0.0,0.0,0.0,0.0,180.0,0.0,0.0,0.0,0.0,0.0,0.0,0.0,1.8,-1.8,15.71,0.0,night_discharging
Lorestan,Khorramabad,33.4878,48.3558,Summer,6 Aug,4,-16.92,124.0,0.0,0.0,0.0,0.0,180.0,0.0,0.0,0.0,0.0,0.0,0.0,0.0,1.8,-1.8,13.82,0.0,night_discharging
Lorestan,Khorramabad,33.4878,48.3558,Summer,6 Aug,5,-6.0,114.45,0.0,0.0,0.0,0.0,180.0,0.0,0.0,0.0,0.0,0.0,0.0,0.0,1.44,-1.44,12.3,0.0,night_discharging
Lorestan,Khorramabad,33.4878,48.3558,Summer,6 Aug,6,5.73,106.13,215.9,27.6,49.2,84.27,106.13,73.87,84.27,0.0,231.1,76.0,49.2,1.02,1.44,-0.42,11.86,0.0,day_discharging
Lorestan,Khorramabad,33.4878,48.3558,Summer,6 Aug,7,17.95,98.38,561.9,45.8,218.9,72.05,98.38,81.62,72.05,0.0,591.8,229.7,218.9,2.6,1.25,1.35,13.14,0.0,day_charging
Lorestan,Khorramabad,33.4878,48.3558,Summer,6 Aug,8,30.41,90.51,685.9,66.7,413.8,59.59,90.51,89.49,59.59,0.0,736.1,355.3,413.8,3.24,1.25,1.99,15.03,0.0,day_charging
Lorestan,Khorramabad,33.4878,48.3558,Summer,6 Aug,9,42.88,81.55,743.3,85.7,591.5,47.12,81.55,98.45,47.12,0.0,815.3,459.4,591.5,3.59,1.25,2.34,17.25,0.0,day_charging
Lorestan,Khorramabad,33.4878,48.3558,Summer,6 Aug,10,55.0,69.66,773.3,101.0,734.4,35.0,69.66,110.34,35.0,0.0,865.2,540.1,734.4,3.81,1.25,2.56,19.68,0.0,day_charging
Lorestan,Khorramabad,33.4878,48.3558,Summer,6 Aug,11,65.88,50.26,788.9,111.4,831.4,24.12,50.26,129.74,24.12,0.0,895.5,594.0,831.4,3.94,1.25,2.69,22.24,0.0,day_charging
Lorestan,Khorramabad,33.4878,48.3558,Summer,6 Aug,12,72.7,13.47,795.0,116.1,875.2,17.3,13.47,166.53,17.3,0.0,908.5,618.2,875.2,4.0,1.25,2.75,24.85,0.0,day_charging
Lorestan,Khorramabad,33.4878,48.3558,Summer,6 Aug,13,70.49,327.29,793.3,114.7,862.5,19.51,327.29,-147.29,19.51,0.0,904.7,611.2,862.5,3.98,1.25,2.73,27.44,0.0,day_charging
Lorestan,Khorramabad,33.4878,48.3558,Summer,6 Aug,14,61.27,299.62,783.3,107.4,794.3,28.73,299.62,-119.62,28.73,0.0,884.1,573.4,794.3,3.89,1.25,2.64,29.95,0.0,day_charging
Lorestan,Khorramabad,33.4878,48.3558,Summer,6 Aug,15,49.65,284.46,762.1,94.7,675.6,40.35,284.46,-104.46,40.35,0.0,845.6,507.1,675.6,3.72,1.25,2.47,32.3,0.0,day_charging
Lorestan,Khorramabad,33.4878,48.3558,Summer,6 Aug,16,37.32,274.22,722.3,77.5,515.4,52.68,274.22,-94.22,52.68,0.0,784.6,415.5,515.4,3.45,1.25,2.2,34.39,0.0,day_charging
Lorestan,Khorramabad,33.4878,48.3558,Summer,6 Aug,17,24.82,265.9,643.1,57.4,327.3,65.18,265.9,-85.9,65.18,0.0,683.9,301.9,327.3,3.01,1.25,1.41,35.73,0.0,day_charging
Lorestan,Khorramabad,33.4878,48.3558,Summer,6 Aug,18,12.44,258.18,453.7,36.7,134.5,77.56,258.18,-78.18,77.56,0.0,476.0,165.2,134.5,2.09,1.44,0.07,35.8,0.0,day_charging
Lorestan,Khorramabad,33.4878,48.3558,Summer,6 Aug,19,0.41,250.25,5.2,25.0,25.0,85.0,250.25,-70.25,85.0,0.0,17.8,24.0,25.0,0.08,1.44,-1.36,34.37,0.0,day_discharging
Lorestan,Khorramabad,33.4878,48.3558,Summer,6 Aug,20,-11.01,241.47,0.0,0.0,0.0,0.0,180.0,0.0,0.0,0.0,0.0,0.0,0.0,0.0,1.8,-1.8,32.48,0.0,night_discharging
Lorestan,Khorramabad,33.4878,48.3558,Summer,6 Aug,21,-21.42,231.13,0.0,0.0,0.0,0.0,180.0,0.0,0.0,0.0,0.0,0.0,0.0,0.0,1.8,-1.8,30.59,0.0,night_discharging
Lorestan,Khorramabad,33.4878,48.3558,Summer,6 Aug,22,-30.25,218.51,0.0,0.0,0.0,0.0,180.0,0.0,0.0,0.0,0.0,0.0,0.0,0.0,1.8,-1.8,28.7,0.0,night_discharging
Lorestan,Khorramabad,33.4878,48.3558,Summer,6 Aug,23,-36.68,203.07,0.0,0.0,0.0,0.0,180.0,0.0,0.0,0.0,0.0,0.0,0.0,0.0,1.8,-1.8,26.81,0.0,night_discharging
Lorestan,Khorramabad,33.4878,48.3558,Autumn,6 Nov,0,-72.12,166.93,0.0,0.0,0.0,0.0,180.0,0.0,0.0,0.0,0.0,0.0,0.0,0.0,1.8,-1.8,21.38,0.0,night_discharging
Lorestan,Khorramabad,33.4878,48.3558,Autumn,6 Nov,1,-69.96,148.11,0.0,0.0,0.0,0.0,180.0,0.0,0.0,0.0,0.0,0.0,0.0,0.0,1.8,-1.8,19.49,0.0,night_discharging
Lorestan,Khorramabad,33.4878,48.3558,Autumn,6 Nov,2,-60.87,120.55,0.0,0.0,0.0,0.0,180.0,0.0,0.0,0.0,0.0,0.0,0.0,0.0,1.8,-1.8,17.6,0.0,night_discharging
Lorestan,Khorramabad,33.4878,48.3558,Autumn,6 Nov,3,-49.33,105.24,0.0,0.0,0.0,0.0,180.0,0.0,0.0,0.0,0.0,0.0,0.0,0.0,1.8,-1.8,15.71,0.0,night_discharging
Lorestan,Khorramabad,33.4878,48.3558,Autumn,6 Nov,4,-37.02,94.87,0.0,0.0,0.0,0.0,180.0,0.0,0.0,0.0,0.0,0.0,0.0,0.0,1.8,-1.8,13.82,0.0,night_discharging
Lorestan,Khorramabad,33.4878,48.3558,Autumn,6 Nov,5,-24.52,86.47,0.0,0.0,0.0,0.0,180.0,0.0,0.0,0.0,0.0,0.0,0.0,0.0,1.44,-1.44,12.3,0.0,night_discharging
Lorestan,Khorramabad,33.4878,48.3558,Autumn,6 Nov,6,-12.12,78.7,0.0,0.0,0.0,0.0,180.0,0.0,0.0,0.0,0.0,0.0,0.0,0.0,1.44,-1.44,10.78,0.0,night_discharging
Lorestan,Khorramabad,33.4878,48.3558,Autumn,6 Nov,7,-0.06,70.74,0.0,0.0,0.0,0.0,180.0,0.0,0.0,0.0,0.0,0.0,0.0,0.0,1.25,-1.25,9.46,0.0,night_discharging
Lorestan,Khorramabad,33.4878,48.3558,Autumn,6 Nov,8,11.39,61.94,426.1,35.1,119.3,78.61,61.94,118.06,78.61,0.0,447.1,32.3,119.3,1.97,1.25,0.72,10.14,0.0,day_charging
Lorestan,Khorramabad,33.4878,48.3558,Autumn,6 Nov,9,21.86,51.57,613.2,52.4,280.7,68.14,51.57,128.43,68.14,0.0,649.1,48.2,280.7,2.86,1.25,1.61,11.67,0.0,day_charging
Lorestan,Khorramabad,33.4878,48.3558,Autumn,6 Nov,10,30.76,38.89,688.1,67.2,419.1,59.24,38.89,141.11,59.24,0.0,738.9,106.3,419.1,3.25,1.25,2.0,13.57,0.0,day_charging
Lorestan,Khorramabad,33.4878,48.3558,Autumn,6 Nov,11,37.25,23.33,722.0,77.4,514.4,52.75,23.33,156.67,52.75,0.0,784.1,150.3,514.4,3.45,1.25,2.2,15.66,0.0,day_charging
Lorestan,Khorramabad,33.4878,48.3558,Autumn,6 Nov,12,40.35,5.23,734.5,82.1,557.6,49.65,5.23,174.77,49.65,0.0,802.1,170.7,557.6,3.53,1.25,2.28,17.83,0.0,day_charging
Lorestan,Khorramabad,33.4878,48.3558,Autumn,6 Nov,13,39.44,346.44,731.0,80.7,545.1,50.56,346.44,-166.44,50.56,0.0,797.0,164.8,545.1,3.51,1.25,2.26,19.98,0.0,day_charging
Lorestan,Khorramabad,33.4878,48.3558,Autumn,6 Nov,14,34.71,329.34,710.1,73.5,477.8,55.29,329.34,-149.34,55.29,0.0,767.8,133.2,477.8,3.38,1.25,2.13,22.0,0.0,day_charging
Lorestan,Khorramabad,33.4878,48.3558,Autumn,6 Nov,15,27.02,315.1,661.8,61.1,361.7,62.98,315.1,-135.1,62.98,0.0,706.2,80.8,361.7,3.11,1.25,1.86,23.77,0.0,day_charging
Lorestan,Khorramabad,33.4878,48.3558,Autumn,6 Nov,16,17.33,303.55,552.2,44.7,209.2,72.67,303.55,-123.55,72.67,0.0,581.3,41.1,209.2,2.56,1.25,1.31,25.01,0.0,day_charging
Lorestan,Khorramabad,33.4878,48.3558,Autumn,6 Nov,17,6.36,293.97,245.0,28.3,55.4,83.64,293.97,-113.97,83.64,0.0,260.7,26.0,55.4,1.15,1.25,-0.1,24.9,0.0,day_discharging
Lorestan,Khorramabad,33.4878,48.3558,Autumn,6 Nov,18,-5.4,285.63,0.0,0.0,0.0,0.0,180.0,0.0,0.0,0.0,0.0,0.0,0.0,0.0,1.44,-1.44,23.38,0.0,night_discharging
Lorestan,Khorramabad,33.4878,48.3558,Autumn,6 Nov,19,-17.64,277.84,0.0,0.0,0.0,0.0,180.0,0.0,0.0,0.0,0.0,0.0,0.0,0.0,1.44,-1.44,21.86,0.0,night_discharging
Lorestan,Khorramabad,33.4878,48.3558,Autumn,6 Nov,20,-30.11,269.91,0.0,0.0,0.0,0.0,180.0,0.0,0.0,0.0,0.0,0.0,0.0,0.0,1.8,-1.8,19.97,0.0,night_discharging
Lorestan,Khorramabad,33.4878,48.3558,Autumn,6 Nov,21,-42.57,260.85,0.0,0.0,0.0,0.0,180.0,0.0,0.0,0.0,0.0,0.0,0.0,0.0,1.8,-1.8,18.08,0.0,night_discharging
Lorestan,Khorramabad,33.4878,48.3558,Autumn,6 Nov,22,-54.65,248.82,0.0,0.0,0.0,0.0,180.0,0.0,0.0,0.0,0.0,0.0,0.0,0.0,1.8,-1.8,16.19,0.0,night_discharging
Lorestan,Khorramabad,33.4878,48.3558,Autumn,6 Nov,23,-65.43,229.3,0.0,0.0,0.0,0.0,180.0,0.0,0.0,0.0,0.0,0.0,0.0,0.0,1.8,-1.8,14.3,0.0,night_discharging
Lorestan,Khorramabad,33.4878,48.3558,Winter,4 Feb,0,-72.31,166.8,0.0,0.0,0.0,0.0,180.0,0.0,0.0,0.0,0.0,0.0,0.0,0.0,1.8,-1.8,21.38,0.0,night_discharging
Lorestan,Khorramabad,33.4878,48.3558,Winter,4 Feb,1,-70.13,147.84,0.0,0.0,0.0,0.0,180.0,0.0,0.0,0.0,0.0,0.0,0.0,0.0,1.8,-1.8,19.49,0.0,night_discharging
Lorestan,Khorramabad,33.4878,48.3558,Winter,4 Feb,2,-61.0,120.24,0.0,0.0,0.0,0.0,180.0,0.0,0.0,0.0,0.0,0.0,0.0,0.0,1.8,-1.8,17.6,0.0,night_discharging
Lorestan,Khorramabad,33.4878,48.3558,Winter,4 Feb,3,-49.44,104.98,0.0,0.0,0.0,0.0,180.0,0.0,0.0,0.0,0.0,0.0,0.0,0.0,1.8,-1.8,15.71,0.0,night_discharging
Lorestan,Khorramabad,33.4878,48.3558,Winter,4 Feb,4,-37.12,94.66,0.0,0.0,0.0,0.0,180.0,0.0,0.0,0.0,0.0,0.0,0.0,0.0,1.8,-1.8,13.82,0.0,night_discharging
Lorestan,Khorramabad,33.4878,48.3558,Winter,4 Feb,5,-24.62,86.28,0.0,0.0,0.0,0.0,180.0,0.0,0.0,0.0,0.0,0.0,0.0,0.0,1.44,-1.44,12.3,0.0,night_discharging
Lorestan,Khorramabad,33.4878,48.3558,Winter,4 Feb,6,-12.23,78.53,0.0,0.0,0.0,0.0,180.0,0.0,0.0,0.0,0.0,0.0,0.0,0.0,1.44,-1.44,10.78,0.0,night_discharging
Lorestan,Khorramabad,33.4878,48.3558,Winter,4 Feb,7,-0.18,70.58,0.0,0.0,0.0,0.0,180.0,0.0,0.0,0.0,0.0,0.0,0.0,0.0,1.25,-1.25,9.46,0.0,night_discharging
Lorestan,Khorramabad,33.4878,48.3558,Winter,4 Feb,8,11.26,61.78,422.5,34.9,117.4,78.74,61.78,118.22,78.74,0.0,443.4,32.1,117.4,1.95,1.25,0.7,10.12,0.0,day_charging
Lorestan,Khorramabad,33.4878,48.3558,Winter,4 Feb,9,21.71,51.43,611.5,52.1,278.4,68.29,51.43,128.57,68.29,0.0,647.3,47.9,278.4,2.85,1.25,1.6,11.64,0.0,day_charging
Lorestan,Khorramabad,33.4878,48.3558,Winter,4 Feb,10,30.59,38.77,687.0,67.0,416.6,59.41,38.77,141.23,59.41,0.0,737.5,103.6,416.6,3.25,1.25,2.0,13.54,0.0,day_charging
Lorestan,Khorramabad,33.4878,48.3558,Winter,4 Feb,11,37.06,23.24,721.2,77.2,511.8,52.94,23.24,156.76,52.94,0.0,783.0,147.4,511.8,3.45,1.25,2.2,15.63,0.0,day_charging
Lorestan,Khorramabad,33.4878,48.3558,Winter,4 Feb,12,40.16,5.21,733.7,81.8,554.9,49.84,5.21,174.79,49.84,0.0,801.0,167.8,554.9,3.52,1.25,2.27,17.79,0.0,day_charging
Lorestan,Khorramabad,33.4878,48.3558,Winter,4 Feb,13,39.24,346.5,730.2,80.4,542.4,50.76,346.5,-166.5,50.76,0.0,795.9,161.9,542.4,3.5,1.25,2.25,19.93,0.0,day_charging
Lorestan,Khorramabad,33.4878,48.3558,Winter,4 Feb,14,34.53,329.45,709.2,73.2,475.2,55.47,329.45,-149.45,55.47,0.0,766.6,130.4,475.2,3.37,1.25,2.12,21.94,0.0,day_charging
Lorestan,Khorramabad,33.4878,48.3558,Winter,4 Feb,15,26.86,315.24,660.5,60.8,359.3,63.14,315.24,-135.24,63.14,0.0,704.7,78.3,359.3,3.1,1.25,1.85,23.7,0.0,day_charging
Lorestan,Khorramabad,33.4878,48.3558,Winter,4 Feb,16,17.19,303.7,550.0,44.5,207.1,72.81,303.7,-123.7,72.81,0.0,578.8,40.9,207.1,2.55,1.25,1.3,24.93,0.0,day_charging
Lorestan,Khorramabad,33.4878,48.3558,Winter,4 Feb,17,6.24,294.13,239.5,28.1,54.2,83.76,294.13,-114.13,83.76,0.0,255.1,25.9,54.2,1.12,1.25,-0.13,24.79,0.0,day_discharging
Lorestan,Khorramabad,33.4878,48.3558,Winter,4 Feb,18,-5.51,285.8,0.0,0.0,0.0,0.0,180.0,0.0,0.0,0.0,0.0,0.0,0.0,0.0,1.44,-1.44,23.27,0.0,night_discharging
Lorestan,Khorramabad,33.4878,48.3558,Winter,4 Feb,19,-17.74,278.02,0.0,0.0,0.0,0.0,180.0,0.0,0.0,0.0,0.0,0.0,0.0,0.0,1.44,-1.44,21.75,0.0,night_discharging
Lorestan,Khorramabad,33.4878,48.3558,Winter,4 Feb,20,-30.21,270.11,0.0,0.0,0.0,0.0,180.0,0.0,0.0,0.0,0.0,0.0,0.0,0.0,1.8,-1.8,19.86,0.0,night_discharging
Lorestan,Khorramabad,33.4878,48.3558,Winter,4 Feb,21,-42.68,261.09,0.0,0.0,0.0,0.0,180.0,0.0,0.0,0.0,0.0,0.0,0.0,0.0,1.8,-1.8,17.97,0.0,night_discharging
Lorestan,Khorramabad,33.4878,48.3558,Winter,4 Feb,22,-54.76,249.1,0.0,0.0,0.0,0.0,180.0,0.0,0.0,0.0,0.0,0.0,0.0,0.0,1.8,-1.8,16.08,0.0,night_discharging
Lorestan,Khorramabad,33.4878,48.3558,Winter,4 Feb,23,-65.58,229.62,0.0,0.0,0.0,0.0,180.0,0.0,0.0,0.0,0.0,0.0,0.0,0.0,1.8,-1.8,14.19,0.0,night_discharging
